Local Authority,FR,DFL,TP,DLG,OS(W),OS(NPW),OS(P),OS(NPP),SIMS,OC1,OC2,Total,date
Total,9355,20459,15849,403972,182874,2649,41269,88,25126,800274,188322,1690237,2017-06-30
ALL COUNTIES,0,0,0,0,0,0,0,0,0,4,44,48,2017-06-30
ADUR,7,11,6,441,213,1,18,0,15,704,160,1576,2017-06-30
ALLERDALE,48,12,41,638,270,3,80,0,82,1275,284,2733,2017-06-30
AMBER VALLEY,51,12,38,752,384,0,70,0,65,1353,304,3029,2017-06-30
ARUN,16,47,55,1267,626,5,153,4,55,2538,687,5453,2017-06-30
ASHFIELD,28,16,48,819,387,5,65,0,34,1159,244,2805,2017-06-30
ASHFORD,6,26,51,902,468,15,84,2,53,2116,475,4198,2017-06-30
AYLESBURY VALE,33,43,95,1338,605,5,198,0,108,3050,757,6232,2017-06-30
BABERGH,33,9,30,549,312,1,65,1,56,1171,297,2524,2017-06-30
BARKING AND DAGENHAM,6,61,35,1185,542,6,98,0,27,2376,572,4908,2017-06-30
BARNET,5,381,30,2376,1101,10,411,2,135,7591,1863,13905,2017-06-30
BARNSLEY,42,55,95,1413,666,3,166,0,86,2178,520,5224,2017-06-30
BARROW-IN-FURNESS,15,3,14,454,246,3,14,0,28,808,118,1703,2017-06-30
BASILDON,26,37,45,4849,657,3,52,0,55,2291,633,8648,2017-06-30
BASINGSTOKE AND DEANE,19,32,39,1162,549,4,146,0,70,2234,644,4899,2017-06-30
BASSETLAW,33,22,40,810,365,5,68,0,59,1198,275,2875,2017-06-30
BATH AND NORTH EAST SOMERSET,61,74,85,1243,519,10,155,0,107,2674,570,5498,2017-06-30
BEDFORD,14,66,113,1134,606,3,353,0,89,2397,676,5451,2017-06-30
BEXLEY,6,106,15,1683,794,3,91,1,37,3280,663,6679,2017-06-30
BIRMINGHAM,95,230,148,5740,2688,23,310,0,389,13018,2630,25271,2017-06-30
BLABY,22,13,51,717,320,4,110,0,36,1020,246,2539,2017-06-30
BLACKBURN WITH DARWEN,23,14,21,735,349,5,44,0,95,1653,331,3270,2017-06-30
BLACKPOOL,27,22,6,870,408,3,25,0,68,1643,286,3358,2017-06-30
BLAENAU GWENT,28,5,7,375,139,3,16,0,24,566,139,1302,2017-06-30
BOLSOVER,9,11,26,481,194,3,63,0,31,886,211,1915,2017-06-30
BOLTON,32,34,54,1764,753,3,95,0,186,3917,866,7704,2017-06-30
BOSTON,26,11,21,377,194,0,46,0,35,697,128,1535,2017-06-30
BOURNEMOUTH,22,207,15,1459,678,6,71,0,53,3183,950,6644,2017-06-30
BRACKNELL FOREST,2,32,16,925,435,4,59,0,55,1894,415,3837,2017-06-30
BRADFORD,83,95,115,2815,1254,13,161,0,137,5291,1011,10975,2017-06-30
BRAINTREE,40,28,49,1113,561,4,87,1,78,2062,1119,5142,2017-06-30
BRECKLAND,42,18,50,903,418,0,120,0,95,2724,491,4861,2017-06-30
BRENT,2,239,16,1727,839,7,187,0,90,5499,1092,9698,2017-06-30
BRENTWOOD,5,20,16,623,319,4,27,0,29,1229,270,2542,2017-06-30
BRIDGEND,21,19,57,1012,421,10,93,0,41,1469,281,3424,2017-06-30
BRIGHTON AND HOVE,17,249,18,2284,1036,10,84,0,74,4479,1155,9406,2017-06-30
BROADLAND,45,15,30,797,403,0,111,0,90,1355,366,3212,2017-06-30
BROMLEY,12,219,20,2562,1252,3,108,1,56,4818,1146,10197,2017-06-30
BROMSGROVE,14,29,53,690,358,5,108,0,49,1257,246,2809,2017-06-30
BROXBOURNE,12,36,7,701,335,2,60,0,21,1238,341,2753,2017-06-30
BROXTOWE,25,11,17,790,327,2,36,0,34,979,226,2447,2017-06-30
BURNLEY,15,13,10,692,380,0,38,0,69,1554,261,3032,2017-06-30
BURY,18,42,22,1203,587,6,45,0,118,2531,572,5144,2017-06-30
CAERPHILLY,52,14,31,1276,544,8,35,0,59,1560,360,3939,2017-06-30
CALDERDALE,51,39,39,1559,628,9,77,0,69,2450,474,5395,2017-06-30
CAMBRIDGE,14,82,30,746,353,3,150,0,70,1675,498,3621,2017-06-30
CAMDEN,7,337,11,1723,701,87,280,0,174,6944,1758,12022,2017-06-30
CANNOCK CHASE,18,14,42,636,279,2,144,0,40,1041,269,2485,2017-06-30
CANTERBURY,10,37,41,1044,524,6,63,0,76,2122,494,4417,2017-06-30
CARADON,0,0,0,0,0,0,0,0,1,0,0,1,2017-06-30
CARDIFF,42,58,43,2303,1091,35,126,0,110,4313,934,9055,2017-06-30
CARLISLE,34,29,44,700,359,1,106,0,63,1278,273,2887,2017-06-30
CARMARTHENSHIRE,100,33,73,1251,556,4,135,0,89,2290,415,4946,2017-06-30
CASTLE POINT,29,7,10,599,295,3,22,0,46,913,151,2075,2017-06-30
CENTRAL BEDFORDSHIRE,34,66,130,2068,1022,4,348,3,118,3574,917,8284,2017-06-30
CEREDIGION,53,10,31,476,227,1,39,0,42,895,138,1912,2017-06-30
CHARNWOOD,29,32,86,1144,473,1,160,0,53,1924,400,4302,2017-06-30
CHELMSFORD,26,66,41,1336,563,6,162,1,66,2278,528,5073,2017-06-30
CHELTENHAM,24,44,37,870,452,3,113,0,44,1469,449,3505,2017-06-30
CHERWELL,36,76,71,1182,556,0,277,0,54,2275,474,5001,2017-06-30
CHESHIRE EAST,63,114,139,5981,1243,7,391,1,190,5292,1201,14622,2017-06-30
CHESHIRE WEST AND CHESTER,65,121,109,2427,1116,6,391,0,177,4494,1150,10056,2017-06-30
CHESTER,0,0,0,0,0,0,0,0,1,0,0,1,2017-06-30
CHESTERFIELD,21,23,34,695,274,7,26,0,37,1309,227,2653,2017-06-30
CHICHESTER,35,44,45,900,370,4,123,1,95,1824,441,3882,2017-06-30
CHILTERN,20,23,25,656,308,3,65,0,71,1780,403,3354,2017-06-30
CHORLEY,32,47,38,740,385,2,88,0,66,1366,378,3142,2017-06-30
CHRISTCHURCH,4,29,14,336,164,2,25,0,10,719,209,1512,2017-06-30
CITY OF BRISTOL,35,206,58,3382,1522,14,281,0,162,6531,1689,13880,2017-06-30
CITY OF DERBY,12,63,42,1353,706,1,137,0,68,2329,551,5262,2017-06-30
CITY OF KINGSTON UPON HULL,24,25,65,1552,679,12,140,0,85,2331,483,5396,2017-06-30
CITY OF LONDON,1,61,37,413,114,24,94,0,119,2451,754,4068,2017-06-30
CITY OF NOTTINGHAM,13,55,85,1865,774,28,138,1,71,3543,723,7296,2017-06-30
CITY OF PETERBOROUGH,19,76,68,1594,634,4,241,0,98,2262,594,5590,2017-06-30
CITY OF PLYMOUTH,30,98,50,1819,920,4,175,1,77,2810,670,6654,2017-06-30
CITY OF WESTMINSTER,3,621,26,2958,957,115,346,0,371,14578,4313,24288,2017-06-30
COLCHESTER,40,42,73,1287,641,6,245,2,110,2659,663,5768,2017-06-30
CONWY,55,47,21,785,457,22,73,0,72,1418,346,3296,2017-06-30
COPELAND,12,4,42,431,206,2,38,0,51,634,162,1582,2017-06-30
CORBY,7,29,39,564,246,0,123,0,27,912,254,2201,2017-06-30
CORNWALL,217,223,385,4219,1768,16,610,0,440,8404,1922,18204,2017-06-30
COTSWOLD,31,24,75,708,309,6,199,0,55,1639,459,3505,2017-06-30
COUNTY DURHAM,92,63,182,3214,1545,11,320,0,180,5772,1165,12544,2017-06-30
COVENTRY,29,92,67,1949,898,7,167,0,56,3810,702,7777,2017-06-30
CRAVEN,21,7,20,377,165,2,64,0,37,768,188,1649,2017-06-30
CRAWLEY,5,19,19,691,334,3,62,0,33,1265,304,2735,2017-06-30
CREWE AND NANTWICH,0,0,0,0,0,0,0,0,1,0,0,1,2017-06-30
CROYDON,7,290,30,3219,1283,21,203,0,97,6369,1318,12837,2017-06-30
DACORUM,19,81,54,1041,532,1,125,1,46,2000,481,4381,2017-06-30
DARLINGTON,12,19,40,656,294,1,59,0,24,1037,206,2348,2017-06-30
DARTFORD,4,55,65,866,465,1,312,0,28,1720,445,3961,2017-06-30
DAVENTRY,20,31,90,648,255,1,173,0,28,1105,296,2647,2017-06-30
DENBIGHSHIRE,42,6,15,588,554,2,41,0,64,1146,217,2675,2017-06-30
DERBY,0,0,0,0,0,0,0,0,1,0,0,1,2017-06-30
DERBYSHIRE DALES,53,5,43,438,203,3,44,0,72,988,240,2089,2017-06-30
DONCASTER,51,38,98,1765,798,9,243,0,108,2847,641,6598,2017-06-30
DOVER,14,24,56,783,376,2,78,0,46,1487,331,3197,2017-06-30
DUDLEY,29,41,70,1742,796,5,105,1,108,3254,629,6780,2017-06-30
DURHAM,0,0,0,0,0,0,0,0,1,0,0,1,2017-06-30
EALING,2,209,13,2112,973,5,144,0,95,5719,1387,10659,2017-06-30
EAST CAMBRIDGESHIRE,32,7,32,661,323,0,64,0,55,1003,247,2424,2017-06-30
EAST DEVON,26,48,89,1086,526,13,210,0,76,1949,521,4544,2017-06-30
EAST DORSET,11,12,17,616,272,4,30,0,35,1039,288,2324,2017-06-30
EAST HAMPSHIRE,27,49,43,801,374,2,140,1,78,1798,438,3751,2017-06-30
EAST HERTFORDSHIRE,17,71,64,1079,530,2,97,0,58,2356,602,4876,2017-06-30
EAST LINDSEY,76,32,45,886,429,3,71,0,84,1564,307,3497,2017-06-30
EAST NORTHAMPTONSHIRE,21,41,62,821,357,3,105,0,57,1159,261,2887,2017-06-30
EAST RIDING OF YORKSHIRE,82,33,99,2329,1056,10,215,0,188,3921,925,8858,2017-06-30
EAST STAFFORDSHIRE,44,18,30,693,349,4,96,0,44,1153,334,2765,2017-06-30
EASTBOURNE,0,53,8,983,410,11,44,0,13,1665,524,3711,2017-06-30
EASTLEIGH,15,29,51,827,421,9,193,0,57,1590,424,3616,2017-06-30
EDEN,24,18,36,366,177,1,41,0,51,808,149,1671,2017-06-30
ELMBRIDGE,2,36,29,1454,560,2,57,0,47,3031,518,5736,2017-06-30
ENFIELD,8,135,27,2102,1002,5,109,0,68,5680,1137,10273,2017-06-30
EPPING FOREST,18,42,31,964,493,5,67,0,58,2385,505,4568,2017-06-30
EPSOM AND EWELL,5,22,14,541,277,1,40,0,6,1104,243,2253,2017-06-30
EREWASH,20,2,17,733,348,3,16,0,34,1117,232,2522,2017-06-30
EXETER,19,76,62,857,415,8,118,0,46,1723,474,3798,2017-06-30
FAREHAM,16,20,24,891,388,3,72,2,46,1331,340,3133,2017-06-30
FENLAND,31,14,42,739,370,2,101,0,53,1100,230,2682,2017-06-30
FLINTSHIRE,55,31,59,900,757,13,79,0,74,1686,386,4040,2017-06-30
FOREST HEATH,17,7,37,486,215,0,79,0,32,968,390,2231,2017-06-30
FOREST OF DEAN,26,8,41,574,244,4,60,0,47,983,212,2199,2017-06-30
FYLDE,8,41,23,572,275,7,81,0,62,1533,287,2889,2017-06-30
GATESHEAD,23,41,46,1201,588,5,76,0,59,2210,495,4744,2017-06-30
GEDLING,28,8,17,832,344,0,25,0,43,1287,301,2885,2017-06-30
GLOUCESTER,9,35,21,979,454,4,79,0,51,1464,414,3510,2017-06-30
GOSPORT,11,20,13,605,304,1,33,1,17,957,204,2166,2017-06-30
GRAVESHAM,2,22,7,712,292,3,31,0,23,1334,285,2711,2017-06-30
GREAT YARMOUTH,23,22,22,630,296,1,37,0,44,1163,235,2473,2017-06-30
GREENWICH,1,223,15,1980,915,10,348,0,54,4378,1172,9096,2017-06-30
GUILDFORD,19,66,26,1094,485,8,50,0,49,2845,522,5164,2017-06-30
GWYNEDD,73,25,36,781,328,3,54,0,65,1608,289,3262,2017-06-30
HACKNEY,3,200,7,1567,748,18,120,0,99,4794,1348,8904,2017-06-30
HALTON,15,36,36,888,348,3,162,0,30,1289,273,3080,2017-06-30
HAMBLETON,31,13,43,630,260,5,97,0,52,1061,259,2451,2017-06-30
HAMMERSMITH AND FULHAM,2,304,12,1425,574,29,220,0,86,4710,1029,8391,2017-06-30
HARBOROUGH,27,15,59,824,285,1,74,0,58,1306,333,2982,2017-06-30
HARINGEY,3,164,8,1678,747,20,101,2,90,5028,1193,9034,2017-06-30
HARLOW,4,18,16,546,300,2,44,0,11,940,279,2160,2017-06-30
HARROGATE,56,36,46,1122,592,2,107,0,116,2308,534,4919,2017-06-30
HARROW,3,130,21,1637,675,2,117,0,78,3579,759,7001,2017-06-30
HART,19,31,38,578,290,1,103,0,44,1453,362,2919,2017-06-30
HARTLEPOOL,3,19,15,533,247,6,54,0,21,935,216,2049,2017-06-30
HASTINGS,6,32,10,1038,367,3,27,0,23,1521,437,3464,2017-06-30
HAVANT,20,36,29,860,377,6,72,6,38,1339,349,3132,2017-06-30
HAVERING,17,78,28,1713,856,1,67,0,36,3258,704,6758,2017-06-30
HEREFORDSHIRE,76,31,77,1137,538,2,76,0,122,2223,561,4843,2017-06-30
HERTSMERE,4,47,9,727,344,0,80,1,32,1694,327,3265,2017-06-30
HIGH PEAK,47,12,16,612,304,0,71,0,71,1094,249,2476,2017-06-30
HILLINGDON,2,112,34,1818,825,10,156,1,130,4244,904,8236,2017-06-30
HINCKLEY AND BOSWORTH,33,10,37,929,407,33,56,0,58,1314,298,3175,2017-06-30
HORSHAM,15,56,56,991,494,3,129,4,61,2095,530,4434,2017-06-30
HOUNSLOW,6,183,6,1642,774,92,111,0,84,4157,1033,8088,2017-06-30
HUNTINGDONSHIRE,28,40,54,1284,638,3,169,1,71,2192,566,5046,2017-06-30
HYNDBURN,30,9,2,482,239,4,15,0,72,1016,193,2062,2017-06-30
IPSWICH,15,24,18,863,456,16,29,0,35,1725,434,3615,2017-06-30
ISLE OF ANGLESEY,46,7,25,391,226,0,21,0,47,1131,194,2088,2017-06-30
ISLE OF WIGHT,32,32,46,971,520,43,93,0,84,2097,591,4509,2017-06-30
ISLES OF SCILLY,0,6,1,13,5,0,2,0,0,26,5,58,2017-06-30
ISLINGTON,0,152,9,1397,640,57,181,0,105,4837,1098,8476,2017-06-30
KENSINGTON AND CHELSEA,1,182,7,1674,659,18,119,0,140,8117,1949,12866,2017-06-30
KERRIER,0,0,0,0,0,0,0,0,0,1,0,1,2017-06-30
KETTERING,17,34,100,802,378,2,103,0,37,1290,296,3059,2017-06-30
KING'S LYNN AND WEST NORFOLK,62,22,55,1068,462,3,77,3,133,1996,525,4406,2017-06-30
KINGSTON UPON THAMES,5,62,19,1330,533,10,50,0,43,3090,601,5743,2017-06-30
KIRKLEES,50,125,130,2578,1177,10,188,0,87,4743,976,10064,2017-06-30
KNOWSLEY,15,54,48,744,303,4,122,0,56,1467,302,3115,2017-06-30
LAMBETH,8,293,18,2578,1143,11,262,0,141,6973,2038,13465,2017-06-30
LANCASTER,75,40,36,921,469,3,88,0,89,1794,299,3814,2017-06-30
LEEDS,94,179,146,5271,2288,30,601,0,268,8564,1927,19368,2017-06-30
LEICESTER,12,101,77,2403,718,5,118,0,106,2976,525,7041,2017-06-30
LEWES,18,31,57,663,407,3,42,2,43,1527,357,3150,2017-06-30
LEWISHAM,0,254,14,2372,1065,7,407,0,76,5055,1219,10469,2017-06-30
LICHFIELD,21,24,39,713,315,1,98,0,43,1469,351,3074,2017-06-30
LINCOLN,8,12,15,657,286,3,29,0,60,930,207,2207,2017-06-30
LIVERPOOL,59,378,96,2693,1256,15,622,0,242,6974,1286,13621,2017-06-30
LUTON,18,134,7,1381,614,21,62,2,43,2203,458,4943,2017-06-30
MAIDSTONE,6,42,74,1217,601,3,142,0,67,2649,629,5430,2017-06-30
MALDON,19,10,31,476,207,0,41,0,29,1021,182,2016,2017-06-30
MALVERN HILLS,35,33,31,558,207,1,69,0,60,963,241,2198,2017-06-30
MANCHESTER,38,198,66,3281,1724,136,378,0,223,8664,2242,16950,2017-06-30
MANSFIELD,18,12,18,831,302,7,58,0,36,1012,217,2511,2017-06-30
MEDWAY,10,71,48,2160,971,6,155,0,65,3256,798,7540,2017-06-30
MELTON,20,10,20,395,171,4,45,0,28,656,185,1534,2017-06-30
MENDIP,52,18,64,776,379,1,143,0,57,1399,336,3225,2017-06-30
MERTHYR TYDFIL,16,5,11,402,168,2,25,0,29,702,98,1458,2017-06-30
MERTON,8,88,13,1595,712,6,86,0,48,3681,835,7072,2017-06-30
MID DEVON,26,8,61,609,241,11,105,0,37,1131,225,2454,2017-06-30
MID SUFFOLK,33,10,39,663,329,78,57,0,62,1419,430,3120,2017-06-30
MID SUSSEX,11,74,89,1175,503,21,107,7,54,2208,625,4874,2017-06-30
MIDDLESBROUGH,26,19,36,962,378,29,86,0,59,1247,288,3130,2017-06-30
MILTON KEYNES,27,87,123,2642,929,9,309,1,101,3271,1095,8594,2017-06-30
MOLE VALLEY,5,21,19,901,320,3,23,0,43,1529,340,3204,2017-06-30
MONMOUTHSHIRE,63,8,35,640,296,0,61,0,47,1276,286,2712,2017-06-30
NEATH PORT TALBOT,31,10,33,923,352,9,28,0,62,1283,239,2970,2017-06-30
NEW FOREST,22,55,27,1158,584,1,83,0,70,2332,549,4881,2017-06-30
NEWARK AND SHERWOOD,30,19,62,790,362,5,89,0,69,1411,363,3200,2017-06-30
NEWCASTLE UPON TYNE,35,151,68,1448,743,8,180,0,101,3523,897,7154,2017-06-30
NEWCASTLE-UNDER-LYME,16,11,19,810,371,3,74,0,44,1255,232,2835,2017-06-30
NEWHAM,9,476,22,1894,971,6,591,0,89,4562,916,9536,2017-06-30
NEWPORT,24,24,85,1126,450,11,221,0,62,1951,390,4344,2017-06-30
NORTH DEVON,31,26,78,706,308,0,116,0,67,1294,262,2888,2017-06-30
NORTH DORSET,16,13,19,471,220,0,37,0,29,963,256,2024,2017-06-30
NORTH EAST DERBYSHIRE,32,8,36,611,241,4,50,0,62,1079,301,2424,2017-06-30
NORTH EAST LINCOLNSHIRE,21,10,31,1145,533,7,27,0,39,1465,304,3582,2017-06-30
NORTH HERTFORDSHIRE,23,36,34,851,459,17,122,0,33,1518,417,3510,2017-06-30
NORTH KESTEVEN,32,18,44,828,374,3,114,0,60,1284,331,3088,2017-06-30
NORTH LINCOLNSHIRE,32,20,24,1059,448,4,45,0,60,1670,375,3737,2017-06-30
NORTH NORFOLK,72,15,34,681,332,4,54,2,111,1673,419,3397,2017-06-30
NORTH SOMERSET,30,88,41,1489,696,3,180,0,82,2736,692,6037,2017-06-30
NORTH TYNESIDE,30,69,64,1354,654,4,153,0,62,2168,556,5114,2017-06-30
NORTH WARWICKSHIRE,14,17,35,462,205,2,30,0,32,1219,179,2195,2017-06-30
NORTH WEST LEICESTERSHIRE,21,21,112,869,355,16,151,0,62,1300,290,3197,2017-06-30
NORTHAMPTON,20,65,60,1770,834,3,104,0,72,2376,637,5941,2017-06-30
NORTHUMBERLAND,86,109,217,2092,948,8,277,0,164,3706,852,8459,2017-06-30
NORWICH,14,45,11,876,435,5,52,0,40,1497,344,3319,2017-06-30
NUNEATON AND BEDWORTH,18,23,28,836,410,1,107,0,32,1259,361,3075,2017-06-30
OADBY AND WIGSTON,4,5,8,348,154,0,11,0,9,465,94,1098,2017-06-30
OLDHAM,25,34,25,1217,636,3,69,0,87,2949,642,5687,2017-06-30
OXFORD,8,37,18,730,381,1,38,0,74,1779,361,3427,2017-06-30
PEMBROKESHIRE,76,16,36,762,266,6,87,0,77,1416,350,3092,2017-06-30
PENDLE,26,9,17,511,299,2,24,0,49,1050,213,2200,2017-06-30
POOLE,10,89,28,1160,542,3,87,1,42,2170,522,4654,2017-06-30
PORTSMOUTH,17,61,11,1481,660,5,60,0,64,2657,558,5574,2017-06-30
POWYS,113,8,48,880,408,3,51,0,116,1723,364,3714,2017-06-30
PRESTON,13,70,16,702,355,4,148,0,50,1640,299,3297,2017-06-30
PURBECK,14,17,5,335,142,0,24,0,30,725,175,1467,2017-06-30
READING,10,86,27,1161,629,5,90,0,61,2449,512,5030,2017-06-30
REDBRIDGE,14,117,13,1722,908,2,73,0,34,4206,808,7897,2017-06-30
REDCAR AND CLEVELAND,19,20,60,722,359,6,102,0,54,1488,301,3131,2017-06-30
REDDITCH,13,8,11,599,316,0,19,0,17,1048,249,2280,2017-06-30
REIGATE AND BANSTEAD,3,51,19,1199,535,6,81,0,50,2180,633,4757,2017-06-30
RHONDDA CYNON TAFF,80,6,50,1446,658,15,72,0,97,2886,443,5753,2017-06-30
RIBBLE VALLEY,17,24,23,387,189,0,88,0,54,862,202,1846,2017-06-30
RICHMOND UPON THAMES,2,125,32,1818,658,5,61,0,45,3839,878,7463,2017-06-30
RICHMONDSHIRE,20,7,30,323,129,0,54,0,29,637,167,1396,2017-06-30
ROCHDALE,24,36,38,1211,524,10,101,0,68,2684,525,5221,2017-06-30
ROCHFORD,25,6,18,557,274,2,50,0,46,904,193,2075,2017-06-30
ROSSENDALE,13,10,22,448,213,2,33,0,27,848,207,1823,2017-06-30
ROTHER,7,21,25,1075,412,4,81,0,60,1786,377,3848,2017-06-30
ROTHERHAM,35,28,53,1457,651,6,127,0,82,2510,607,5556,2017-06-30
RUGBY,22,15,47,754,376,11,84,0,42,1235,303,2889,2017-06-30
RUNNYMEDE,1,19,21,668,270,23,52,0,54,1373,347,2828,2017-06-30
RUSHCLIFFE,17,15,48,896,431,4,140,0,50,1329,332,3262,2017-06-30
RUSHMOOR,11,53,24,813,307,2,42,0,39,1353,322,2966,2017-06-30
RUTLAND,10,6,27,250,137,1,39,0,28,491,119,1108,2017-06-30
RYEDALE,28,11,23,390,166,0,34,0,42,592,120,1406,2017-06-30
SALFORD,24,137,33,2040,1009,13,277,0,132,4161,1021,8847,2017-06-30
SANDWELL,18,42,92,1590,802,4,116,1,71,2938,714,6388,2017-06-30
SCARBOROUGH,55,87,43,768,380,4,95,0,62,1461,309,3264,2017-06-30
SEDGEMOOR,52,31,39,860,384,3,99,0,69,1332,296,3165,2017-06-30
SEFTON,37,41,47,1702,788,5,100,0,115,3288,735,6858,2017-06-30
SELBY,23,6,51,696,330,1,127,0,67,1099,273,2673,2017-06-30
SEVENOAKS,4,51,36,853,379,2,46,0,31,1827,413,3642,2017-06-30
SHEFFIELD,92,135,112,3275,1477,8,267,0,277,6363,1739,13745,2017-06-30
SHEPWAY,7,44,24,820,394,4,74,0,33,1719,439,3558,2017-06-30
SHROPSHIRE,137,53,184,2035,889,7,317,0,192,3955,896,8665,2017-06-30
SLOUGH,4,71,25,893,432,10,73,0,49,2067,572,4196,2017-06-30
SOLIHULL,31,74,41,1573,677,9,88,0,69,2700,572,5834,2017-06-30
SOUTH BUCKS,7,29,32,496,273,4,38,0,55,1316,295,2545,2017-06-30
SOUTH CAMBRIDGESHIRE,33,37,71,1105,508,3,146,0,82,2346,585,4916,2017-06-30
SOUTH DERBYSHIRE,13,46,99,705,344,2,141,0,43,1064,276,2733,2017-06-30
SOUTH GLOUCESTERSHIRE,62,75,88,1950,922,5,294,0,122,3252,788,7558,2017-06-30
SOUTH HAMS,25,38,74,864,367,5,123,0,69,1718,449,3732,2017-06-30
SOUTH HOLLAND,33,13,46,570,267,4,45,0,68,946,235,2227,2017-06-30
SOUTH KESTEVEN,40,18,71,983,484,3,91,0,77,1653,366,3786,2017-06-30
SOUTH LAKELAND,47,24,58,844,362,5,58,0,85,1640,372,3495,2017-06-30
SOUTH NORFOLK,49,21,110,922,446,3,201,4,91,1727,555,4129,2017-06-30
SOUTH NORTHAMPTONSHIRE,24,24,47,713,334,2,151,0,69,1285,277,2926,2017-06-30
SOUTH OXFORDSHIRE,21,35,49,963,481,24,82,0,67,2349,522,4593,2017-06-30
SOUTH RIBBLE,38,29,9,688,372,2,41,0,49,1211,297,2736,2017-06-30
SOUTH SOMERSET,63,29,44,1085,521,6,143,0,133,2012,522,4558,2017-06-30
SOUTH STAFFORDSHIRE,32,9,28,617,292,2,42,0,56,1391,264,2733,2017-06-30
SOUTH TYNESIDE,9,40,46,723,386,10,96,0,28,1355,290,2983,2017-06-30
SOUTHAMPTON,22,85,37,1422,792,33,84,0,76,2886,678,6115,2017-06-30
SOUTHEND-ON-SEA,22,87,19,1477,767,11,90,0,39,2807,653,5972,2017-06-30
SOUTHWARK,6,325,20,2253,880,17,496,0,148,6539,2119,12803,2017-06-30
SPELTHORNE,0,40,20,768,339,2,35,1,22,1557,369,3153,2017-06-30
ST ALBANS,19,47,27,1049,512,2,65,0,42,2100,432,4295,2017-06-30
ST EDMUNDSBURY,19,11,17,665,345,0,71,3,62,2543,379,4115,2017-06-30
ST HELENS,22,76,37,1240,447,5,91,0,146,1955,508,4527,2017-06-30
STAFFORD,48,19,50,815,430,3,119,0,83,1592,342,3501,2017-06-30
STAFFORDSHIRE MOORLANDS,44,10,31,587,259,2,43,0,64,991,211,2242,2017-06-30
STEVENAGE,1,45,15,618,260,1,29,0,34,946,262,2211,2017-06-30
STOCKPORT,54,73,39,1947,918,5,137,0,132,4239,978,8522,2017-06-30
STOCKTON-ON-TEES,12,20,90,1211,575,11,158,0,64,2067,474,4682,2017-06-30
STOKE-ON-TRENT,33,25,47,1597,762,10,99,0,65,2662,521,5821,2017-06-30
STRATFORD-ON-AVON,27,30,119,919,442,3,259,0,138,2157,617,4711,2017-06-30
STROUD,38,22,56,857,404,1,65,0,70,1417,443,3373,2017-06-30
SUFFOLK COASTAL,52,14,62,804,358,56,84,1,95,2321,464,4311,2017-06-30
SUNDERLAND,20,61,115,1559,675,6,166,0,67,2254,539,5462,2017-06-30
SURREY HEATH,3,16,22,625,312,3,65,0,27,1362,306,2741,2017-06-30
SUTTON,5,97,14,1391,760,9,111,1,30,2757,700,5875,2017-06-30
SWALE,8,47,64,1293,505,7,89,0,54,2022,506,4595,2017-06-30
SWANSEA,54,25,72,1543,736,4,123,0,138,2671,525,5891,2017-06-30
SWINDON,26,79,68,1705,853,2,215,0,66,2509,702,6225,2017-06-30
TAMESIDE,23,48,43,1255,661,4,88,1,53,2552,591,5319,2017-06-30
TAMWORTH,9,14,22,504,245,4,29,0,24,838,184,1873,2017-06-30
TANDRIDGE,1,53,24,653,304,3,55,0,32,1494,312,2931,2017-06-30
TAUNTON DEANE,24,47,82,857,359,6,192,0,62,1402,394,3425,2017-06-30
TEIGNBRIDGE,16,26,84,1003,446,3,135,0,43,1802,355,3913,2017-06-30
TENDRING,54,25,59,1016,472,3,70,1,105,1960,424,4189,2017-06-30
TEST VALLEY,20,55,41,852,378,1,159,0,93,1747,465,3811,2017-06-30
TEWKESBURY,18,38,43,713,297,9,150,0,57,1243,408,2976,2017-06-30
THANET,5,60,33,1108,554,8,88,0,32,2051,576,4515,2017-06-30
THE VALE OF GLAMORGAN,37,32,96,832,422,7,134,0,23,1535,315,3433,2017-06-30
THREE RIVERS,6,14,7,505,308,2,25,0,54,1522,298,2741,2017-06-30
THURROCK,24,49,51,1224,610,1,224,0,69,2332,528,5112,2017-06-30
TONBRIDGE AND MALLING,6,52,91,983,462,1,154,5,57,1868,543,4222,2017-06-30
TORBAY,14,53,33,985,519,3,64,1,37,1897,411,4017,2017-06-30
TORFAEN,26,11,24,545,193,2,51,0,29,749,166,1796,2017-06-30
TORRIDGE,20,14,53,572,265,6,56,0,62,912,241,2201,2017-06-30
TOWER HAMLETS,4,384,14,2059,956,17,413,0,127,6850,1942,12766,2017-06-30
TRAFFORD,42,60,32,1535,861,59,126,0,101,3277,807,6900,2017-06-30
TUNBRIDGE WELLS,9,47,24,839,469,3,74,2,56,2274,461,4258,2017-06-30
UTTLESFORD,18,20,65,645,303,1,124,0,112,1674,429,3391,2017-06-30
VALE OF WHITE HORSE,10,58,118,906,397,7,312,0,40,2013,446,4307,2017-06-30
WAKEFIELD,48,90,161,3049,981,7,372,1,136,3042,767,8654,2017-06-30
WALSALL,24,44,78,1470,620,9,149,0,70,2673,529,5666,2017-06-30
WALTHAM FOREST,30,181,12,1848,930,2,89,1,54,4308,917,8372,2017-06-30
WANDSWORTH,11,407,19,3287,1354,28,355,1,140,8468,1975,16045,2017-06-30
WARRINGTON,25,32,28,1618,650,4,94,2,123,3182,692,6450,2017-06-30
WARWICK,22,65,78,973,500,5,137,0,70,2148,508,4506,2017-06-30
WATFORD,8,56,3,600,379,1,18,0,25,1650,341,3081,2017-06-30
WAVENEY,33,16,24,702,368,2,39,0,48,1402,357,2991,2017-06-30
WAVERLEY,10,42,42,905,470,1,55,0,72,2748,547,4892,2017-06-30
WEALDEN,28,36,64,1082,551,6,114,0,80,2727,619,5307,2017-06-30
WELLINGBOROUGH,22,36,28,591,255,4,59,0,38,780,177,1990,2017-06-30
WELWYN HATFIELD,13,32,20,718,339,0,63,0,48,1322,322,2877,2017-06-30
WEST BERKSHIRE,15,41,32,1057,493,0,112,0,41,2324,575,4690,2017-06-30
WEST DEVON,25,10,34,437,169,0,28,0,40,835,177,1755,2017-06-30
WEST DORSET,42,54,49,1041,374,1,104,0,93,1503,426,3687,2017-06-30
WEST LANCASHIRE,29,31,26,586,264,2,64,0,52,1307,278,2639,2017-06-30
WEST LINDSEY,34,7,36,585,298,2,70,0,51,986,246,2315,2017-06-30
WEST OXFORDSHIRE,19,28,38,792,346,3,143,0,55,1606,376,3406,2017-06-30
WEST SOMERSET,8,11,32,433,131,0,40,0,36,532,131,1354,2017-06-30
WEYMOUTH AND PORTLAND,15,30,19,524,198,4,24,0,33,803,222,1872,2017-06-30
WIGAN,95,70,34,2106,997,7,200,0,282,3491,841,8123,2017-06-30
WILTSHIRE,123,140,191,3153,1462,22,497,0,282,5856,1531,13257,2017-06-30
WINCHESTER,18,38,51,728,409,8,80,1,76,1829,383,3621,2017-06-30
WINDSOR AND MAIDENHEAD,9,84,36,1201,527,14,81,0,58,3097,566,5673,2017-06-30
WIRRAL,48,45,44,2001,924,9,106,0,102,3596,721,7596,2017-06-30
WOKING,3,28,23,757,351,1,62,0,24,1790,356,3395,2017-06-30
WOKINGHAM,7,60,53,1113,546,18,210,0,85,2317,515,4924,2017-06-30
WOLVERHAMPTON,41,29,40,1313,561,2,138,0,98,2502,596,5320,2017-06-30
WORCESTER,12,20,19,733,332,1,56,0,32,1207,336,2748,2017-06-30
WREKIN,21,44,103,1056,518,3,200,0,85,1935,518,4483,2017-06-30
WORTHING,9,78,22,883,464,4,81,0,32,1574,460,3607,2017-06-30
WREXHAM,53,11,36,786,460,3,42,0,45,1244,268,2948,2017-06-30
WYCHAVON,51,29,113,883,389,9,168,0,80,1663,387,3772,2017-06-30
WYCOMBE,49,92,70,1186,606,2,120,0,103,2454,649,5331,2017-06-30
WYRE,40,23,37,698,340,4,90,0,62,1468,218,2980,2017-06-30
WYRE FOREST,38,32,29,1059,293,0,36,0,53,1122,259,2921,2017-06-30
YORK,48,92,42,1239,637,1,211,0,104,2021,499,4894,2017-06-30
Total,9099,20686,16401,379059,166596,2179,34187,116,24627,783690,184162,1620802,2017-05-31
ALL COUNTIES,0,0,0,0,0,0,0,0,0,15,89,104,2017-05-31
ADUR,8,16,5,427,211,3,17,0,31,711,172,1601,2017-05-31
ALLERDALE,35,16,36,652,296,14,83,0,71,1109,226,2538,2017-05-31
AMBER VALLEY,61,16,53,784,312,5,78,0,52,1324,327,3012,2017-05-31
ARUN,16,55,77,1043,477,11,79,1,57,2434,576,4826,2017-05-31
ASHFIELD,28,22,61,729,320,11,71,0,37,1055,255,2589,2017-05-31
ASHFORD,2,33,76,882,357,3,96,2,52,2066,525,4094,2017-05-31
AYLESBURY VALE,44,40,127,1383,607,5,171,0,81,2687,735,5880,2017-05-31
BABERGH,39,17,57,585,250,3,56,0,46,1210,254,2517,2017-05-31
BARKING AND DAGENHAM,5,48,26,1093,529,0,89,5,34,2295,509,4633,2017-05-31
BARNET,11,297,40,2434,920,21,271,3,123,7028,1648,12796,2017-05-31
BARNSLEY,37,49,99,1354,617,6,112,0,73,2151,487,4985,2017-05-31
BARROW-IN-FURNESS,14,3,10,477,203,10,15,0,21,720,114,1587,2017-05-31
BASILDON,25,23,44,1244,603,3,60,1,62,2126,556,4747,2017-05-31
BASINGSTOKE AND DEANE,23,44,66,1334,536,4,115,0,61,2132,638,4953,2017-05-31
BASSETLAW,40,17,55,719,307,2,54,0,65,1293,328,2880,2017-05-31
BATH AND NORTH EAST SOMERSET,84,56,67,1156,540,7,108,0,83,2426,640,5167,2017-05-31
BEDFORD,12,94,87,1200,516,1,234,0,92,2354,578,5168,2017-05-31
BEXLEY,14,68,20,1618,714,1,84,1,38,3218,717,6493,2017-05-31
BIRMINGHAM,85,300,140,6084,2354,21,246,1,378,13196,2622,25427,2017-05-31
BLABY,26,16,46,628,277,6,75,1,44,1039,298,2456,2017-05-31
BLACKBURN WITH DARWEN,19,25,21,681,298,5,33,0,98,1536,371,3087,2017-05-31
BLACKPOOL,29,18,7,807,399,3,16,0,58,1584,248,3169,2017-05-31
BLAENAU GWENT,22,3,17,363,157,2,15,0,33,713,112,1437,2017-05-31
BOLSOVER,16,11,36,470,224,0,30,0,37,746,194,1764,2017-05-31
BOLTON,23,41,60,1625,732,13,80,0,142,3640,871,7227,2017-05-31
BOSTON,24,13,28,329,147,0,39,0,36,765,203,1584,2017-05-31
BOURNEMOUTH,21,151,19,1508,625,4,62,0,53,3428,970,6841,2017-05-31
BRACKNELL FOREST,2,71,40,930,410,8,50,0,38,1668,445,3662,2017-05-31
BRADFORD,61,88,131,2677,1242,14,194,0,122,5462,952,10943,2017-05-31
BRAINTREE,22,25,34,1086,460,8,52,0,80,2031,905,4703,2017-05-31
BRECKLAND,29,22,61,844,427,0,90,0,106,1572,382,3533,2017-05-31
BRENT,2,204,13,1690,713,46,237,0,95,5600,1116,9716,2017-05-31
BRENTWOOD,7,23,8,606,287,2,37,0,37,1328,263,2598,2017-05-31
BRIDGEND,23,16,49,973,419,40,71,0,54,1567,316,3528,2017-05-31
BRIGHTON AND HOVE,14,278,10,2263,935,10,87,0,75,4543,1315,9530,2017-05-31
BROADLAND,42,18,53,834,359,2,80,0,90,1496,365,3339,2017-05-31
BROMLEY,11,155,18,2284,1022,1,112,1,76,4868,1072,9620,2017-05-31
BROMSGROVE,12,15,44,797,281,0,65,1,40,1310,303,2868,2017-05-31
BROXBOURNE,10,48,9,633,316,0,42,0,23,1369,360,2810,2017-05-31
BROXTOWE,19,20,22,733,350,2,36,0,31,977,228,2418,2017-05-31
BURNLEY,27,48,16,584,419,2,26,0,61,1516,302,3001,2017-05-31
BURY,35,26,24,1125,509,6,41,0,99,2315,497,4677,2017-05-31
CAERPHILLY,43,16,23,1271,462,9,38,0,51,1617,360,3890,2017-05-31
CALDERDALE,54,27,52,1320,618,6,61,0,55,2394,475,5062,2017-05-31
CAMBRIDGE,9,111,30,846,285,0,101,1,68,1566,396,3413,2017-05-31
CAMDEN,3,296,12,1645,618,9,187,0,218,7021,2020,12029,2017-05-31
CANNOCK CHASE,9,13,68,601,261,4,72,0,27,978,264,2297,2017-05-31
CANTERBURY,15,43,29,1022,445,0,46,6,48,2084,449,4187,2017-05-31
CARDIFF,49,78,67,2298,987,5,88,0,106,4334,943,8955,2017-05-31
CARLISLE,32,31,59,673,345,3,105,0,71,1365,267,2951,2017-05-31
CARMARTHENSHIRE,108,25,78,1261,496,7,91,0,98,2155,425,4744,2017-05-31
CASTLE POINT,23,9,6,518,255,1,26,0,60,815,168,1881,2017-05-31
CENTRAL BEDFORDSHIRE,33,87,127,1984,879,7,270,1,129,3378,840,7735,2017-05-31
CEREDIGION,58,26,28,456,208,3,31,0,34,927,150,1921,2017-05-31
CHARNWOOD,25,36,78,943,467,6,145,0,47,1684,374,3805,2017-05-31
CHELMSFORD,21,68,89,1153,574,10,216,0,70,2253,477,4931,2017-05-31
CHELTENHAM,21,49,28,829,376,5,51,0,34,1507,439,3339,2017-05-31
CHERWELL,28,72,68,998,461,14,156,0,72,2218,534,4621,2017-05-31
CHESHIRE EAST,67,157,113,2709,1211,13,312,0,249,5328,1209,11368,2017-05-31
CHESHIRE WEST AND CHESTER,49,177,75,2356,1016,5,310,0,151,4360,1048,9547,2017-05-31
CHESTER,0,0,0,0,0,0,0,0,1,0,0,1,2017-05-31
CHESTERFIELD,20,12,27,604,270,4,41,0,40,934,271,2223,2017-05-31
CHICHESTER,47,52,55,823,456,3,91,3,96,1952,519,4097,2017-05-31
CHILTERN,21,36,32,641,264,7,62,0,50,1470,344,2927,2017-05-31
CHORLEY,35,58,33,843,293,2,82,0,66,1319,328,3059,2017-05-31
CHRISTCHURCH,13,14,15,368,144,0,27,0,16,685,215,1497,2017-05-31
CITY OF BRISTOL,47,142,57,3112,1366,13,325,0,169,6008,1621,12860,2017-05-31
CITY OF DERBY,20,39,52,1290,589,7,92,0,66,2286,520,4961,2017-05-31
CITY OF KINGSTON UPON HULL,21,43,68,1312,596,7,101,0,75,2149,455,4827,2017-05-31
CITY OF LONDON,0,76,13,398,90,33,73,0,81,2384,658,3806,2017-05-31
CITY OF NOTTINGHAM,19,67,58,1498,735,10,114,0,99,3287,717,6604,2017-05-31
CITY OF PETERBOROUGH,25,137,69,1270,662,3,159,1,76,2341,580,5323,2017-05-31
CITY OF PLYMOUTH,13,108,57,1703,789,19,123,0,54,2745,788,6399,2017-05-31
CITY OF WESTMINSTER,4,452,17,3007,934,39,364,0,362,14049,3684,22912,2017-05-31
COLCHESTER,33,43,60,1315,625,8,155,1,101,2455,625,5421,2017-05-31
CONWY,41,66,24,840,459,8,64,0,74,1520,354,3450,2017-05-31
COPELAND,18,5,33,478,200,0,30,0,46,613,118,1541,2017-05-31
CORBY,8,14,41,473,248,3,87,0,20,778,273,1945,2017-05-31
CORNWALL,226,211,423,4335,1701,22,460,0,470,8021,1882,17751,2017-05-31
COTSWOLD,26,57,64,804,280,7,123,0,65,1726,400,3552,2017-05-31
COUNTY DURHAM,101,71,193,3410,1370,22,209,0,210,5711,1088,12385,2017-05-31
COVENTRY,43,101,57,2058,865,9,142,0,116,3583,676,7650,2017-05-31
CRAVEN,30,17,15,393,194,0,68,0,33,775,169,1694,2017-05-31
CRAWLEY,4,33,10,674,325,11,49,1,24,1239,330,2700,2017-05-31
CROYDON,4,236,25,2642,1217,23,216,0,108,5964,1243,11678,2017-05-31
DACORUM,12,68,43,957,479,2,92,1,69,1909,460,4092,2017-05-31
DARLINGTON,11,21,55,653,361,2,28,0,32,1094,179,2436,2017-05-31
DARTFORD,4,69,66,853,397,6,134,0,33,2050,467,4079,2017-05-31
DAVENTRY,13,20,105,608,252,17,136,0,39,1121,266,2577,2017-05-31
DENBIGHSHIRE,38,5,21,632,247,3,40,0,57,1111,214,2368,2017-05-31
DERBYSHIRE DALES,36,16,31,461,212,1,45,0,59,931,231,2023,2017-05-31
DONCASTER,38,37,94,1708,762,9,170,0,122,2767,614,6321,2017-05-31
DOVER,3,29,50,797,351,3,78,3,32,1444,339,3129,2017-05-31
DUDLEY,42,48,73,1638,715,4,101,0,90,2763,576,6050,2017-05-31
DURHAM,0,0,0,0,0,0,0,0,2,0,0,2,2017-05-31
EALING,6,228,23,2044,864,11,159,0,73,6066,1238,10712,2017-05-31
EAST CAMBRIDGESHIRE,29,5,52,620,299,2,47,1,51,1133,255,2494,2017-05-31
EAST DEVON,19,43,93,1081,427,12,127,0,52,2001,529,4384,2017-05-31
EAST DORSET,13,13,16,577,270,0,18,0,33,1205,364,2509,2017-05-31
EAST HAMPSHIRE,33,33,38,761,361,1,128,1,73,1844,473,3746,2017-05-31
EAST HERTFORDSHIRE,15,65,58,1034,458,7,98,2,71,2280,526,4614,2017-05-31
EAST LINDSEY,54,26,43,875,420,1,57,2,106,1622,368,3574,2017-05-31
EAST NORTHAMPTONSHIRE,21,35,71,649,318,3,131,0,44,1103,324,2699,2017-05-31
EAST RIDING OF YORKSHIRE,88,100,148,2084,1048,5,167,0,184,3664,757,8245,2017-05-31
EAST STAFFORDSHIRE,37,23,48,722,297,6,79,0,65,1268,299,2844,2017-05-31
EASTBOURNE,0,60,7,801,392,1,38,0,17,1710,518,3544,2017-05-31
EASTLEIGH,12,58,50,793,364,2,95,1,57,1523,421,3376,2017-05-31
EDEN,33,8,34,443,167,0,32,0,36,779,162,1694,2017-05-31
ELMBRIDGE,1,44,17,1015,659,2,63,0,56,2920,558,5335,2017-05-31
ENFIELD,3,182,26,1982,958,10,117,0,62,5274,1084,9698,2017-05-31
EPPING FOREST,13,47,26,886,412,0,45,0,78,2259,449,4215,2017-05-31
EPSOM AND EWELL,3,41,12,512,233,0,41,0,13,1004,262,2121,2017-05-31
EREWASH,22,8,19,761,332,3,15,0,34,1129,246,2569,2017-05-31
EXETER,11,53,42,762,353,10,122,0,43,1429,366,3191,2017-05-31
FAREHAM,19,21,20,809,406,3,82,0,40,1380,385,3165,2017-05-31
FENLAND,32,16,37,792,355,3,72,4,36,1199,259,2805,2017-05-31
FLINTSHIRE,60,22,44,876,362,4,56,0,89,1695,390,3598,2017-05-31
FOREST HEATH,15,11,42,459,225,0,74,0,31,765,240,1862,2017-05-31
FOREST OF DEAN,40,10,36,562,258,5,46,0,50,997,211,2215,2017-05-31
FYLDE,16,37,24,543,247,2,60,0,48,1432,311,2720,2017-05-31
GATESHEAD,16,59,34,1402,474,1,42,0,52,2111,544,4735,2017-05-31
GEDLING,15,8,13,713,355,1,32,0,35,1065,295,2532,2017-05-31
GLOUCESTER,7,53,26,954,427,8,38,0,70,1455,404,3442,2017-05-31
GOSPORT,4,10,25,624,292,0,17,0,18,1091,278,2359,2017-05-31
GRAVESHAM,4,30,10,655,297,1,35,0,17,1194,296,2539,2017-05-31
GREAT YARMOUTH,30,28,18,605,308,4,27,0,35,960,195,2210,2017-05-31
GREENWICH,3,269,12,1829,822,3,170,0,71,4238,1035,8452,2017-05-31
GUILDFORD,21,89,27,1040,403,12,58,3,68,2674,434,4829,2017-05-31
GWYNEDD,116,22,40,750,273,0,47,0,64,1599,338,3249,2017-05-31
HACKNEY,2,231,14,1623,649,20,142,1,107,5042,1166,8997,2017-05-31
HALTON,18,52,24,734,384,2,83,0,39,1303,298,2937,2017-05-31
HAMBLETON,42,12,60,559,257,2,73,0,58,1168,260,2491,2017-05-31
HAMMERSMITH AND FULHAM,1,206,13,1368,583,17,176,0,70,5152,1034,8620,2017-05-31
HARBOROUGH,15,20,58,649,290,3,89,0,53,1342,303,2822,2017-05-31
HARINGEY,3,211,19,1602,669,11,78,3,170,5121,1096,8983,2017-05-31
HARLOW,1,14,18,510,254,1,37,1,14,877,273,2000,2017-05-31
HARROGATE,66,31,58,1059,443,1,92,0,88,2069,511,4418,2017-05-31
HARROW,2,109,27,1389,610,14,70,2,81,3319,721,6344,2017-05-31
HART,9,28,43,697,284,2,78,0,41,1386,329,2897,2017-05-31
HARTLEPOOL,9,13,21,514,212,4,35,0,16,785,161,1770,2017-05-31
HASTINGS,1,54,18,708,449,5,58,0,16,1562,399,3270,2017-05-31
HAVANT,7,28,36,757,352,1,70,2,35,1275,398,2961,2017-05-31
HAVERING,21,86,32,1638,758,3,79,0,41,3250,659,6567,2017-05-31
HEREFORDSHIRE,72,30,76,1333,481,2,113,1,136,2264,570,5078,2017-05-31
HERTSMERE,4,43,18,676,322,3,65,1,41,1696,377,3246,2017-05-31
HIGH PEAK,44,41,19,580,201,5,71,1,55,1296,301,2614,2017-05-31
HILLINGDON,1,121,42,1772,846,6,152,0,110,4289,871,8210,2017-05-31
HINCKLEY AND BOSWORTH,28,20,45,770,355,5,52,0,40,1437,306,3058,2017-05-31
HORSHAM,17,59,56,1004,425,3,137,0,81,2055,564,4401,2017-05-31
HOUNSLOW,3,130,17,1509,683,49,65,1,64,4124,938,7583,2017-05-31
HUNTINGDONSHIRE,29,38,57,1149,588,4,145,0,71,2256,526,4863,2017-05-31
HYNDBURN,25,23,10,461,226,1,13,0,77,1096,221,2153,2017-05-31
IPSWICH,10,24,15,823,381,0,20,0,43,1631,322,3269,2017-05-31
ISLE OF ANGLESEY,34,8,23,419,161,4,24,0,44,1014,192,1923,2017-05-31
ISLE OF WIGHT,37,37,52,1059,449,5,92,0,77,2095,499,4402,2017-05-31
ISLES OF SCILLY,1,2,0,9,4,0,2,0,0,20,4,42,2017-05-31
ISLINGTON,2,182,4,1420,542,18,160,0,100,5263,1254,8945,2017-05-31
KENSINGTON AND CHELSEA,2,192,13,1515,613,27,125,0,164,8576,1903,13130,2017-05-31
KERRIER,0,0,0,1,0,0,0,0,0,0,0,1,2017-05-31
KETTERING,20,18,85,680,352,4,85,0,36,1195,357,2832,2017-05-31
KING'S LYNN AND WEST NORFOLK,85,39,58,929,401,10,92,5,95,1865,424,4003,2017-05-31
KINGSTON UPON THAMES,3,56,9,1222,551,6,66,0,32,2860,545,5350,2017-05-31
KIRKLEES,50,41,131,2496,1052,11,276,1,114,4628,977,9777,2017-05-31
KNOWSLEY,17,38,35,755,293,3,113,0,48,1293,251,2846,2017-05-31
LAMBETH,5,259,20,2267,967,2,263,1,105,6903,1798,12590,2017-05-31
LANCASTER,63,41,30,872,406,1,72,0,81,1459,270,3295,2017-05-31
LEEDS,90,194,207,4662,2173,36,438,0,245,8674,2177,18896,2017-05-31
LEICESTER,12,101,73,1653,714,9,90,0,112,3162,593,6519,2017-05-31
LEWES,9,22,22,663,297,2,50,0,42,1446,306,2859,2017-05-31
LEWISHAM,3,177,12,2069,933,13,274,0,75,5132,1184,9872,2017-05-31
LICHFIELD,16,38,31,679,276,1,61,0,38,1363,339,2842,2017-05-31
LINCOLN,14,20,14,634,265,3,42,0,45,1015,217,2269,2017-05-31
LIVERPOOL,58,318,84,3065,1163,14,541,0,169,6202,1292,12906,2017-05-31
LUTON,15,111,19,1227,514,17,50,0,43,2195,444,4635,2017-05-31
MAIDSTONE,10,57,62,1204,542,38,115,1,59,2524,600,5212,2017-05-31
MALDON,8,7,41,448,217,0,43,0,40,871,156,1831,2017-05-31
MALVERN HILLS,29,13,33,954,188,1,51,0,70,988,262,2589,2017-05-31
MANCHESTER,24,251,73,3130,1390,26,381,0,296,8824,2250,16645,2017-05-31
MANSFIELD,17,9,21,596,313,0,36,0,38,1055,231,2316,2017-05-31
MEDWAY,5,83,38,1806,849,3,126,0,44,3157,717,6828,2017-05-31
MELTON,28,11,19,297,125,0,24,0,24,564,114,1206,2017-05-31
MENDIP,41,28,51,804,318,2,69,0,75,1455,354,3197,2017-05-31
MERTHYR TYDFIL,30,4,18,347,160,2,29,0,19,627,115,1351,2017-05-31
MERTON,3,100,22,1488,654,6,77,0,65,3664,952,7031,2017-05-31
MID DEVON,22,14,63,583,267,8,63,0,45,1050,249,2364,2017-05-31
MID SUFFOLK,45,8,34,652,309,3,60,1,48,1279,321,2760,2017-05-31
MID SUSSEX,1,51,71,1422,437,21,116,1,80,2128,583,4911,2017-05-31
MIDDLESBROUGH,8,31,39,701,331,0,40,0,33,1178,262,2623,2017-05-31
MILTON KEYNES,19,120,84,1797,842,16,217,0,98,3231,1117,7541,2017-05-31
MOLE VALLEY,5,23,15,598,275,1,20,0,37,1392,333,2699,2017-05-31
MONMOUTHSHIRE,77,14,37,581,233,0,51,0,39,1196,334,2562,2017-05-31
NEATH PORT TALBOT,33,14,34,769,343,2,12,0,57,1310,226,2800,2017-05-31
NEW FOREST,31,32,33,1146,515,7,49,0,71,2551,603,5038,2017-05-31
NEWARK AND SHERWOOD,47,16,39,749,326,10,89,0,61,1348,315,3000,2017-05-31
NEWBURY,0,0,0,0,0,0,0,0,0,1,0,1,2017-05-31
NEWCASTLE UPON TYNE,23,121,97,1620,595,2,122,0,93,3228,782,6683,2017-05-31
NEWCASTLE-UNDER-LYME,26,71,19,761,366,2,27,0,50,1261,287,2870,2017-05-31
NEWHAM,6,424,13,1822,790,11,459,3,94,4383,835,8840,2017-05-31
NEWPORT,34,59,163,993,476,3,206,0,74,2050,360,4418,2017-05-31
NORTH CORNWALL,0,0,0,1,0,0,0,0,0,0,0,1,2017-05-31
NORTH DEVON,33,29,81,589,277,4,92,0,55,1318,278,2756,2017-05-31
NORTH DORSET,19,12,17,431,217,1,33,0,41,897,241,1909,2017-05-31
NORTH EAST DERBYSHIRE,39,0,37,638,265,2,37,0,51,988,226,2283,2017-05-31
NORTH EAST LINCOLNSHIRE,26,13,28,956,451,2,52,0,57,1438,305,3328,2017-05-31
NORTH HERTFORDSHIRE,23,48,33,790,388,2,54,2,55,1797,457,3649,2017-05-31
NORTH KESTEVEN,35,17,73,848,373,1,129,1,76,1372,339,3264,2017-05-31
NORTH LINCOLNSHIRE,39,23,46,1028,434,3,39,0,48,1717,372,3749,2017-05-31
NORTH NORFOLK,46,14,39,738,314,1,53,1,105,1568,407,3286,2017-05-31
NORTH SOMERSET,40,67,69,1568,691,3,139,0,66,2677,868,6188,2017-05-31
NORTH TYNESIDE,22,50,71,1386,611,2,90,0,54,2148,563,4997,2017-05-31
NORTH WARWICKSHIRE,19,13,33,474,178,2,28,0,41,1040,237,2065,2017-05-31
NORTH WEST LEICESTERSHIRE,24,23,79,629,272,13,125,0,75,1315,303,2858,2017-05-31
NORTHAMPTON,12,67,69,1556,783,13,93,0,49,2391,681,5714,2017-05-31
NORTHUMBERLAND,72,80,258,2018,840,10,206,0,194,3916,908,8502,2017-05-31
NORWICH,9,41,38,882,427,2,63,0,49,1548,390,3449,2017-05-31
NUNEATON AND BEDWORTH,5,21,37,799,370,2,77,0,36,1169,331,2847,2017-05-31
OADBY AND WIGSTON,8,15,18,314,146,3,17,0,16,469,106,1112,2017-05-31
OLDHAM,28,41,29,1292,549,10,71,0,114,2710,623,5467,2017-05-31
OXFORD,6,34,17,681,300,4,40,0,69,1926,452,3529,2017-05-31
PEMBROKESHIRE,56,11,48,786,284,7,77,0,103,1523,292,3187,2017-05-31
PENDLE,30,4,18,506,282,0,40,0,65,938,225,2108,2017-05-31
POOLE,7,120,28,1105,504,0,72,0,42,2278,644,4800,2017-05-31
PORTSMOUTH,34,63,12,1436,661,6,44,3,71,2722,627,5679,2017-05-31
POWYS,87,6,58,797,370,17,49,0,100,1731,350,3565,2017-05-31
PRESTON,19,153,20,809,334,2,84,0,47,1532,259,3259,2017-05-31
PURBECK,9,18,13,301,145,1,32,0,37,720,179,1455,2017-05-31
READING,7,81,35,1148,496,9,96,0,50,2410,530,4862,2017-05-31
REDBRIDGE,18,81,14,1645,754,2,78,0,35,3945,717,7289,2017-05-31
REDCAR AND CLEVELAND,19,14,38,729,300,3,74,0,56,1232,236,2701,2017-05-31
REDDITCH,11,11,17,758,269,3,15,0,27,973,220,2304,2017-05-31
REIGATE AND BANSTEAD,1,57,67,1156,479,5,66,0,57,2339,613,4840,2017-05-31
RHONDDA CYNON TAFF,77,18,75,1436,564,14,58,1,77,2652,390,5362,2017-05-31
RIBBLE VALLEY,14,26,28,437,178,2,60,0,55,866,182,1848,2017-05-31
RICHMOND UPON THAMES,4,112,23,1505,722,7,96,0,52,3807,771,7099,2017-05-31
RICHMONDSHIRE,25,7,19,293,125,2,25,0,34,688,125,1343,2017-05-31
ROCHDALE,21,38,52,1182,541,5,77,0,81,2467,467,4931,2017-05-31
ROCHFORD,19,11,8,590,268,0,34,1,30,972,210,2143,2017-05-31
ROSSENDALE,14,15,20,446,195,1,32,0,31,850,166,1770,2017-05-31
ROTHER,4,33,35,760,436,6,66,0,54,1626,384,3404,2017-05-31
ROTHERHAM,37,24,70,1589,634,4,92,0,76,2327,566,5419,2017-05-31
RUGBY,9,34,30,706,330,1,81,0,41,1264,409,2905,2017-05-31
RUNNYMEDE,0,45,16,608,311,3,48,0,21,1629,352,3033,2017-05-31
RUSHCLIFFE,21,75,43,734,337,0,108,0,38,1230,338,2924,2017-05-31
RUSHMOOR,15,43,19,664,291,4,156,0,42,1226,361,2821,2017-05-31
RUTLAND,13,7,22,296,132,0,69,0,18,513,141,1211,2017-05-31
RYEDALE,20,17,30,355,150,0,41,0,21,733,163,1530,2017-05-31
SALFORD,22,168,33,2068,1128,32,216,1,132,4162,1145,9107,2017-05-31
SANDWELL,8,30,87,1525,662,5,97,0,81,2872,599,5966,2017-05-31
SCARBOROUGH,77,114,27,784,374,2,75,0,70,1381,284,3188,2017-05-31
SEDGEMOOR,45,13,40,806,364,3,100,0,85,1320,350,3126,2017-05-31
SEFTON,45,57,35,1587,705,7,100,0,98,3121,648,6403,2017-05-31
SELBY,37,10,53,611,265,3,82,0,61,1100,280,2502,2017-05-31
SEVENOAKS,11,38,67,938,381,2,68,0,34,1945,391,3875,2017-05-31
SHEFFIELD,98,148,147,3249,1362,11,258,0,221,6041,1639,13174,2017-05-31
SHEPWAY,14,40,22,801,377,2,76,0,24,1674,375,3405,2017-05-31
SHROPSHIRE,141,56,186,1939,730,5,306,0,209,3617,1099,8288,2017-05-31
SLOUGH,12,81,16,944,407,2,82,0,40,2083,436,4103,2017-05-31
SOLIHULL,27,75,45,1437,647,3,99,0,63,2600,592,5588,2017-05-31
SOUTH BUCKS,10,51,27,456,204,1,39,0,34,1661,291,2774,2017-05-31
SOUTH CAMBRIDGESHIRE,30,22,70,952,472,7,109,2,90,2235,516,4505,2017-05-31
SOUTH DERBYSHIRE,15,25,71,709,277,0,109,0,48,1177,294,2725,2017-05-31
SOUTH GLOUCESTERSHIRE,54,60,128,1917,818,9,191,1,92,3193,808,7271,2017-05-31
SOUTH HAMS,19,13,165,724,307,10,83,0,58,1604,441,3424,2017-05-31
SOUTH HOLLAND,25,6,55,554,251,5,58,0,64,857,203,2078,2017-05-31
SOUTH KESTEVEN,34,25,48,927,447,10,84,0,70,1588,430,3663,2017-05-31
SOUTH LAKELAND,53,15,60,719,447,20,48,0,88,1592,413,3455,2017-05-31
SOUTH NORFOLK,48,25,99,874,386,1,171,0,96,1656,493,3849,2017-05-31
SOUTH NORTHAMPTONSHIRE,23,33,65,646,299,0,114,0,56,1169,321,2726,2017-05-31
SOUTH OXFORDSHIRE,14,27,58,906,428,3,73,0,69,2423,518,4519,2017-05-31
SOUTH RIBBLE,34,30,11,708,346,2,34,0,57,1242,292,2756,2017-05-31
SOUTH SOMERSET,69,22,65,1086,466,3,140,0,134,2114,573,4672,2017-05-31
SOUTH STAFFORDSHIRE,34,3,35,549,251,1,51,0,75,1079,245,2323,2017-05-31
SOUTH TYNESIDE,9,41,45,744,292,2,45,0,38,1278,307,2801,2017-05-31
SOUTHAMPTON,26,114,48,1491,694,10,114,0,71,3430,856,6854,2017-05-31
SOUTHEND-ON-SEA,15,109,39,1465,659,4,78,0,45,2797,644,5855,2017-05-31
SOUTHWARK,5,258,22,1917,843,36,361,0,134,6989,1431,11996,2017-05-31
SPELTHORNE,1,25,10,676,357,0,21,0,22,1415,331,2858,2017-05-31
ST ALBANS,9,60,18,1029,496,1,42,0,51,2109,518,4333,2017-05-31
ST EDMUNDSBURY,18,13,21,684,267,1,65,2,72,1232,278,2653,2017-05-31
ST HELENS,34,49,18,1121,499,4,91,0,159,2049,471,4495,2017-05-31
STAFFORD,53,27,59,815,437,7,113,0,139,1787,423,3860,2017-05-31
STAFFORDSHIRE MOORLANDS,51,6,26,543,252,2,37,0,58,1009,237,2221,2017-05-31
STEVENAGE,2,48,16,468,243,1,35,0,17,919,249,1998,2017-05-31
STOCKPORT,39,125,32,1966,857,5,97,2,129,3776,976,8004,2017-05-31
STOCKTON-ON-TEES,13,41,101,1143,519,8,101,0,50,1916,452,4344,2017-05-31
STOKE-ON-TRENT,33,18,29,1477,656,2,101,0,71,2524,485,5396,2017-05-31
STRATFORD-ON-AVON,27,30,82,982,396,2,208,0,99,2263,534,4623,2017-05-31
STROUD,33,16,39,819,312,6,110,0,53,1438,407,3233,2017-05-31
SUFFOLK COASTAL,34,35,59,891,359,46,94,0,102,1534,351,3505,2017-05-31
SUNDERLAND,17,57,93,1613,623,6,74,0,50,2410,723,5666,2017-05-31
SURREY HEATH,4,22,16,615,266,0,43,0,34,1466,344,2810,2017-05-31
SUTTON,3,96,17,1428,647,9,125,1,29,2774,652,5781,2017-05-31
SWALE,5,40,31,1004,776,4,79,1,46,1768,423,4177,2017-05-31
SWANSEA,45,37,83,1467,641,6,118,0,106,2970,565,6038,2017-05-31
SWINDON,24,87,76,1592,742,7,138,1,52,2274,653,5646,2017-05-31
TAMESIDE,28,49,37,1356,574,1,79,0,59,2399,566,5148,2017-05-31
TAMWORTH,8,11,18,490,197,1,35,0,21,866,229,1876,2017-05-31
TANDRIDGE,4,45,28,649,269,3,42,4,24,1788,347,3203,2017-05-31
TAUNTON DEANE,46,44,74,803,388,2,116,0,86,1497,367,3423,2017-05-31
TEIGNBRIDGE,20,38,75,930,424,5,98,0,26,1593,372,3581,2017-05-31
TENDRING,56,32,56,949,481,4,65,1,133,1909,402,4088,2017-05-31
TEST VALLEY,22,33,63,778,368,9,122,0,61,1630,435,3521,2017-05-31
TEWKESBURY,28,16,59,630,273,8,76,0,49,1148,364,2651,2017-05-31
THANET,4,56,25,1094,468,8,60,3,40,2064,432,4254,2017-05-31
THE VALE OF GLAMORGAN,17,32,69,778,356,6,100,0,38,1522,369,3287,2017-05-31
THREE RIVERS,3,21,12,554,229,1,21,0,29,1248,281,2399,2017-05-31
THURROCK,12,41,33,1142,550,8,116,0,72,2323,591,4888,2017-05-31
TONBRIDGE AND MALLING,2,59,28,892,419,1,135,1,44,2017,496,4094,2017-05-31
TORBAY,11,58,34,951,435,8,70,0,31,1650,480,3728,2017-05-31
TORFAEN,38,6,32,560,215,5,59,0,29,802,160,1906,2017-05-31
TORRIDGE,22,7,66,537,208,0,73,0,32,932,249,2126,2017-05-31
TOWER HAMLETS,1,421,8,2130,803,14,507,0,137,7271,1822,13114,2017-05-31
TRAFFORD,36,64,26,1580,714,14,91,0,133,3180,863,6701,2017-05-31
TUNBRIDGE WELLS,4,47,31,797,371,3,71,4,57,2447,490,4322,2017-05-31
UTTLESFORD,18,17,59,591,277,1,80,0,99,1460,345,2947,2017-05-31
VALE OF WHITE HORSE,4,29,95,849,364,4,221,0,58,2017,532,4173,2017-05-31
WAKEFIELD,41,50,134,2222,870,4,276,0,98,3438,705,7838,2017-05-31
WALSALL,23,33,73,2044,630,11,111,0,61,2829,611,6426,2017-05-31
WALTHAM FOREST,21,217,16,1834,858,6,70,0,61,4487,968,8538,2017-05-31
WANDSWORTH,4,410,20,2800,1201,14,267,0,146,7881,1901,14644,2017-05-31
WARRINGTON,27,47,38,1486,634,4,73,0,83,2968,643,6003,2017-05-31
WARWICK,24,53,73,926,469,2,119,0,61,1931,493,4151,2017-05-31
WATFORD,9,80,11,714,312,1,51,0,21,1586,370,3155,2017-05-31
WAVENEY,42,30,33,771,303,3,21,1,34,1115,253,2606,2017-05-31
WAVERLEY,4,52,25,923,430,7,103,2,78,2198,446,4268,2017-05-31
WEALDEN,19,60,55,1148,483,3,75,1,63,2408,573,4888,2017-05-31
WELLINGBOROUGH,18,24,23,494,242,1,37,0,26,826,201,1892,2017-05-31
WELWYN HATFIELD,12,49,21,625,316,5,76,0,34,1584,436,3158,2017-05-31
WEST BERKSHIRE,9,45,30,1113,495,6,86,0,63,2439,605,4891,2017-05-31
WEST DEVON,23,14,31,405,175,7,37,0,33,783,197,1705,2017-05-31
WEST DORSET,37,33,49,670,331,0,102,0,119,1442,396,3179,2017-05-31
WEST LANCASHIRE,28,32,28,606,270,3,69,0,63,1212,249,2560,2017-05-31
WEST LINDSEY,41,14,24,633,256,4,48,0,76,1068,250,2414,2017-05-31
WEST OXFORDSHIRE,27,48,35,812,373,7,94,0,59,1859,348,3662,2017-05-31
WEST SOMERSET,19,4,27,245,114,2,24,0,27,459,152,1073,2017-05-31
WEST WILTSHIRE,0,0,0,0,0,0,0,0,1,0,0,1,2017-05-31
WEYMOUTH AND PORTLAND,10,9,21,446,172,1,36,0,40,834,239,1808,2017-05-31
WIGAN,61,70,37,1890,844,17,165,0,276,3470,835,7665,2017-05-31
WILTSHIRE,124,149,244,3108,1338,36,293,0,245,5954,1547,13038,2017-05-31
WINCHESTER,31,43,73,745,323,11,76,2,74,1845,417,3640,2017-05-31
WINDSOR AND MAIDENHEAD,9,57,47,1099,525,5,121,0,63,2827,537,5290,2017-05-31
WIRRAL,35,48,30,2037,847,7,135,0,62,3142,677,7020,2017-05-31
WOKING,2,29,37,773,362,0,61,1,37,1586,389,3277,2017-05-31
WOKINGHAM,5,39,73,1175,515,13,139,0,52,2392,549,4952,2017-05-31
WOLVERHAMPTON,48,28,79,1177,489,0,87,0,94,2283,495,4780,2017-05-31
WORCESTER,11,28,32,1270,292,2,35,0,31,1223,292,3216,2017-05-31
WREKIN,24,22,121,988,448,5,158,0,71,1855,503,4195,2017-05-31
WORTHING,9,60,21,815,371,2,82,0,25,1501,462,3348,2017-05-31
WREXHAM,36,24,41,690,316,7,36,0,49,1085,252,2536,2017-05-31
WYCHAVON,35,26,82,1142,363,3,115,0,66,1585,383,3800,2017-05-31
WYCOMBE,44,99,54,1220,528,6,118,1,85,2888,602,5645,2017-05-31
WYRE,42,37,23,658,350,2,69,0,54,1176,275,2686,2017-05-31
WYRE FOREST,26,17,15,655,265,1,26,0,38,966,268,2277,2017-05-31
YORK,49,98,26,1287,577,7,276,0,92,2243,533,5188,2017-05-31
Total,8514,19630,14957,332366,141753,1864,28570,96,21011,664528,152858,1386147,2017-04-30
ALL COUNTIES,0,0,0,0,0,0,0,0,0,3,59,62,2017-04-30
ADUR,1,19,3,386,187,2,6,0,9,651,141,1405,2017-04-30
ALLERDALE,39,8,36,512,251,6,36,0,53,1016,242,2199,2017-04-30
AMBER VALLEY,65,9,52,652,280,3,66,0,53,1087,226,2493,2017-04-30
ARUN,12,36,39,961,433,0,68,0,48,2274,529,4400,2017-04-30
ASHFIELD,22,14,40,696,280,4,60,0,21,1022,226,2385,2017-04-30
ASHFORD,4,29,65,895,360,1,101,2,39,1627,322,3445,2017-04-30
AYLESBURY VALE,21,38,104,1148,544,7,128,0,52,2380,597,5019,2017-04-30
BABERGH,37,13,44,531,239,2,49,0,37,880,209,2041,2017-04-30
BARKING AND DAGENHAM,7,42,36,1101,410,3,64,7,31,2116,417,4234,2017-04-30
BARNET,5,276,39,2084,835,19,190,1,109,5576,1277,10411,2017-04-30
BARNSLEY,37,40,74,1276,543,7,110,0,41,1859,416,4403,2017-04-30
BARROW-IN-FURNESS,10,4,13,402,238,2,13,0,21,610,127,1440,2017-04-30
BASILDON,14,23,45,1130,494,3,53,0,59,1994,494,4309,2017-04-30
BASINGSTOKE AND DEANE,17,31,25,1046,457,3,70,0,57,1790,530,4026,2017-04-30
BASSETLAW,29,25,41,540,222,2,46,0,69,1207,401,2582,2017-04-30
BATH AND NORTH EAST SOMERSET,47,45,78,1117,484,0,108,0,83,2301,541,4804,2017-04-30
BEDFORD,17,47,59,1082,456,0,139,0,55,1870,419,4144,2017-04-30
BEXLEY,7,49,21,1453,564,2,62,0,39,2937,572,5706,2017-04-30
BIRMINGHAM,83,303,106,4952,1997,28,200,0,363,10451,2226,20709,2017-04-30
BLABY,18,12,52,511,237,2,58,0,20,840,162,1912,2017-04-30
BLACKBURN WITH DARWEN,9,18,12,689,314,4,33,0,56,1372,274,2781,2017-04-30
BLACKPOOL,34,15,4,743,352,9,19,0,61,1485,231,2953,2017-04-30
BLAENAU GWENT,18,3,15,358,132,0,15,0,22,464,87,1114,2017-04-30
BOLSOVER,17,21,38,456,167,1,39,0,27,763,135,1664,2017-04-30
BOLTON,30,34,47,1517,696,5,68,0,87,3038,701,6223,2017-04-30
BOSTON,26,9,23,352,132,0,40,0,53,718,155,1508,2017-04-30
BOURNEMOUTH,28,105,14,1350,561,8,72,0,37,2753,783,5711,2017-04-30
BRACKNELL FOREST,4,38,20,807,363,3,69,0,41,1505,388,3238,2017-04-30
BRADFORD,80,96,89,2331,1011,12,162,2,107,4512,775,9177,2017-04-30
BRAINTREE,23,15,34,890,384,2,50,2,56,1971,442,3869,2017-04-30
BRECKLAND,33,17,56,776,349,2,99,1,67,1340,312,3052,2017-04-30
BRENT,2,204,10,1560,593,7,105,0,77,4616,1107,8281,2017-04-30
BRENTWOOD,10,41,20,557,231,3,29,0,11,1089,235,2226,2017-04-30
BRIDGEND,20,15,54,895,378,6,65,0,52,1181,264,2930,2017-04-30
BRIGHTON AND HOVE,20,268,10,2020,870,6,72,1,66,4355,1167,8855,2017-04-30
BROADLAND,33,26,59,762,308,1,74,1,76,1336,537,3213,2017-04-30
BROMLEY,4,147,30,2015,900,5,102,0,39,4276,1067,8585,2017-04-30
BROMSGROVE,11,19,24,584,279,4,52,0,32,1053,214,2272,2017-04-30
BROXBOURNE,6,38,11,549,241,57,18,0,17,1089,276,2302,2017-04-30
BROXTOWE,11,16,16,654,308,0,38,0,22,855,171,2091,2017-04-30
BURNLEY,31,62,10,453,237,1,40,0,34,1279,230,2377,2017-04-30
BURY,15,33,24,1045,429,2,50,0,98,2033,439,4168,2017-04-30
CAERPHILLY,32,13,17,957,378,5,41,0,36,1369,323,3171,2017-04-30
CALDERDALE,42,30,43,1173,499,9,64,0,57,2140,363,4420,2017-04-30
CAMBRIDGE,17,86,27,591,303,1,70,1,52,1186,310,2644,2017-04-30
CAMDEN,1,269,7,1469,564,11,184,0,139,6088,1424,10156,2017-04-30
CANNOCK CHASE,13,11,58,559,231,4,66,0,23,775,196,1936,2017-04-30
CANTERBURY,11,25,40,912,380,1,71,0,41,1973,385,3839,2017-04-30
CARDIFF,44,73,30,1985,862,19,91,0,63,4037,758,7962,2017-04-30
CARLISLE,38,15,51,618,260,2,78,0,43,1156,269,2530,2017-04-30
CARMARTHENSHIRE,88,18,91,906,432,11,62,0,72,1837,352,3869,2017-04-30
CASTLE POINT,32,19,14,521,256,4,16,0,45,750,125,1782,2017-04-30
CENTRAL BEDFORDSHIRE,40,99,136,1814,808,3,196,2,119,2945,751,6913,2017-04-30
CEREDIGION,60,13,21,356,140,0,38,0,34,821,146,1629,2017-04-30
CHARNWOOD,26,39,92,882,407,1,123,0,39,1570,336,3515,2017-04-30
CHELMSFORD,33,61,54,1113,442,4,109,1,57,2010,426,4310,2017-04-30
CHELTENHAM,19,51,27,757,325,3,70,0,27,1237,336,2852,2017-04-30
CHERWELL,27,49,77,957,353,14,142,0,71,1670,439,3799,2017-04-30
CHESHIRE EAST,69,88,94,2326,1023,8,299,0,194,4461,1002,9564,2017-04-30
CHESHIRE WEST AND CHESTER,50,124,84,1992,886,4,249,0,138,3555,894,7976,2017-04-30
CHESTERFIELD,14,15,21,580,257,3,48,0,35,859,160,1992,2017-04-30
CHICHESTER,29,46,51,735,286,4,76,0,83,1854,360,3524,2017-04-30
CHILTERN,20,32,33,513,225,16,41,0,51,1116,269,2316,2017-04-30
CHORLEY,31,38,16,664,302,2,67,0,60,1274,260,2714,2017-04-30
CHRISTCHURCH,5,5,12,286,133,2,16,0,11,532,171,1173,2017-04-30
CITY OF BRISTOL,37,139,81,2724,1253,7,251,0,125,5387,1244,11248,2017-04-30
CITY OF DERBY,15,67,65,1239,497,4,92,0,38,1819,377,4213,2017-04-30
CITY OF KINGSTON UPON HULL,21,31,63,1213,522,6,78,0,67,1966,409,4376,2017-04-30
CITY OF LONDON,0,88,3,297,65,19,85,0,78,2007,512,3154,2017-04-30
CITY OF NOTTINGHAM,13,70,41,1429,613,19,105,0,54,2916,637,5897,2017-04-30
CITY OF PETERBOROUGH,12,101,50,1009,554,3,163,0,56,2042,458,4448,2017-04-30
CITY OF PLYMOUTH,20,85,49,1389,680,68,99,0,60,2217,534,5201,2017-04-30
CITY OF WESTMINSTER,6,441,17,2613,891,30,399,0,368,12050,3062,19877,2017-04-30
COLCHESTER,40,97,57,1183,505,4,177,0,70,2053,555,4741,2017-04-30
CONWY,57,38,20,675,313,12,71,0,61,1132,297,2676,2017-04-30
COPELAND,23,11,14,377,155,2,43,0,32,648,176,1481,2017-04-30
CORBY,10,25,30,507,199,1,65,0,20,646,167,1670,2017-04-30
CORNWALL,212,166,297,3610,1476,15,447,0,380,6381,1495,14479,2017-04-30
COTSWOLD,33,71,74,805,297,2,86,0,50,1464,377,3259,2017-04-30
COUNTY DURHAM,105,46,221,2913,1375,40,204,2,199,5050,1075,11230,2017-04-30
COVENTRY,62,89,65,1657,727,6,95,0,89,2856,534,6180,2017-04-30
CRAVEN,21,14,19,298,114,3,19,0,27,603,149,1267,2017-04-30
CRAWLEY,3,48,22,606,266,6,37,0,23,1139,305,2455,2017-04-30
CROYDON,6,217,17,2399,983,6,163,0,59,5423,1181,10454,2017-04-30
DACORUM,15,77,45,893,388,4,90,1,48,1672,471,3704,2017-04-30
DARLINGTON,10,17,16,516,246,1,22,0,30,885,197,1940,2017-04-30
DARTFORD,5,30,57,688,288,6,106,0,21,1422,401,3024,2017-04-30
DAVENTRY,17,12,71,599,225,5,129,0,41,960,235,2294,2017-04-30
DENBIGHSHIRE,43,12,21,427,204,0,40,0,51,857,167,1822,2017-04-30
DERBYSHIRE DALES,43,13,48,379,173,1,35,0,45,756,165,1658,2017-04-30
DONCASTER,40,26,82,1559,684,35,151,0,77,2595,570,5819,2017-04-30
DOVER,8,15,46,695,280,2,64,1,28,1344,259,2742,2017-04-30
DUDLEY,30,37,59,1375,587,5,59,0,71,2460,590,5273,2017-04-30
DURHAM,0,0,0,0,0,0,0,0,15,0,0,15,2017-04-30
EALING,9,206,23,1769,742,6,145,0,97,4685,926,8608,2017-04-30
EAST CAMBRIDGESHIRE,25,7,26,532,205,2,54,1,38,973,190,2053,2017-04-30
EAST DEVON,28,31,78,858,368,14,111,0,78,1648,412,3626,2017-04-30
EAST DORSET,7,16,8,526,215,1,25,0,30,859,228,1915,2017-04-30
EAST HAMPSHIRE,24,30,67,676,295,3,67,0,67,1520,371,3120,2017-04-30
EAST HERTFORDSHIRE,16,67,68,982,379,0,104,0,69,1977,475,4137,2017-04-30
EAST LINDSEY,62,24,37,748,302,4,48,1,105,1437,327,3095,2017-04-30
EAST NORTHAMPTONSHIRE,21,23,39,660,274,1,73,0,52,920,214,2277,2017-04-30
EAST RIDING OF YORKSHIRE,88,101,96,1960,774,3,162,0,163,3194,643,7184,2017-04-30
EAST STAFFORDSHIRE,32,28,48,613,265,2,82,0,62,1121,272,2525,2017-04-30
EASTBOURNE,0,41,5,656,284,0,28,2,11,1581,472,3080,2017-04-30
EASTLEIGH,12,26,54,816,294,7,64,0,43,1495,420,3231,2017-04-30
EDEN,23,16,32,377,157,1,40,0,40,633,113,1432,2017-04-30
ELMBRIDGE,2,33,13,869,378,6,47,1,60,2527,606,4542,2017-04-30
ENFIELD,3,159,20,1754,722,10,82,0,52,4207,904,7913,2017-04-30
EPPING FOREST,13,31,24,789,333,2,38,0,65,1699,369,3363,2017-04-30
EPSOM AND EWELL,2,38,13,430,179,0,19,0,13,886,200,1780,2017-04-30
EREWASH,11,5,14,677,255,1,25,0,24,944,196,2152,2017-04-30
EXETER,9,65,33,771,314,8,76,0,44,1329,384,3033,2017-04-30
FAREHAM,10,28,22,651,280,2,51,1,27,1288,307,2667,2017-04-30
FENLAND,37,9,29,546,269,2,78,0,31,923,205,2129,2017-04-30
FLINTSHIRE,55,38,54,861,337,3,47,0,68,1375,274,3112,2017-04-30
FOREST HEATH,19,14,49,416,179,0,55,2,24,659,208,1625,2017-04-30
FOREST OF DEAN,33,24,28,455,233,2,52,0,35,771,179,1812,2017-04-30
FYLDE,26,20,9,499,211,0,37,0,46,1237,266,2351,2017-04-30
GATESHEAD,14,69,49,1185,497,6,43,0,43,1888,400,4194,2017-04-30
GEDLING,18,13,11,618,263,3,19,0,20,847,208,2020,2017-04-30
GLOUCESTER,10,92,29,930,383,1,48,0,56,1253,330,3132,2017-04-30
GOSPORT,6,19,63,499,225,1,8,1,15,900,205,1942,2017-04-30
GRAVESHAM,2,14,10,558,223,1,26,1,19,1080,219,2153,2017-04-30
GREAT YARMOUTH,23,24,24,614,249,5,36,0,26,834,170,2005,2017-04-30
GREENWICH,2,213,14,1587,653,3,166,0,62,3559,920,7179,2017-04-30
GUILDFORD,5,44,13,794,392,8,61,1,33,2025,443,3819,2017-04-30
GWYNEDD,67,15,52,631,297,4,36,0,65,1158,223,2548,2017-04-30
HACKNEY,3,233,14,1316,552,3,99,0,91,4157,1141,7609,2017-04-30
HALTON,9,46,26,653,278,6,89,0,53,1088,223,2471,2017-04-30
HAMBLETON,25,21,43,464,184,1,55,0,38,879,188,1898,2017-04-30
HAMMERSMITH AND FULHAM,4,193,4,1294,479,16,184,1,98,4330,841,7444,2017-04-30
HARBOROUGH,26,16,62,563,258,1,91,0,52,1252,361,2682,2017-04-30
HARINGEY,2,166,8,1361,502,8,91,0,168,4934,992,8232,2017-04-30
HARLOW,1,27,25,413,165,0,29,0,21,760,193,1634,2017-04-30
HARROGATE,41,55,38,964,384,1,49,0,71,1781,373,3757,2017-04-30
HARROW,13,115,14,1206,466,2,69,0,53,2922,557,5417,2017-04-30
HART,12,22,35,549,245,0,51,0,31,1120,273,2338,2017-04-30
HARTLEPOOL,9,20,22,442,182,1,33,0,16,682,148,1555,2017-04-30
HASTINGS,1,41,18,673,281,4,26,0,14,1553,346,2957,2017-04-30
HAVANT,21,27,29,698,289,2,45,0,22,1371,262,2766,2017-04-30
HAVERING,17,64,21,1489,650,5,55,0,48,2912,702,5963,2017-04-30
HEREFORDSHIRE,67,29,115,1371,429,7,106,0,103,1806,494,4527,2017-04-30
HERTSMERE,2,32,18,603,263,1,75,1,19,1382,268,2664,2017-04-30
HIGH PEAK,40,45,14,547,254,1,72,0,25,963,210,2171,2017-04-30
HILLINGDON,3,123,39,1525,673,3,79,0,127,3650,722,6944,2017-04-30
HINCKLEY AND BOSWORTH,15,26,32,635,271,2,65,0,41,1082,288,2457,2017-04-30
HORSHAM,21,83,59,841,378,2,96,1,57,1889,492,3919,2017-04-30
HOUNSLOW,2,117,17,1264,566,53,79,0,77,3384,713,6272,2017-04-30
HUNTINGDONSHIRE,40,36,49,1001,530,1,102,0,62,1743,469,4033,2017-04-30
HYNDBURN,23,10,7,375,159,2,6,0,42,907,134,1665,2017-04-30
IPSWICH,15,38,12,756,331,42,26,0,44,1227,256,2747,2017-04-30
ISLE OF ANGLESEY,45,2,22,378,159,1,12,0,51,704,142,1516,2017-04-30
ISLE OF WIGHT,29,28,36,932,351,2,60,0,72,1913,450,3873,2017-04-30
ISLES OF SCILLY,0,1,0,5,0,0,4,0,1,10,5,26,2017-04-30
ISLINGTON,0,135,14,1146,466,10,74,0,67,4384,1093,7389,2017-04-30
KENSINGTON AND CHELSEA,3,196,6,1427,494,8,113,0,126,6976,1567,10916,2017-04-30
KETTERING,19,23,77,618,278,3,77,0,27,1167,198,2487,2017-04-30
KING'S LYNN AND WEST NORFOLK,57,25,61,894,358,3,60,5,73,1504,335,3375,2017-04-30
KINGSTON UPON THAMES,4,52,9,960,453,2,44,0,24,2176,507,4231,2017-04-30
KIRKLEES,44,38,76,2242,1022,6,243,0,97,3806,850,8424,2017-04-30
KNOWSLEY,12,39,40,611,279,4,72,0,40,1124,264,2485,2017-04-30
LAMBETH,2,233,79,2008,867,16,267,0,87,5334,1396,10289,2017-04-30
LANCASTER,45,98,42,791,315,7,55,0,85,1463,278,3179,2017-04-30
LEEDS,78,197,169,4359,1944,14,326,0,220,7014,1579,15900,2017-04-30
LEICESTER,12,96,55,1435,574,2,110,0,102,2347,443,5176,2017-04-30
LEWES,6,32,20,606,245,0,22,1,19,1217,281,2449,2017-04-30
LEWISHAM,3,171,12,1824,766,3,106,0,58,4059,1037,8039,2017-04-30
LICHFIELD,15,16,62,608,268,0,46,0,63,1186,238,2502,2017-04-30
LINCOLN,15,20,21,515,272,1,33,0,35,863,179,1954,2017-04-30
LIVERPOOL,48,285,83,2617,1047,23,298,0,146,5499,1115,11161,2017-04-30
LUTON,17,89,19,1032,471,5,42,0,60,1880,420,4035,2017-04-30
MAIDSTONE,7,40,75,1073,461,2,108,0,56,2069,478,4369,2017-04-30
MALDON,21,6,27,839,173,0,35,0,34,696,171,2002,2017-04-30
MALVERN HILLS,26,13,60,656,166,1,54,0,79,865,219,2139,2017-04-30
MANCHESTER,28,169,61,2546,1409,23,256,0,202,8624,1865,15183,2017-04-30
MANSFIELD,6,17,25,516,225,1,38,0,29,912,237,2006,2017-04-30
MEDWAY,8,142,33,2217,721,2,44,0,56,3191,641,7055,2017-04-30
MELTON,22,7,16,282,137,2,24,0,12,447,108,1057,2017-04-30
MENDIP,48,23,60,748,266,20,78,0,83,1165,350,2841,2017-04-30
MERTHYR TYDFIL,16,4,20,381,108,2,11,0,23,551,90,1206,2017-04-30
MERTON,1,82,11,1208,591,3,98,0,66,2946,644,5650,2017-04-30
MID DEVON,24,12,80,576,226,7,61,0,45,912,211,2154,2017-04-30
MID SUFFOLK,30,11,43,597,242,0,61,0,55,974,271,2284,2017-04-30
MID SUSSEX,10,64,54,971,392,2,94,1,60,2094,539,4281,2017-04-30
MIDDLESBROUGH,24,52,39,588,274,4,42,0,21,1179,200,2423,2017-04-30
MILTON KEYNES,30,111,83,1707,653,23,277,0,78,2785,860,6607,2017-04-30
MOLE VALLEY,2,28,20,602,222,1,23,0,32,1207,270,2407,2017-04-30
MONMOUTHSHIRE,59,6,48,493,205,0,26,0,42,933,259,2071,2017-04-30
NEATH PORT TALBOT,29,28,32,753,282,3,29,0,24,1054,191,2425,2017-04-30
NEW FOREST,21,44,34,1089,458,4,62,0,75,2232,550,4569,2017-04-30
NEWARK AND SHERWOOD,44,14,37,643,275,3,71,0,41,1158,262,2548,2017-04-30
NEWCASTLE UPON TYNE,18,116,77,1335,601,6,98,0,86,3044,802,6183,2017-04-30
NEWCASTLE-UNDER-LYME,20,55,21,566,280,1,48,0,36,1010,180,2217,2017-04-30
NEWHAM,7,267,16,1492,635,1,438,0,48,3476,746,7126,2017-04-30
NEWPORT,26,54,140,929,332,15,97,0,80,1648,362,3683,2017-04-30
NORTH CORNWALL,0,0,0,1,0,0,0,0,0,1,0,2,2017-04-30
NORTH DEVON,34,28,49,599,244,5,86,0,61,1022,224,2352,2017-04-30
NORTH DORSET,14,10,18,364,195,1,19,0,34,753,186,1594,2017-04-30
NORTH EAST DERBYSHIRE,29,7,25,496,218,0,30,0,45,955,174,1979,2017-04-30
NORTH EAST LINCOLNSHIRE,25,17,40,895,367,2,55,0,39,1196,217,2853,2017-04-30
NORTH HERTFORDSHIRE,16,40,37,745,303,0,58,0,48,1601,445,3293,2017-04-30
NORTH KESTEVEN,33,17,42,660,304,0,75,0,53,1045,273,2502,2017-04-30
NORTH LINCOLNSHIRE,40,24,58,916,362,3,32,0,49,1458,284,3226,2017-04-30
NORTH NORFOLK,46,19,43,642,286,2,85,0,88,1280,301,2792,2017-04-30
NORTH SOMERSET,28,69,55,1285,598,5,111,0,66,2290,602,5109,2017-04-30
NORTH TYNESIDE,23,48,34,1260,551,5,73,0,71,2053,477,4595,2017-04-30
NORTH WARWICKSHIRE,12,9,25,414,168,0,30,0,39,814,160,1671,2017-04-30
NORTH WEST LEICESTERSHIRE,15,21,66,615,262,8,101,0,65,932,246,2331,2017-04-30
NORTHAMPTON,10,72,36,1316,620,2,66,0,65,2238,563,4988,2017-04-30
NORTHUMBERLAND,90,135,189,1757,679,9,179,0,139,3441,775,7393,2017-04-30
NORWICH,6,98,26,762,341,1,62,1,37,1295,334,2963,2017-04-30
NUNEATON AND BEDWORTH,15,15,28,722,328,1,59,0,45,1092,287,2592,2017-04-30
OADBY AND WIGSTON,6,10,8,312,137,2,13,0,7,440,77,1012,2017-04-30
OLDHAM,27,34,35,1110,513,8,73,0,93,2344,441,4678,2017-04-30
OXFORD,4,39,9,689,278,5,32,0,53,1755,316,3180,2017-04-30
PEMBROKESHIRE,59,10,59,672,263,2,70,0,64,1270,266,2735,2017-04-30
PENDLE,23,6,9,436,216,1,24,0,61,768,129,1673,2017-04-30
PENWITH,0,0,0,0,0,0,0,0,0,1,0,1,2017-04-30
POOLE,10,51,31,966,426,1,63,0,43,1885,532,4008,2017-04-30
PORTSMOUTH,25,66,10,1242,561,4,39,0,48,2493,452,4940,2017-04-30
POWYS,79,10,49,735,316,36,49,0,110,1438,295,3117,2017-04-30
PRESTON,13,178,10,774,297,5,67,0,52,1495,278,3169,2017-04-30
PURBECK,8,9,12,293,110,1,29,0,23,572,145,1202,2017-04-30
READING,9,86,37,1081,427,9,68,0,59,2200,445,4421,2017-04-30
REDBRIDGE,12,115,29,1571,586,4,42,0,46,3242,649,6296,2017-04-30
REDCAR AND CLEVELAND,16,23,29,627,254,4,38,0,40,1019,208,2258,2017-04-30
REDDITCH,16,10,8,612,254,0,18,0,17,779,179,1893,2017-04-30
REIGATE AND BANSTEAD,0,79,33,932,418,6,55,0,57,1952,570,4102,2017-04-30
RHONDDA CYNON TAFF,69,13,60,1278,606,12,54,0,83,1958,328,4461,2017-04-30
RIBBLE VALLEY,22,38,24,361,165,4,57,0,63,690,140,1564,2017-04-30
RICHMOND UPON THAMES,3,129,9,1271,558,1,88,0,58,3275,659,6051,2017-04-30
RICHMONDSHIRE,31,7,38,291,122,0,39,0,17,572,113,1230,2017-04-30
ROCHDALE,16,36,51,1153,449,3,88,0,64,2122,389,4371,2017-04-30
ROCHFORD,23,13,27,562,208,0,31,0,35,784,173,1856,2017-04-30
ROSSENDALE,9,12,12,401,153,1,36,0,26,736,152,1538,2017-04-30
ROTHER,11,26,17,641,292,2,41,0,16,1409,362,2817,2017-04-30
ROTHERHAM,21,25,51,1442,566,2,66,0,61,2186,449,4869,2017-04-30
RUGBY,12,20,36,602,262,1,49,0,25,1054,252,2313,2017-04-30
RUNNYMEDE,6,35,10,471,219,1,57,0,30,1035,255,2119,2017-04-30
RUSHCLIFFE,19,7,35,646,297,2,59,0,44,927,228,2264,2017-04-30
RUSHMOOR,8,51,21,543,262,6,72,0,35,985,290,2273,2017-04-30
RUTLAND,7,10,34,202,112,0,31,0,24,555,235,1210,2017-04-30
RYEDALE,28,10,36,277,138,6,26,0,28,550,107,1206,2017-04-30
SALFORD,29,303,19,1606,732,14,125,0,121,3568,844,7361,2017-04-30
SALISBURY,0,0,0,0,0,0,0,0,1,0,0,1,2017-04-30
SANDWELL,22,38,68,1373,537,4,94,0,78,2363,543,5120,2017-04-30
SCARBOROUGH,41,269,57,701,315,4,79,0,49,1213,285,3013,2017-04-30
SEDGEMOOR,37,18,48,663,319,4,56,0,52,1105,294,2596,2017-04-30
SEFTON,38,41,38,1358,615,4,68,0,95,2595,595,5447,2017-04-30
SELBY,27,11,62,550,244,1,60,1,29,1033,261,2279,2017-04-30
SEVENOAKS,2,39,24,717,317,2,67,0,27,1465,296,2956,2017-04-30
SHEFFIELD,102,122,114,2906,1273,10,208,0,204,4964,1357,11260,2017-04-30
SHEPWAY,9,33,30,697,281,2,56,0,26,1330,309,2773,2017-04-30
SHROPSHIRE,116,53,181,1699,717,1,205,0,209,3178,826,7185,2017-04-30
SLOUGH,13,52,9,853,360,1,109,0,22,2068,417,3904,2017-04-30
SOLIHULL,19,74,58,1181,511,4,101,0,70,2398,480,4896,2017-04-30
SOUTH BUCKS,11,44,28,418,165,9,40,0,35,1134,216,2100,2017-04-30
SOUTH CAMBRIDGESHIRE,43,24,66,855,414,6,91,1,68,1641,420,3629,2017-04-30
SOUTH DERBYSHIRE,16,16,82,602,267,10,82,0,41,960,214,2290,2017-04-30
SOUTH GLOUCESTERSHIRE,66,65,104,1624,683,5,146,0,81,2766,665,6205,2017-04-30
SOUTH HAMS,17,21,78,681,295,0,70,0,72,1384,351,2969,2017-04-30
SOUTH HOLLAND,30,12,41,564,212,7,53,0,52,785,187,1943,2017-04-30
SOUTH KESTEVEN,35,20,39,750,347,1,85,0,71,1285,383,3016,2017-04-30
SOUTH LAKELAND,59,25,45,689,288,5,58,0,67,1414,374,3024,2017-04-30
SOUTH NORFOLK,40,35,92,815,343,2,147,8,86,1402,360,3330,2017-04-30
SOUTH NORTHAMPTONSHIRE,16,25,61,540,239,0,89,0,38,1501,249,2758,2017-04-30
SOUTH OXFORDSHIRE,17,34,61,788,326,7,77,0,62,1991,444,3807,2017-04-30
SOUTH RIBBLE,29,18,12,542,256,3,46,0,72,1025,200,2203,2017-04-30
SOUTH SOMERSET,61,42,49,887,414,4,91,1,108,1616,439,3712,2017-04-30
SOUTH STAFFORDSHIRE,26,15,33,560,207,2,29,0,34,960,194,2060,2017-04-30
SOUTH TYNESIDE,11,20,70,611,293,2,60,0,22,1289,244,2622,2017-04-30
SOUTHAMPTON,23,96,27,1344,625,19,73,1,52,3066,709,6035,2017-04-30
SOUTHEND-ON-SEA,13,124,27,1289,625,4,86,1,40,2337,620,5166,2017-04-30
SOUTHWARK,5,252,18,1712,774,8,433,0,114,5541,1415,10272,2017-04-30
SPELTHORNE,0,22,13,544,253,1,44,0,25,1213,252,2367,2017-04-30
ST ALBANS,13,45,15,900,385,2,36,0,32,1768,363,3559,2017-04-30
ST EDMUNDSBURY,34,13,28,573,267,11,39,1,57,1050,269,2342,2017-04-30
ST HELENS,28,54,31,892,422,9,78,0,115,1607,326,3562,2017-04-30
STAFFORD,40,22,91,689,303,1,96,0,91,1277,350,2960,2017-04-30
STAFFORDSHIRE MOORLANDS,39,13,25,508,210,1,48,0,70,891,172,1977,2017-04-30
STEVENAGE,4,70,16,482,205,1,29,0,12,967,209,1995,2017-04-30
STOCKPORT,42,76,37,1786,752,6,93,0,103,3285,753,6933,2017-04-30
STOCKTON-ON-TEES,20,38,87,1008,459,5,101,0,48,1683,390,3839,2017-04-30
STOKE-ON-TRENT,18,15,21,1283,575,5,74,0,70,1977,428,4466,2017-04-30
STRATFORD-ON-AVON,31,41,92,826,378,1,147,0,73,1616,379,3584,2017-04-30
STROUD,27,28,35,710,358,0,62,0,60,1188,298,2766,2017-04-30
SUFFOLK COASTAL,57,24,57,716,342,2,94,5,77,1419,293,3086,2017-04-30
SUNDERLAND,20,71,94,1182,516,9,107,0,66,2014,469,4548,2017-04-30
SURREY HEATH,2,23,18,580,233,5,31,0,18,1109,287,2306,2017-04-30
SUTTON,2,103,7,1182,510,1,94,0,50,2294,601,4844,2017-04-30
SWALE,5,34,53,1088,406,5,70,0,46,1877,431,4015,2017-04-30
SWANSEA,50,98,62,1429,518,3,108,0,113,2277,436,5094,2017-04-30
SWINDON,29,71,65,1375,618,3,148,0,59,1863,523,4754,2017-04-30
TAMESIDE,28,51,19,1358,541,1,60,0,65,2115,464,4702,2017-04-30
TAMWORTH,2,31,13,432,178,1,31,0,24,602,140,1454,2017-04-30
TANDRIDGE,3,65,27,618,253,3,46,0,28,1334,285,2662,2017-04-30
TAUNTON DEANE,35,49,84,714,288,0,93,0,50,1172,311,2796,2017-04-30
TEIGNBRIDGE,18,26,75,830,371,2,93,0,36,1423,388,3262,2017-04-30
TENDRING,49,21,35,958,386,5,52,1,79,1512,329,3427,2017-04-30
TEST VALLEY,21,57,53,703,305,10,104,0,47,1445,353,3098,2017-04-30
TEWKESBURY,19,28,75,547,248,0,80,0,35,919,249,2200,2017-04-30
THANET,5,55,37,908,425,4,43,0,22,1910,392,3801,2017-04-30
THE VALE OF GLAMORGAN,21,26,62,857,315,5,73,0,33,1405,239,3036,2017-04-30
THREE RIVERS,3,20,7,509,187,4,22,0,25,1189,220,2186,2017-04-30
THURROCK,13,90,46,1020,445,0,80,1,39,2070,450,4254,2017-04-30
TONBRIDGE AND MALLING,5,50,55,776,292,3,110,6,37,1622,470,3426,2017-04-30
TORBAY,15,35,26,819,393,4,44,0,27,1328,422,3113,2017-04-30
TORFAEN,21,10,17,474,186,6,30,0,20,594,130,1488,2017-04-30
TORRIDGE,19,9,49,426,205,2,57,0,41,763,160,1731,2017-04-30
TOWER HAMLETS,4,508,15,1942,790,3,416,0,111,5505,1513,10807,2017-04-30
TRAFFORD,32,51,21,1383,630,5,65,0,98,2866,693,5844,2017-04-30
TUNBRIDGE WELLS,6,35,32,808,348,4,78,0,63,1917,449,3740,2017-04-30
UTTLESFORD,18,16,79,555,213,2,75,1,58,1232,266,2515,2017-04-30
VALE OF WHITE HORSE,14,47,119,745,299,7,156,0,39,1612,415,3453,2017-04-30
WAKEFIELD,47,66,167,1926,745,7,253,0,92,3021,594,6918,2017-04-30
WALSALL,17,28,74,1221,629,6,75,0,50,2205,465,4770,2017-04-30
WALTHAM FOREST,20,160,21,1488,595,2,80,2,60,3861,837,7126,2017-04-30
WANDSWORTH,5,346,22,2491,1020,13,282,0,97,6613,1570,12459,2017-04-30
WARRINGTON,33,38,41,1246,570,1,65,0,78,2121,572,4765,2017-04-30
WARWICK,17,64,50,827,375,1,98,0,51,1523,358,3364,2017-04-30
WATFORD,4,60,13,684,264,0,15,0,30,1318,313,2701,2017-04-30
WAVENEY,28,8,19,649,276,1,33,0,33,980,222,2249,2017-04-30
WAVERLEY,6,34,37,897,332,3,92,7,75,2115,405,4003,2017-04-30
WEALDEN,20,35,49,949,404,4,75,6,56,2150,485,4233,2017-04-30
WELLINGBOROUGH,13,15,20,464,185,0,32,0,30,643,153,1555,2017-04-30
WELWYN HATFIELD,19,37,20,575,261,4,49,2,25,1148,331,2471,2017-04-30
WEST BERKSHIRE,11,41,47,924,401,6,102,2,45,2005,462,4046,2017-04-30
WEST DEVON,22,18,25,346,169,5,36,0,26,612,153,1412,2017-04-30
WEST DORSET,32,37,34,652,240,3,60,0,77,1352,335,2822,2017-04-30
WEST LANCASHIRE,34,18,27,605,220,7,40,0,52,1050,220,2273,2017-04-30
WEST LINDSEY,42,13,18,482,240,2,55,0,43,1000,190,2085,2017-04-30
WEST OXFORDSHIRE,22,23,25,647,309,11,68,0,50,1372,300,2827,2017-04-30
WEST SOMERSET,16,9,24,257,114,1,31,0,23,422,110,1007,2017-04-30
WEYMOUTH AND PORTLAND,14,15,13,421,173,3,15,1,34,609,172,1470,2017-04-30
WIGAN,48,62,61,1932,793,9,132,0,226,3211,723,7197,2017-04-30
WILTSHIRE,104,113,194,2831,1208,23,252,0,231,4847,1326,11129,2017-04-30
WINCHESTER,21,26,66,745,276,7,65,1,60,1477,350,3094,2017-04-30
WINDSOR AND MAIDENHEAD,8,52,24,969,426,31,65,0,61,2525,489,4650,2017-04-30
WIRRAL,31,32,27,1606,909,5,66,0,90,2601,538,5905,2017-04-30
WOKING,1,14,22,564,255,1,47,0,33,1328,324,2589,2017-04-30
WOKINGHAM,3,100,60,1005,401,8,161,0,50,2206,480,4474,2017-04-30
WOLVERHAMPTON,62,33,66,1025,435,3,92,0,70,1873,404,4063,2017-04-30
WORCESTER,15,42,16,676,247,1,39,0,44,990,241,2311,2017-04-30
WREKIN,10,27,73,900,409,8,132,0,81,1545,446,3631,2017-04-30
WORTHING,8,86,31,727,312,9,49,0,24,1502,381,3129,2017-04-30
WREXHAM,34,35,36,589,280,6,25,0,42,1001,204,2252,2017-04-30
WYCHAVON,46,25,149,896,269,0,128,0,80,1409,324,3326,2017-04-30
WYCOMBE,35,68,43,1022,457,18,121,0,65,2549,482,4860,2017-04-30
WYRE,39,12,12,524,263,4,65,0,71,1035,257,2282,2017-04-30
WYRE FOREST,30,18,32,473,230,0,18,0,43,833,189,1866,2017-04-30
YORK,72,37,37,1076,552,2,179,0,85,1689,448,4177,2017-04-30
Total,11407,27278,21249,416951,180733,2965,39367,107,25907,872384,197708,1796056,2017-03-31
ALL COUNTIES,0,0,0,0,0,0,0,0,0,11,70,81,2017-03-31
ADUR,8,13,10,453,221,8,17,0,23,827,212,1792,2017-03-31
ALLERDALE,56,15,41,664,284,6,63,0,75,1852,284,3340,2017-03-31
AMBER VALLEY,63,12,82,815,370,6,98,0,69,1409,278,3202,2017-03-31
ARUN,40,62,88,1231,494,6,102,0,42,2592,647,5304,2017-03-31
ASHFIELD,40,29,79,844,367,5,67,0,39,1541,272,3283,2017-03-31
ASHFORD,7,57,65,1240,463,1,100,3,54,2271,530,4791,2017-03-31
AYLESBURY VALE,33,66,165,1399,642,7,199,2,116,3084,779,6492,2017-03-31
BABERGH,33,21,22,612,285,2,80,1,60,1132,263,2511,2017-03-31
BARKING AND DAGENHAM,11,84,29,1426,581,3,111,1,33,2915,629,5823,2017-03-31
BARNET,17,415,71,2777,1082,13,365,3,192,7881,1649,14465,2017-03-31
BARNSLEY,44,43,80,1498,682,4,131,0,83,2407,513,5485,2017-03-31
BARROW-IN-FURNESS,17,9,28,430,225,2,23,0,21,755,115,1625,2017-03-31
BASILDON,27,44,72,1397,620,10,62,0,50,2448,604,5334,2017-03-31
BASINGSTOKE AND DEANE,31,39,61,1282,534,1,103,2,63,2392,681,5189,2017-03-31
BASSETLAW,38,17,54,758,331,3,46,0,97,1628,497,3469,2017-03-31
BATH AND NORTH EAST SOMERSET,77,52,162,1381,550,4,182,0,116,2813,647,5984,2017-03-31
BEDFORD,17,63,93,1268,582,2,219,0,73,2612,605,5534,2017-03-31
BEXLEY,20,107,26,1761,820,10,60,2,51,3557,760,7174,2017-03-31
BIRMINGHAM,128,308,183,6412,2715,39,319,1,377,14448,3104,28034,2017-03-31
BLABY,29,24,73,677,283,1,104,0,31,1158,333,2713,2017-03-31
BLACKBURN WITH DARWEN,15,22,26,877,411,7,35,0,113,1763,357,3626,2017-03-31
BLACKPOOL,42,29,6,1001,441,7,18,0,77,2194,322,4137,2017-03-31
BLAENAU GWENT,43,2,10,409,136,3,10,0,17,766,168,1564,2017-03-31
BOLSOVER,16,17,29,474,224,3,88,0,38,1279,250,2418,2017-03-31
BOLTON,28,122,82,1827,802,6,90,0,170,4444,971,8542,2017-03-31
BOSTON,34,11,26,386,194,2,53,0,34,740,144,1624,2017-03-31
BOURNEMOUTH,66,235,16,1665,754,3,100,0,41,3285,939,7104,2017-03-31
BRACKNELL FOREST,5,46,60,935,429,11,58,0,39,1834,524,3941,2017-03-31
BRADFORD,72,89,130,3022,1259,22,226,0,144,5961,983,11908,2017-03-31
BRAINTREE,23,29,38,1104,504,18,65,0,76,2194,562,4613,2017-03-31
BRECKLAND,54,33,67,913,457,3,124,0,64,1805,434,3954,2017-03-31
BRENT,3,277,16,1977,840,8,151,0,102,5806,1179,10359,2017-03-31
BRENTWOOD,9,28,16,569,295,1,61,0,22,1278,268,2547,2017-03-31
BRIDGEND,35,10,49,1002,473,8,90,0,69,1718,342,3796,2017-03-31
BRIGHTON AND HOVE,13,324,23,2839,1153,8,105,0,77,5184,1495,11221,2017-03-31
BROADLAND,65,25,92,808,423,1,95,4,89,1435,310,3347,2017-03-31
BROMLEY,15,212,33,2466,1097,13,153,0,62,5143,1243,10437,2017-03-31
BROMSGROVE,26,24,42,795,312,0,63,0,46,1370,284,2962,2017-03-31
BROXBOURNE,9,38,12,693,314,12,52,0,40,1479,360,3009,2017-03-31
BROXTOWE,23,39,22,719,306,5,30,0,49,1528,275,2996,2017-03-31
BURNLEY,23,43,26,639,335,1,31,0,80,1847,417,3442,2017-03-31
BURY,19,59,30,1432,591,2,60,0,140,2648,658,5639,2017-03-31
CAERPHILLY,68,14,26,1339,442,3,37,0,62,1851,407,4249,2017-03-31
CALDERDALE,37,26,49,1359,702,7,97,0,70,2717,568,5632,2017-03-31
CAMBRIDGE,20,143,29,853,329,2,104,0,82,1666,456,3684,2017-03-31
CAMDEN,4,332,5,1677,692,13,238,0,253,7993,2192,13399,2017-03-31
CANNOCK CHASE,11,19,72,644,291,3,76,0,27,1122,233,2498,2017-03-31
CANTERBURY,11,54,41,1153,493,3,62,6,34,2396,517,4770,2017-03-31
CARDIFF,46,108,49,2595,1042,14,96,0,103,5058,1015,10126,2017-03-31
CARLISLE,57,23,97,839,360,11,106,0,63,1508,355,3419,2017-03-31
CARMARTHENSHIRE,105,24,94,1290,516,8,79,0,106,2294,437,4953,2017-03-31
CASTLE POINT,28,21,14,620,273,5,24,2,47,1025,161,2220,2017-03-31
CENTRAL BEDFORDSHIRE,52,115,145,2180,991,12,225,2,111,3910,970,8713,2017-03-31
CEREDIGION,68,13,37,471,170,1,29,0,55,955,163,1962,2017-03-31
CHARNWOOD,41,37,137,1003,498,4,170,2,50,2059,627,4628,2017-03-31
CHELMSFORD,31,93,52,1293,567,12,261,0,78,2652,586,5625,2017-03-31
CHELTENHAM,34,72,44,965,408,7,83,0,55,1544,427,3639,2017-03-31
CHERWELL,31,64,131,1100,497,17,185,0,84,2467,600,5176,2017-03-31
CHESHIRE EAST,83,165,160,2828,1310,10,375,0,187,5728,1237,12083,2017-03-31
CHESHIRE WEST AND CHESTER,57,177,137,2443,1032,16,341,3,159,4819,1078,10262,2017-03-31
CHESTER,0,0,0,0,0,0,0,0,1,0,0,1,2017-03-31
CHESTERFIELD,16,15,30,636,317,3,43,0,45,1054,281,2440,2017-03-31
CHICHESTER,35,66,58,1000,368,2,125,2,69,2106,508,4339,2017-03-31
CHILTERN,27,40,19,663,310,6,51,0,48,1555,354,3073,2017-03-31
CHORLEY,40,140,51,809,422,5,85,0,93,1670,382,3697,2017-03-31
CHRISTCHURCH,11,21,6,341,177,3,31,0,21,754,180,1545,2017-03-31
CITY OF BRISTOL,38,207,69,3507,1504,14,290,0,164,7322,1556,14671,2017-03-31
CITY OF DERBY,23,43,54,1443,668,11,149,0,56,2405,510,5362,2017-03-31
CITY OF KINGSTON UPON HULL,19,47,89,1677,710,12,151,0,115,3091,513,6424,2017-03-31
CITY OF LONDON,4,97,4,499,116,44,84,0,116,2340,762,4066,2017-03-31
CITY OF NOTTINGHAM,19,55,82,1631,775,24,127,0,75,4341,904,8033,2017-03-31
CITY OF PETERBOROUGH,16,186,106,1302,612,3,256,1,67,2528,665,5742,2017-03-31
CITY OF PLYMOUTH,37,104,101,1873,764,17,161,0,59,2672,625,6413,2017-03-31
CITY OF WESTMINSTER,10,815,21,3405,1120,28,569,0,399,15718,4247,26332,2017-03-31
COLCHESTER,38,65,74,1456,630,8,180,0,79,2796,691,6017,2017-03-31
CONWY,62,132,26,862,365,3,110,0,65,1719,375,3719,2017-03-31
COPELAND,25,3,30,416,233,1,44,0,41,1022,152,1967,2017-03-31
CORBY,9,17,48,536,275,1,92,0,20,898,338,2234,2017-03-31
CORNWALL,243,165,454,4464,1871,35,583,1,503,8522,1952,18793,2017-03-31
COTSWOLD,21,46,109,794,330,3,109,0,63,1558,389,3422,2017-03-31
COUNTY DURHAM,121,68,359,3284,1597,63,247,1,234,6687,1274,13935,2017-03-31
COVENTRY,62,146,103,2025,925,8,211,0,115,3484,693,7772,2017-03-31
CRAVEN,45,14,20,384,157,2,75,0,30,743,130,1600,2017-03-31
CRAWLEY,12,78,20,817,340,7,47,0,23,1602,348,3294,2017-03-31
CREWE AND NANTWICH,0,0,0,0,0,0,0,0,1,0,0,1,2017-03-31
CROYDON,8,388,38,3018,1391,16,312,0,133,7040,1503,13847,2017-03-31
DACORUM,22,81,63,1106,501,8,103,1,56,2169,524,4634,2017-03-31
DARLINGTON,14,20,25,645,269,2,54,0,37,1224,231,2521,2017-03-31
DARTFORD,9,88,70,1016,406,2,158,1,35,1866,452,4103,2017-03-31
DAVENTRY,26,19,65,633,276,2,94,0,36,1296,396,2843,2017-03-31
DENBIGHSHIRE,44,4,29,633,275,1,46,0,63,1222,216,2533,2017-03-31
DERBYSHIRE DALES,47,34,42,623,194,3,56,0,56,1008,231,2294,2017-03-31
DONCASTER,50,39,114,1940,835,10,206,0,112,3438,699,7443,2017-03-31
DOVER,6,22,42,856,376,12,94,0,28,1556,303,3295,2017-03-31
DUDLEY,52,83,123,1817,721,9,144,0,68,3153,770,6940,2017-03-31
EALING,6,269,26,2282,919,22,198,0,98,6689,1211,11720,2017-03-31
EAST CAMBRIDGESHIRE,34,14,60,586,318,5,32,2,52,1432,318,2853,2017-03-31
EAST DEVON,33,47,116,1058,467,8,137,0,61,2121,552,4600,2017-03-31
EAST DORSET,19,39,30,682,263,6,32,0,50,1346,310,2777,2017-03-31
EAST HAMPSHIRE,28,34,62,828,363,1,75,0,56,1816,447,3710,2017-03-31
EAST HERTFORDSHIRE,34,61,78,1099,519,5,128,0,61,2553,608,5146,2017-03-31
EAST LINDSEY,82,26,38,909,379,3,63,1,106,1643,323,3573,2017-03-31
EAST NORTHAMPTONSHIRE,28,30,61,694,368,4,123,0,45,1218,265,2836,2017-03-31
EAST RIDING OF YORKSHIRE,94,47,150,3365,1105,13,218,0,193,4174,782,10141,2017-03-31
EAST STAFFORDSHIRE,42,25,49,762,334,2,80,0,59,1284,305,2942,2017-03-31
EASTBOURNE,2,75,6,934,342,2,50,0,26,2036,557,4030,2017-03-31
EASTLEIGH,14,54,45,1068,454,4,95,0,45,1696,413,3888,2017-03-31
EDEN,38,14,43,449,216,2,46,0,47,931,194,1980,2017-03-31
ELMBRIDGE,4,57,27,1082,482,8,55,0,51,3156,611,5533,2017-03-31
ENFIELD,9,221,26,2312,987,18,157,1,68,5966,1241,11006,2017-03-31
EPPING FOREST,23,57,31,1054,443,5,66,1,60,2328,475,4543,2017-03-31
EPSOM AND EWELL,1,35,15,586,219,4,52,0,27,1096,233,2268,2017-03-31
EREWASH,22,9,16,773,407,0,30,0,38,1339,267,2901,2017-03-31
EXETER,22,80,61,862,416,14,99,0,75,1652,371,3652,2017-03-31
FAREHAM,17,35,59,851,351,1,34,1,35,1477,430,3291,2017-03-31
FENLAND,52,7,82,757,292,0,68,1,53,1306,277,2895,2017-03-31
FLINTSHIRE,61,45,69,997,407,7,113,0,95,1842,332,3968,2017-03-31
FOREST HEATH,22,19,51,490,257,1,76,0,30,875,217,2038,2017-03-31
FOREST OF DEAN,45,25,41,552,246,2,45,0,50,985,209,2200,2017-03-31
FYLDE,19,62,31,656,256,5,86,0,74,1736,304,3229,2017-03-31
GATESHEAD,26,58,51,1344,655,3,53,0,61,2594,560,5405,2017-03-31
GEDLING,27,11,14,794,336,2,25,0,27,1330,275,2841,2017-03-31
GLOUCESTER,17,50,27,1026,422,6,47,0,73,1488,412,3568,2017-03-31
GOSPORT,8,22,31,570,254,1,25,1,20,1006,234,2172,2017-03-31
GRAVESHAM,4,27,16,703,297,1,38,0,53,1412,324,2875,2017-03-31
GREAT YARMOUTH,16,34,37,689,325,0,36,0,44,1106,248,2535,2017-03-31
GREENWICH,4,308,29,1985,838,9,169,0,61,4923,1272,9598,2017-03-31
GUILDFORD,13,125,26,1062,435,16,96,2,66,2540,586,4967,2017-03-31
GWYNEDD,80,20,56,841,363,2,51,0,66,1552,287,3318,2017-03-31
HACKNEY,5,302,14,1588,702,13,179,0,91,5806,1406,10106,2017-03-31
HALTON,20,54,37,853,380,6,126,0,61,1335,275,3147,2017-03-31
HAMBLETON,47,21,71,683,278,3,75,0,57,1136,241,2612,2017-03-31
HAMMERSMITH AND FULHAM,3,292,13,1582,612,15,159,0,91,5559,1139,9465,2017-03-31
HARBOROUGH,27,25,72,664,333,10,80,0,70,1266,458,3005,2017-03-31
HARINGEY,6,214,10,1842,682,32,123,0,93,5406,1246,9654,2017-03-31
HARLOW,8,32,27,1175,233,17,43,0,21,1021,332,2909,2017-03-31
HARROGATE,56,58,50,1106,508,6,106,0,112,2273,505,4780,2017-03-31
HARROW,2,145,12,1622,623,1,97,1,80,3817,718,7118,2017-03-31
HART,15,31,55,659,303,6,83,0,28,1406,368,2954,2017-03-31
HARTLEPOOL,10,35,42,630,216,2,45,0,20,858,260,2118,2017-03-31
HASTINGS,3,65,13,757,384,6,48,1,21,1786,472,3556,2017-03-31
HAVANT,29,53,49,823,385,3,59,0,40,1381,355,3177,2017-03-31
HAVERING,22,175,34,1994,791,5,100,0,43,3594,943,7701,2017-03-31
HEREFORDSHIRE,82,33,87,1167,594,6,118,0,198,2386,622,5293,2017-03-31
HERTSMERE,5,39,20,744,362,3,61,0,34,1867,443,3578,2017-03-31
HIGH PEAK,49,28,20,693,327,1,80,0,49,1187,265,2699,2017-03-31
HILLINGDON,4,146,23,1923,841,4,105,0,142,4542,863,8593,2017-03-31
HINCKLEY AND BOSWORTH,37,41,56,914,386,1,134,0,31,1315,333,3248,2017-03-31
HORSHAM,32,128,99,1174,455,6,136,0,70,2345,594,5039,2017-03-31
HOUNSLOW,2,204,18,1679,713,56,168,1,78,4335,964,8218,2017-03-31
HUNTINGDONSHIRE,42,45,66,1357,563,4,157,0,75,2422,579,5310,2017-03-31
HYNDBURN,35,8,6,546,274,2,27,0,81,1060,213,2252,2017-03-31
IPSWICH,14,57,13,959,409,73,34,0,33,1582,329,3503,2017-03-31
ISLE OF ANGLESEY,42,4,19,461,219,2,26,0,44,935,167,1919,2017-03-31
ISLE OF WIGHT,41,57,65,1144,475,5,92,0,70,2091,589,4629,2017-03-31
ISLES OF SCILLY,0,4,2,15,7,0,4,0,1,28,7,68,2017-03-31
ISLINGTON,5,229,10,1675,613,30,126,0,75,5542,1466,9771,2017-03-31
KENSINGTON AND CHELSEA,7,252,14,1782,691,10,160,0,173,8720,2129,13938,2017-03-31
KETTERING,26,26,142,847,398,3,117,0,26,1345,324,3254,2017-03-31
KING'S LYNN AND WEST NORFOLK,90,22,108,1211,458,2,103,6,91,1973,454,4518,2017-03-31
KINGSTON UPON THAMES,11,100,8,1271,537,4,60,0,43,2770,625,5429,2017-03-31
KIRKLEES,78,45,109,2817,1221,10,428,0,116,5477,1046,11347,2017-03-31
KNOWSLEY,10,62,51,827,343,9,110,0,57,1659,355,3483,2017-03-31
LAMBETH,7,337,305,2457,1117,12,251,0,115,8566,1855,15022,2017-03-31
LANCASTER,66,62,42,845,422,7,80,0,111,2013,330,3978,2017-03-31
LEEDS,112,291,232,5331,2354,37,428,0,267,9964,2062,21078,2017-03-31
LEICESTER,12,140,88,1920,790,7,113,0,111,3533,990,7704,2017-03-31
LEWES,12,39,24,717,331,2,45,0,29,1624,330,3153,2017-03-31
LEWISHAM,5,284,10,2311,950,7,105,0,54,5550,1291,10567,2017-03-31
LICHFIELD,16,22,44,1451,341,2,75,0,52,1594,349,3946,2017-03-31
LINCOLN,15,22,24,697,306,1,57,0,38,1192,216,2568,2017-03-31
LIVERPOOL,61,445,120,3208,1382,26,572,0,181,7557,1486,15038,2017-03-31
LUTON,16,99,19,1372,604,13,82,0,54,2560,529,5348,2017-03-31
MAIDSTONE,14,78,90,1325,601,3,159,0,56,2799,579,5704,2017-03-31
MALDON,19,3,48,407,368,0,52,1,32,1094,200,2224,2017-03-31
MALVERN HILLS,34,20,73,569,237,1,73,0,62,1112,239,2420,2017-03-31
MANCHESTER,28,345,90,3581,1424,22,294,14,265,9751,2389,18203,2017-03-31
MANSFIELD,28,10,41,689,313,3,44,1,25,1253,358,2765,2017-03-31
MEDWAY,16,60,55,2190,1867,6,120,0,61,3688,738,8801,2017-03-31
MELTON,23,7,43,320,130,4,34,0,23,628,257,1469,2017-03-31
MENDIP,60,29,73,889,384,4,95,0,76,1518,372,3500,2017-03-31
MERTHYR TYDFIL,34,7,23,396,167,6,35,0,24,735,134,1561,2017-03-31
MERTON,4,124,11,1591,715,7,134,0,60,4063,844,7553,2017-03-31
MID DEVON,38,22,76,612,262,1,74,0,64,1261,235,2645,2017-03-31
MID SUFFOLK,48,10,58,753,338,7,71,0,61,1354,313,3013,2017-03-31
MID SUSSEX,15,86,109,1344,592,7,159,2,103,3000,617,6034,2017-03-31
MIDDLESBROUGH,14,21,80,761,376,2,77,0,37,1393,273,3034,2017-03-31
MILTON KEYNES,34,164,110,1997,889,12,374,0,98,3849,1076,8603,2017-03-31
MOLE VALLEY,3,37,17,683,296,5,28,0,30,1386,351,2836,2017-03-31
MONMOUTHSHIRE,63,8,52,649,250,6,66,0,58,1269,321,2742,2017-03-31
NEATH PORT TALBOT,30,33,45,888,411,4,32,0,42,1414,275,3174,2017-03-31
NEW FOREST,39,107,37,1246,503,13,80,0,77,2562,541,5205,2017-03-31
NEWARK AND SHERWOOD,52,24,65,776,360,6,76,0,79,1479,400,3317,2017-03-31
NEWCASTLE UPON TYNE,30,141,121,1849,738,4,182,0,86,3993,1053,8197,2017-03-31
NEWCASTLE-UNDER-LYME,28,66,30,734,324,0,41,0,45,1366,271,2905,2017-03-31
NEWHAM,12,406,18,2108,964,9,595,2,85,4910,1208,10317,2017-03-31
NEWPORT,49,30,104,1374,430,15,124,0,71,2195,355,4747,2017-03-31
NORTH CORNWALL,0,0,0,0,0,0,0,0,0,3,0,3,2017-03-31
NORTH DEVON,46,56,109,775,336,8,84,0,67,1297,348,3126,2017-03-31
NORTH DORSET,21,15,31,452,185,0,33,0,36,985,245,2003,2017-03-31
NORTH EAST DERBYSHIRE,39,14,40,591,259,1,55,0,72,1276,269,2616,2017-03-31
NORTH EAST LINCOLNSHIRE,29,27,46,1132,506,7,61,0,53,1679,342,3882,2017-03-31
NORTH HERTFORDSHIRE,21,55,62,841,416,0,61,0,58,1914,493,3921,2017-03-31
NORTH KESTEVEN,39,23,95,820,365,4,85,0,54,1408,400,3293,2017-03-31
NORTH LINCOLNSHIRE,51,14,34,1008,487,8,55,0,77,1865,357,3956,2017-03-31
NORTH NORFOLK,67,25,75,749,338,3,90,0,88,1686,413,3534,2017-03-31
NORTH SOMERSET,69,100,94,1614,674,8,189,0,69,3033,811,6661,2017-03-31
NORTH TYNESIDE,25,100,78,1628,656,24,116,0,63,2670,586,5946,2017-03-31
NORTH WARWICKSHIRE,21,20,37,485,201,2,45,0,58,1689,183,2741,2017-03-31
NORTH WEST LEICESTERSHIRE,19,34,140,695,338,35,146,0,82,1294,402,3185,2017-03-31
NORTHAMPTON,20,62,54,1633,778,15,131,0,63,3070,990,6816,2017-03-31
NORTHUMBERLAND,108,119,231,2326,946,9,259,2,185,4340,946,9471,2017-03-31
NORWICH,11,81,18,855,408,8,77,0,52,1873,403,3786,2017-03-31
NUNEATON AND BEDWORTH,13,18,51,972,421,3,84,0,35,1312,340,3249,2017-03-31
OADBY AND WIGSTON,14,14,6,338,164,1,17,0,11,537,132,1234,2017-03-31
OLDHAM,31,77,54,1405,558,3,117,0,118,3042,616,6021,2017-03-31
OXFORD,7,52,18,741,340,4,39,0,71,2203,404,3879,2017-03-31
PEMBROKESHIRE,89,14,83,899,317,1,56,0,119,1923,421,3922,2017-03-31
PENDLE,31,12,20,552,295,1,23,0,70,1077,215,2296,2017-03-31
POOLE,19,111,24,1235,526,5,76,0,60,2547,665,5268,2017-03-31
PORTSMOUTH,34,131,22,1558,734,5,57,1,66,3066,638,6312,2017-03-31
POWYS,135,22,44,979,381,11,77,0,114,1909,368,4040,2017-03-31
PRESTON,23,208,17,828,407,3,89,0,51,2379,290,4295,2017-03-31
PURBECK,32,27,15,376,144,0,40,0,32,686,183,1535,2017-03-31
READING,11,114,41,1352,614,8,91,0,75,3195,592,6093,2017-03-31
REDBRIDGE,17,135,20,1959,846,5,75,0,46,4533,728,8364,2017-03-31
REDCAR AND CLEVELAND,25,28,78,804,348,3,66,0,60,1349,259,3020,2017-03-31
REDDITCH,17,8,18,731,327,2,22,0,23,1175,237,2560,2017-03-31
REIGATE AND BANSTEAD,9,56,48,1146,536,0,73,0,39,2379,666,4952,2017-03-31
RHONDDA CYNON TAFF,96,24,56,1554,680,28,82,0,80,3076,501,6177,2017-03-31
RIBBLE VALLEY,29,49,39,459,232,0,83,0,56,875,195,2017,2017-03-31
RICHMOND UPON THAMES,2,159,15,1608,685,7,168,0,73,4375,967,8059,2017-03-31
RICHMONDSHIRE,23,10,40,361,153,0,50,0,28,779,160,1604,2017-03-31
ROCHDALE,20,71,55,1362,528,7,98,0,74,3087,591,5893,2017-03-31
ROCHFORD,34,17,19,1410,291,4,29,0,38,926,217,2985,2017-03-31
ROSSENDALE,16,15,25,584,242,0,39,0,36,914,177,2048,2017-03-31
ROTHER,15,22,40,798,340,0,71,0,51,1869,426,3632,2017-03-31
ROTHERHAM,47,45,77,1536,720,17,81,0,105,2775,613,6016,2017-03-31
RUGBY,11,22,55,797,353,2,89,0,41,1364,345,3079,2017-03-31
RUNNYMEDE,5,27,14,627,267,3,63,0,29,1588,321,2944,2017-03-31
RUSHCLIFFE,21,31,70,754,336,10,90,0,46,1608,321,3287,2017-03-31
RUSHMOOR,20,66,32,792,295,19,83,0,36,1302,409,3054,2017-03-31
RUTLAND,8,8,32,293,96,1,47,0,21,546,143,1195,2017-03-31
RYEDALE,28,15,32,346,174,0,68,0,28,817,167,1675,2017-03-31
SALFORD,20,444,35,2272,857,37,306,0,135,4597,1091,9794,2017-03-31
SANDWELL,25,54,93,1620,765,6,114,0,52,3191,608,6528,2017-03-31
SCARBOROUGH,54,179,56,829,323,3,72,0,56,1446,283,3301,2017-03-31
SEDGEMOOR,68,27,87,862,357,5,90,0,78,1471,345,3390,2017-03-31
SEFTON,49,86,32,1819,749,9,197,0,83,3390,677,7091,2017-03-31
SELBY,31,11,111,669,280,2,96,0,65,1316,281,2862,2017-03-31
SEVENOAKS,8,45,46,879,356,4,97,0,38,2136,382,3991,2017-03-31
SHEFFIELD,101,174,149,3720,1607,24,276,0,202,7145,1795,15193,2017-03-31
SHEPWAY,4,51,51,939,419,4,83,0,31,1755,401,3738,2017-03-31
SHREWSBURY AND ATCHAM,0,0,0,0,0,0,0,0,1,0,0,1,2017-03-31
SHROPSHIRE,174,68,255,2017,877,9,305,0,243,4371,1062,9381,2017-03-31
SLOUGH,7,80,48,1047,475,6,66,0,47,2362,603,4741,2017-03-31
SOLIHULL,40,66,54,1600,634,2,121,0,70,2972,597,6156,2017-03-31
SOUTH BUCKS,6,36,23,500,251,6,38,0,31,1505,268,2664,2017-03-31
SOUTH CAMBRIDGESHIRE,47,26,87,1214,493,8,125,2,108,2214,521,4845,2017-03-31
SOUTH DERBYSHIRE,18,32,94,780,345,3,130,0,55,1221,299,2977,2017-03-31
SOUTH GLOUCESTERSHIRE,99,85,166,2062,878,14,171,0,156,3803,878,8312,2017-03-31
SOUTH HAMS,27,37,89,825,314,5,82,0,97,1904,503,3883,2017-03-31
SOUTH HOLLAND,37,21,39,710,306,1,61,0,62,935,272,2444,2017-03-31
SOUTH KESTEVEN,63,33,84,1018,437,1,87,0,73,1731,446,3973,2017-03-31
SOUTH LAKELAND,61,21,59,767,342,2,90,0,70,1752,364,3528,2017-03-31
SOUTH NORFOLK,59,39,116,993,431,2,161,4,94,1848,483,4230,2017-03-31
SOUTH NORTHAMPTONSHIRE,33,26,58,628,299,1,128,0,49,1244,310,2776,2017-03-31
SOUTH OXFORDSHIRE,14,56,82,1041,458,10,96,1,89,2613,561,5021,2017-03-31
SOUTH RIBBLE,47,50,16,725,345,2,45,0,70,1328,253,2881,2017-03-31
SOUTH SOMERSET,82,38,232,1281,551,7,143,0,140,2112,472,5058,2017-03-31
SOUTH STAFFORDSHIRE,46,6,36,651,291,0,52,0,117,1252,267,2718,2017-03-31
SOUTH TYNESIDE,9,41,99,832,329,3,88,0,27,1696,363,3487,2017-03-31
SOUTHAMPTON,38,112,54,1545,658,19,175,0,66,3006,802,6475,2017-03-31
SOUTHEND-ON-SEA,13,110,52,1560,714,10,124,0,32,3240,684,6539,2017-03-31
SOUTHWARK,7,421,17,2373,1011,9,430,1,158,6784,1664,12875,2017-03-31
SPELTHORNE,1,27,26,728,334,0,97,0,15,1599,392,3219,2017-03-31
ST ALBANS,14,83,23,1016,460,15,73,0,53,2323,459,4519,2017-03-31
ST EDMUNDSBURY,38,24,49,799,314,7,50,0,33,1282,298,2894,2017-03-31
ST HELENS,26,103,37,1106,480,2,101,0,151,2211,552,4769,2017-03-31
STAFFORD,67,28,98,930,423,4,125,0,77,1571,365,3688,2017-03-31
STAFFORDSHIRE MOORLANDS,45,14,41,616,276,2,41,0,53,1055,194,2337,2017-03-31
STEVENAGE,5,138,24,717,287,1,69,0,18,895,281,2435,2017-03-31
STOCKPORT,41,100,42,2107,1005,5,149,0,91,4017,967,8524,2017-03-31
STOCKTON-ON-TEES,28,26,125,1273,568,5,104,0,78,2317,448,4972,2017-03-31
STOKE-ON-TRENT,30,33,83,1546,722,11,102,0,126,2886,519,6058,2017-03-31
STRATFORD-ON-AVON,57,45,147,1012,484,2,182,0,112,2317,528,4886,2017-03-31
STROUD,44,25,53,814,367,5,106,0,58,1678,390,3540,2017-03-31
SUFFOLK COASTAL,48,36,103,941,385,10,120,2,79,1840,425,3989,2017-03-31
SUNDERLAND,26,98,139,1530,714,8,175,0,139,3459,689,6977,2017-03-31
SURREY HEATH,2,33,18,739,333,4,74,0,66,1435,359,3063,2017-03-31
SUTTON,1,223,14,1542,640,6,145,0,41,2878,720,6210,2017-03-31
SWALE,7,25,64,1147,574,1,69,1,45,2177,488,4598,2017-03-31
SWANSEA,73,49,67,1619,731,15,89,0,133,3117,550,6443,2017-03-31
SWINDON,38,95,161,1706,735,8,134,0,83,2675,741,6376,2017-03-31
TAMESIDE,40,84,41,1462,837,7,97,0,89,2842,589,6088,2017-03-31
TAMWORTH,20,12,30,617,250,3,58,0,15,834,206,2045,2017-03-31
TANDRIDGE,4,126,20,751,310,2,56,1,27,1642,425,3364,2017-03-31
TAUNTON DEANE,34,66,86,804,381,6,169,1,53,1673,479,3752,2017-03-31
TEIGNBRIDGE,25,27,110,990,463,4,92,0,58,1941,451,4161,2017-03-31
TENDRING,69,19,56,1058,534,1,92,2,88,1986,448,4353,2017-03-31
TEST VALLEY,41,63,78,848,362,5,145,0,79,1723,517,3861,2017-03-31
TEWKESBURY,17,49,143,743,290,2,105,0,53,1250,381,3033,2017-03-31
THANET,10,51,31,1167,468,8,70,0,25,2178,520,4528,2017-03-31
THE VALE OF GLAMORGAN,32,47,68,857,379,13,92,0,34,1742,334,3598,2017-03-31
THREE RIVERS,6,24,16,659,293,2,29,0,38,1411,273,2751,2017-03-31
THURROCK,26,55,49,1289,598,9,148,0,92,2516,601,5383,2017-03-31
TONBRIDGE AND MALLING,11,47,112,961,410,10,147,0,60,1779,481,4018,2017-03-31
TORBAY,21,45,39,1037,456,10,60,0,23,1714,441,3846,2017-03-31
TORFAEN,48,14,31,603,224,4,35,0,44,871,172,2046,2017-03-31
TORRIDGE,44,20,60,617,231,1,63,0,53,900,212,2201,2017-03-31
TOWER HAMLETS,3,754,14,2510,978,11,471,0,130,8766,2095,15732,2017-03-31
TRAFFORD,29,77,29,2111,787,7,163,0,120,3371,841,7535,2017-03-31
TUNBRIDGE WELLS,7,64,44,859,349,4,77,0,49,1944,495,3892,2017-03-31
UTTLESFORD,25,20,87,714,385,3,112,3,75,1820,311,3555,2017-03-31
VALE OF WHITE HORSE,15,36,125,934,388,5,182,1,57,2126,513,4382,2017-03-31
WAKEFIELD,57,94,199,2123,1370,7,325,0,147,4112,818,9252,2017-03-31
WALSALL,30,29,96,1533,741,8,120,0,62,2896,566,6081,2017-03-31
WALTHAM FOREST,29,282,29,2167,834,3,95,0,78,4786,1124,9427,2017-03-31
WANDSWORTH,4,615,49,3051,1263,7,397,0,106,8634,2004,16130,2017-03-31
WARRINGTON,32,66,60,1597,713,10,111,1,96,2967,654,6307,2017-03-31
WARWICK,26,79,62,1051,471,4,95,0,33,2065,429,4315,2017-03-31
WATFORD,6,88,18,831,364,3,29,0,31,1898,387,3655,2017-03-31
WAVENEY,43,33,40,788,339,2,42,0,50,1282,279,2898,2017-03-31
WAVERLEY,9,41,48,904,473,6,98,0,78,2590,501,4748,2017-03-31
WEALDEN,17,59,83,1271,544,1,82,1,81,2748,608,5495,2017-03-31
WELLINGBOROUGH,15,13,49,536,254,37,63,0,53,984,277,2281,2017-03-31
WELWYN HATFIELD,11,31,26,684,308,3,112,0,32,1715,372,3294,2017-03-31
WEST BERKSHIRE,26,62,47,1102,478,0,153,0,57,2810,599,5334,2017-03-31
WEST DEVON,35,13,28,385,191,6,36,0,38,853,186,1771,2017-03-31
WEST DORSET,49,63,59,868,314,2,138,0,104,1481,362,3440,2017-03-31
WEST LANCASHIRE,27,39,45,709,285,6,77,0,53,1382,299,2922,2017-03-31
WEST LINDSEY,34,14,45,664,301,3,72,0,45,1132,274,2584,2017-03-31
WEST OXFORDSHIRE,27,38,75,929,332,5,87,2,84,1871,402,3852,2017-03-31
WEST SOMERSET,17,10,38,297,115,1,43,0,23,525,130,1199,2017-03-31
WEYMOUTH AND PORTLAND,15,16,27,439,221,1,40,0,47,748,205,1759,2017-03-31
WIGAN,71,123,87,2260,971,1,168,0,325,3798,942,8746,2017-03-31
WILTSHIRE,186,191,301,3453,1491,27,429,0,236,6498,1621,14433,2017-03-31
WINCHESTER,28,58,59,885,381,7,92,0,51,1965,447,3973,2017-03-31
WINDSOR AND MAIDENHEAD,11,73,29,1184,532,347,75,0,70,3064,672,6057,2017-03-31
WIRRAL,46,42,75,2113,912,28,94,0,73,3714,732,7829,2017-03-31
WOKING,4,30,34,754,342,1,52,0,27,1725,411,3380,2017-03-31
WOKINGHAM,15,98,84,1310,527,43,136,0,46,2890,566,5715,2017-03-31
WOLVERHAMPTON,93,61,81,1312,580,5,107,1,88,2424,536,5288,2017-03-31
WORCESTER,23,57,19,699,284,4,52,0,38,1160,306,2642,2017-03-31
WREKIN,26,32,94,1153,594,9,193,0,126,2112,538,4877,2017-03-31
WORTHING,12,85,65,904,399,2,52,0,21,1670,428,3638,2017-03-31
WREXHAM,42,29,29,731,301,2,66,0,45,1304,260,2809,2017-03-31
WYCHAVON,44,40,108,885,381,4,114,0,82,1724,425,3807,2017-03-31
WYCOMBE,40,106,59,1283,509,31,129,0,78,2550,660,5445,2017-03-31
WYRE,54,25,28,616,302,4,57,0,56,1667,248,3057,2017-03-31
WYRE FOREST,47,22,28,648,271,0,59,0,50,1058,248,2431,2017-03-31
YORK,66,93,69,1249,534,16,152,0,101,2331,500,5111,2017-03-31
Total,9783,17979,14824,412595,179370,2977,28616,141,27500,713103,172059,1578947,2015-07-31
ALL COUNTIES,0,0,0,0,0,0,0,0,0,35,108,143,2015-07-31
ADUR,6,11,8,497,205,0,7,0,22,685,146,1587,2015-07-31
ALLERDALE,38,14,54,894,277,3,43,0,82,1054,197,2656,2015-07-31
AMBER VALLEY,36,7,43,942,401,1,42,0,70,1212,255,3009,2015-07-31
ARUN,16,40,37,1198,562,3,96,5,44,2286,573,4860,2015-07-31
ASHFIELD,31,25,31,779,370,2,39,0,38,1070,263,2648,2015-07-31
ASHFORD,10,24,69,1070,435,7,66,0,54,1738,397,3870,2015-07-31
AYLESBURY VALE,38,73,139,1435,644,12,211,5,98,2499,712,5866,2015-07-31
BABERGH,23,8,21,577,266,4,27,0,46,972,437,2381,2015-07-31
BARKING AND DAGENHAM,10,48,25,1128,485,5,87,0,58,2836,736,5418,2015-07-31
BARNET,7,230,14,2745,1161,10,169,3,137,6007,1468,11951,2015-07-31
BARNSLEY,32,32,51,1349,594,5,55,0,115,1982,464,4679,2015-07-31
BARROW-IN-FURNESS,11,12,13,432,226,1,29,0,22,553,83,1382,2015-07-31
BASILDON,11,56,69,1294,673,10,161,0,48,1976,580,4878,2015-07-31
BASINGSTOKE AND DEANE,25,45,25,1266,605,5,46,0,89,2031,574,4711,2015-07-31
BASSETLAW,22,107,40,718,264,4,32,0,38,1358,226,2809,2015-07-31
BATH AND NORTH EAST SOMERSET,45,37,43,1400,668,15,91,0,73,2317,582,5271,2015-07-31
BEDFORD,28,41,92,1315,541,2,180,0,114,2087,557,4957,2015-07-31
BEXLEY,5,129,39,1671,751,6,120,0,41,2641,691,6094,2015-07-31
BIRMINGHAM,87,236,139,6053,2602,51,239,2,394,12406,2189,24398,2015-07-31
BLABY,14,16,38,652,287,2,77,0,39,839,171,2135,2015-07-31
BLACKBURN WITH DARWEN,15,19,15,775,317,8,28,0,94,1382,278,2931,2015-07-31
BLACKPOOL,35,24,5,918,455,6,13,0,73,1790,247,3566,2015-07-31
BLAENAU GWENT,13,6,6,389,115,23,8,0,26,582,117,1285,2015-07-31
BOLSOVER,18,8,42,384,216,2,45,0,36,703,181,1635,2015-07-31
BOLTON,40,34,70,2167,724,10,58,0,172,3574,781,7630,2015-07-31
BOSTON,25,9,14,406,180,4,25,0,33,659,123,1478,2015-07-31
BOURNEMOUTH,29,109,23,1560,721,15,82,0,56,2987,808,6390,2015-07-31
BRACKNELL FOREST,2,29,19,989,424,3,66,0,37,1482,442,3493,2015-07-31
BRADFORD,83,79,120,2704,1187,13,144,0,195,4438,953,9916,2015-07-31
BRAINTREE,34,31,43,1139,523,3,86,2,64,1646,643,4214,2015-07-31
BRECKLAND,51,12,57,879,472,2,88,0,66,1547,875,4049,2015-07-31
BRENT,4,211,24,1974,807,13,248,0,84,5030,1027,9422,2015-07-31
BRENTWOOD,18,26,15,664,261,2,35,0,47,1066,340,2474,2015-07-31
BRIDGEND,24,29,69,1070,380,1,78,0,56,1401,260,3368,2015-07-31
BRIGHTON AND HOVE,17,216,23,2392,1131,8,102,1,83,4723,1232,9928,2015-07-31
BROADLAND,47,20,39,841,388,2,57,4,67,1083,357,2905,2015-07-31
BROMLEY,13,143,25,2630,1234,16,155,2,105,4576,1203,10102,2015-07-31
BROMSGROVE,16,13,54,828,345,2,37,0,42,1121,252,2710,2015-07-31
BROXBOURNE,6,20,3,687,368,4,42,0,31,1104,326,2591,2015-07-31
BROXTOWE,13,10,13,689,326,4,18,0,40,1003,185,2301,2015-07-31
BURNLEY,9,24,6,654,240,3,30,0,71,1523,199,2759,2015-07-31
BURY,42,48,25,1398,564,5,36,0,144,2457,446,5165,2015-07-31
CAERPHILLY,40,21,22,1078,445,7,36,0,52,1454,303,3458,2015-07-31
CALDERDALE,40,24,57,1444,656,6,57,0,93,2253,402,5032,2015-07-31
CAMBRIDGE,17,45,40,697,387,5,118,3,101,1384,384,3181,2015-07-31
CAMDEN,9,209,17,1855,864,33,200,0,216,6495,1553,11451,2015-07-31
CANNOCK CHASE,12,118,8,705,297,8,53,0,23,908,211,2343,2015-07-31
CANTERBURY,12,37,23,1150,576,9,61,0,76,1977,533,4454,2015-07-31
CARDIFF,52,82,24,2402,1167,19,111,0,127,3787,888,8659,2015-07-31
CARLISLE,48,29,48,829,363,2,49,0,87,1438,536,3429,2015-07-31
CARMARTHENSHIRE,76,26,89,1253,466,12,57,0,109,1898,364,4350,2015-07-31
CASTLE POINT,33,22,21,585,286,3,25,0,56,777,126,1934,2015-07-31
CENTRAL BEDFORDSHIRE,55,64,270,2183,969,8,250,3,139,3006,853,7800,2015-07-31
CEREDIGION,47,12,15,422,180,1,35,0,51,721,128,1612,2015-07-31
CHARNWOOD,32,80,71,1091,412,4,96,1,57,1423,394,3661,2015-07-31
CHELMSFORD,34,29,32,1350,599,2,64,1,76,2091,568,4846,2015-07-31
CHELTENHAM,33,22,18,1316,460,4,52,1,73,1381,426,3786,2015-07-31
CHERWELL,30,45,63,1367,431,4,118,0,92,1819,581,4550,2015-07-31
CHESHIRE EAST,78,154,134,2845,1318,28,218,0,269,4948,1082,11074,2015-07-31
CHESHIRE WEST AND CHESTER,78,120,74,2472,1146,16,206,2,190,4017,917,9238,2015-07-31
CHESTERFIELD,12,21,15,629,257,3,36,0,23,926,217,2139,2015-07-31
CHICHESTER,35,33,34,826,374,4,59,1,114,1707,411,3598,2015-07-31
CHILTERN,41,17,21,694,299,4,24,1,61,1194,322,2678,2015-07-31
CHORLEY,25,61,43,803,332,5,62,0,95,1176,276,2878,2015-07-31
CHRISTCHURCH,5,14,7,373,152,3,39,0,16,655,207,1471,2015-07-31
CITY OF BRISTOL,53,141,58,3965,1654,35,186,0,218,5503,1473,13286,2015-07-31
CITY OF DERBY,20,40,47,1556,626,6,64,0,60,2328,578,5325,2015-07-31
CITY OF KINGSTON UPON HULL,24,114,83,1374,597,9,102,0,71,2062,389,4825,2015-07-31
CITY OF LONDON,7,92,8,446,147,22,108,1,146,2636,700,4313,2015-07-31
CITY OF NOTTINGHAM,16,109,42,1604,727,15,113,0,94,3427,651,6798,2015-07-31
CITY OF PETERBOROUGH,15,332,86,1214,518,10,211,1,62,2042,545,5036,2015-07-31
CITY OF PLYMOUTH,23,80,60,1780,816,8,132,0,84,2432,654,6069,2015-07-31
CITY OF WESTMINSTER,12,451,25,3335,1211,45,353,0,424,13502,3359,22717,2015-07-31
COLCHESTER,42,165,76,1315,702,10,159,1,96,2260,519,5345,2015-07-31
CONWY,70,21,48,686,321,3,46,0,67,1192,236,2690,2015-07-31
COPELAND,21,3,5,412,213,3,44,0,59,818,161,1739,2015-07-31
CORBY,5,11,29,662,167,3,93,0,35,972,240,2217,2015-07-31
CORNWALL,249,134,240,4715,1806,11,463,0,510,6926,1587,16641,2015-07-31
COTSWOLD,38,45,29,1839,346,6,43,4,69,1442,391,4252,2015-07-31
COUNTY DURHAM,82,98,654,3695,1228,28,174,0,234,5537,1005,12735,2015-07-31
COVENTRY,19,40,69,1830,807,18,84,0,100,3244,728,6939,2015-07-31
CRAVEN,25,8,20,363,189,0,25,0,37,750,151,1568,2015-07-31
CRAWLEY,10,55,35,784,351,4,14,1,37,1443,331,3065,2015-07-31
CROYDON,32,152,48,2792,1467,10,163,0,81,6266,1512,12523,2015-07-31
DACORUM,21,77,43,1103,552,7,75,0,69,1636,429,4012,2015-07-31
DARLINGTON,10,20,44,731,283,5,53,0,36,890,154,2226,2015-07-31
DARTFORD,10,29,42,873,385,10,112,1,63,1488,398,3411,2015-07-31
DAVENTRY,25,20,43,894,246,2,63,4,42,921,240,2500,2015-07-31
DENBIGHSHIRE,43,7,25,660,292,4,28,0,74,1004,199,2336,2015-07-31
DERBYSHIRE DALES,41,8,24,476,202,2,44,0,66,830,179,1872,2015-07-31
DONCASTER,41,53,103,1849,778,8,119,0,102,2482,551,6086,2015-07-31
DOVER,6,20,21,789,375,4,63,1,47,1349,278,2953,2015-07-31
DUDLEY,24,69,88,1742,772,7,104,0,80,2857,580,6323,2015-07-31
EALING,7,171,14,2178,1053,9,133,0,108,4843,1042,9558,2015-07-31
EAST CAMBRIDGESHIRE,36,10,22,530,287,1,23,0,42,834,203,1988,2015-07-31
EAST DEVON,47,37,105,1142,513,11,129,0,81,1782,425,4272,2015-07-31
EAST DORSET,21,15,12,591,289,4,60,1,41,1212,307,2553,2015-07-31
EAST HAMPSHIRE,20,40,54,901,412,6,109,0,82,1549,471,3644,2015-07-31
EAST HERTFORDSHIRE,12,68,46,1277,563,7,120,1,69,1830,553,4546,2015-07-31
EAST LINDSEY,91,13,39,818,414,3,74,0,103,1397,270,3222,2015-07-31
EAST NORTHAMPTONSHIRE,20,35,44,684,315,2,81,0,38,1072,282,2573,2015-07-31
EAST RIDING OF YORKSHIRE,100,57,111,2461,1097,12,168,0,211,3368,698,8283,2015-07-31
EAST STAFFORDSHIRE,34,17,23,713,330,5,68,0,79,1144,279,2692,2015-07-31
EASTBOURNE,2,49,7,834,422,4,35,0,36,1544,477,3410,2015-07-31
EASTLEIGH,18,28,14,966,458,8,70,1,56,1672,381,3672,2015-07-31
EDEN,32,8,27,362,190,3,44,0,53,877,165,1761,2015-07-31
ELMBRIDGE,1,37,28,1201,573,4,49,0,70,2454,596,5013,2015-07-31
ENFIELD,7,129,10,2338,971,72,118,0,76,4955,1199,9875,2015-07-31
EPPING FOREST,30,56,21,1019,497,6,82,0,65,1873,482,4131,2015-07-31
EPSOM AND EWELL,0,20,5,614,323,5,32,0,22,1044,274,2339,2015-07-31
EREWASH,19,22,15,891,362,7,35,0,44,1047,245,2687,2015-07-31
EXETER,19,41,68,942,451,15,80,0,51,1281,341,3289,2015-07-31
FAREHAM,14,23,21,887,405,3,36,1,47,1120,269,2826,2015-07-31
FENLAND,37,27,28,707,350,4,54,1,72,1002,226,2508,2015-07-31
FLINTSHIRE,56,38,45,1053,407,5,82,0,103,1489,343,3621,2015-07-31
FOREST HEATH,17,8,30,463,252,2,73,1,25,661,193,1725,2015-07-31
FOREST OF DEAN,45,11,36,623,256,2,38,0,68,941,160,2180,2015-07-31
FYLDE,12,26,12,667,271,2,31,0,48,1254,292,2615,2015-07-31
GATESHEAD,22,58,67,1301,542,11,84,0,52,1974,366,4477,2015-07-31
GEDLING,11,12,38,743,324,5,44,0,22,1016,300,2515,2015-07-31
GLOUCESTER,20,37,31,927,438,6,63,2,103,1219,343,3189,2015-07-31
GOSPORT,15,29,8,589,261,2,41,3,27,961,346,2282,2015-07-31
GRAVESHAM,3,8,14,676,306,1,18,0,24,1205,281,2536,2015-07-31
GREAT YARMOUTH,32,8,23,634,308,1,36,0,48,869,260,2219,2015-07-31
GREENWICH,3,142,23,1921,793,13,190,0,85,3966,980,8116,2015-07-31
GUILDFORD,7,20,27,1137,519,7,49,1,75,2016,497,4355,2015-07-31
GWYNEDD,86,15,43,867,339,8,64,0,100,1247,240,3009,2015-07-31
HACKNEY,4,239,12,1809,818,22,327,0,115,4570,1312,9228,2015-07-31
HALTON,18,17,35,710,309,3,51,0,66,1388,276,2873,2015-07-31
HAMBLETON,26,12,48,599,256,2,43,0,41,952,232,2211,2015-07-31
HAMMERSMITH AND FULHAM,3,192,12,1531,810,5,157,0,131,4673,1066,8580,2015-07-31
HARBOROUGH,26,19,78,637,312,3,69,0,42,1127,254,2567,2015-07-31
HARINGEY,4,127,20,1902,837,7,161,0,61,4281,947,8347,2015-07-31
HARLOW,1,33,5,562,221,2,48,0,15,758,269,1914,2015-07-31
HARROGATE,58,33,28,1193,526,3,43,0,116,1881,435,4316,2015-07-31
HARROW,1,103,19,1632,655,7,240,0,93,3286,791,6827,2015-07-31
HART,15,40,56,658,308,4,60,0,55,1196,319,2711,2015-07-31
HARTLEPOOL,0,11,32,522,181,1,50,0,28,835,138,1798,2015-07-31
HASTINGS,2,46,12,761,345,18,40,0,15,1381,376,2996,2015-07-31
HAVANT,17,41,26,700,358,1,57,1,35,1140,290,2666,2015-07-31
HAVERING,30,70,30,1777,837,5,110,0,83,2918,670,6530,2015-07-31
HEREFORDSHIRE,66,28,52,1541,552,16,82,0,130,1962,482,4911,2015-07-31
HERTSMERE,5,31,12,765,331,4,53,2,38,1474,355,3070,2015-07-31
HIGH PEAK,153,24,25,629,299,2,53,0,51,1013,242,2491,2015-07-31
HILLINGDON,2,99,38,1880,836,15,163,0,141,3853,864,7891,2015-07-31
HINCKLEY AND BOSWORTH,29,25,73,828,339,11,82,0,57,1135,263,2842,2015-07-31
HORSHAM,17,42,63,1049,483,3,122,1,83,1969,485,4317,2015-07-31
HOUNSLOW,9,156,19,1599,781,8,216,0,73,3531,847,7239,2015-07-31
HUNTINGDONSHIRE,33,54,38,1318,586,2,85,5,81,1866,492,4560,2015-07-31
HYNDBURN,25,11,5,473,243,6,8,0,64,1151,184,2170,2015-07-31
IPSWICH,13,18,10,912,415,16,42,1,44,1288,238,2997,2015-07-31
ISLE OF ANGLESEY,35,4,19,443,183,2,16,0,40,697,129,1568,2015-07-31
ISLE OF WIGHT,45,41,50,1115,502,13,84,0,109,1936,504,4399,2015-07-31
ISLES OF SCILLY,0,1,0,4,1,0,2,0,2,21,0,31,2015-07-31
ISLINGTON,8,187,10,1566,710,27,113,1,95,4246,1093,8056,2015-07-31
KENSINGTON AND CHELSEA,3,210,12,1802,743,17,142,0,167,6954,1581,11631,2015-07-31
KERRIER,0,0,0,0,0,0,0,0,0,1,1,2,2015-07-31
KETTERING,22,29,44,889,365,8,61,0,40,1139,262,2859,2015-07-31
KING'S LYNN AND WEST NORFOLK,73,15,49,1017,471,2,57,3,117,1622,420,3846,2015-07-31
KINGSTON UPON THAMES,0,79,10,1335,658,8,67,0,47,2465,559,5228,2015-07-31
KIRKLEES,46,85,136,2532,1135,21,86,0,162,4028,773,9004,2015-07-31
KNOWSLEY,19,39,21,670,276,5,49,1,50,1264,267,2661,2015-07-31
LAMBETH,9,288,17,2674,1251,26,239,1,139,6298,1542,12484,2015-07-31
LANCASTER,52,32,31,894,401,2,47,0,91,1318,263,3131,2015-07-31
LEEDS,113,177,208,4881,2199,23,420,0,299,7934,1837,18091,2015-07-31
LEICESTER,12,84,51,1631,665,12,79,0,95,2492,542,5663,2015-07-31
LEWES,10,24,14,735,394,3,20,0,53,1266,304,2823,2015-07-31
LEWISHAM,7,216,21,2460,1046,15,181,0,98,5133,1256,10433,2015-07-31
LICHFIELD,19,20,40,4496,324,2,39,0,65,1346,298,6649,2015-07-31
LINCOLN,14,19,14,699,368,2,20,0,37,898,207,2278,2015-07-31
LIVERPOOL,54,161,49,4008,1600,25,375,0,192,6261,1147,13872,2015-07-31
LUTON,19,62,10,1191,555,5,57,0,70,1876,410,4255,2015-07-31
MAIDSTONE,6,33,55,1235,542,8,57,3,48,2390,647,5024,2015-07-31
MALDON,35,5,24,501,198,1,26,1,55,896,168,1910,2015-07-31
MALVERN HILLS,37,11,30,568,240,7,37,1,64,907,232,2134,2015-07-31
MANCHESTER,56,188,57,3329,1480,49,235,0,268,8021,2027,15710,2015-07-31
MANSFIELD,12,18,32,600,257,4,33,0,30,916,223,2125,2015-07-31
MEDWAY,7,72,52,2109,913,6,136,1,58,2976,637,6967,2015-07-31
MELTON,16,12,21,387,159,0,16,0,24,523,147,1305,2015-07-31
MENDIP,51,28,41,770,411,7,106,0,102,1503,335,3354,2015-07-31
MERTHYR TYDFIL,19,15,16,322,146,0,20,0,32,559,84,1213,2015-07-31
MERTON,5,96,11,1706,727,5,89,0,79,3322,778,6818,2015-07-31
MID DEVON,29,8,45,543,256,11,36,0,43,879,253,2103,2015-07-31
MID SUFFOLK,26,9,30,653,318,1,53,0,63,1012,394,2559,2015-07-31
MID SUSSEX,13,45,53,1106,490,7,94,2,105,2108,598,4621,2015-07-31
MIDDLESBROUGH,14,14,49,745,268,7,57,0,29,1075,224,2482,2015-07-31
MILTON KEYNES,25,79,123,2000,849,13,212,0,113,3240,1096,7750,2015-07-31
MOLE VALLEY,3,21,15,723,330,4,46,0,46,1251,275,2714,2015-07-31
MONMOUTHSHIRE,53,4,31,656,272,4,28,0,47,990,236,2321,2015-07-31
NEATH PORT TALBOT,36,16,57,870,349,5,37,0,41,1239,230,2880,2015-07-31
NEW FOREST,27,41,20,1271,577,10,56,0,81,2223,553,4859,2015-07-31
NEWARK AND SHERWOOD,23,23,58,793,375,13,58,1,71,1343,397,3155,2015-07-31
NEWCASTLE UPON TYNE,20,112,70,1759,693,17,102,0,122,3491,739,7125,2015-07-31
NEWCASTLE-UNDER-LYME,34,23,19,781,283,2,46,0,32,1102,215,2537,2015-07-31
NEWHAM,15,141,12,2063,876,179,137,0,76,4747,912,9158,2015-07-31
NEWPORT,21,44,64,955,418,6,106,0,44,1871,327,3856,2015-07-31
NORTH CORNWALL,0,0,0,0,1,0,0,0,0,0,0,1,2015-07-31
NORTH DEVON,25,20,33,795,348,9,59,0,76,1180,241,2786,2015-07-31
NORTH DORSET,22,17,27,540,229,3,23,0,38,864,224,1987,2015-07-31
NORTH EAST DERBYSHIRE,41,12,35,567,247,1,35,0,57,861,190,2046,2015-07-31
NORTH EAST LINCOLNSHIRE,25,30,22,1171,414,3,38,0,62,1485,284,3534,2015-07-31
NORTH HERTFORDSHIRE,52,39,13,973,448,7,89,3,47,1417,468,3556,2015-07-31
NORTH KESTEVEN,36,29,67,785,330,1,80,0,58,1044,300,2730,2015-07-31
NORTH LINCOLNSHIRE,44,37,30,972,444,13,60,1,67,1476,271,3415,2015-07-31
NORTH NORFOLK,51,17,47,668,341,3,51,1,95,1263,444,2981,2015-07-31
NORTH SOMERSET,51,44,64,1908,796,9,109,0,84,2841,688,6594,2015-07-31
NORTH TYNESIDE,19,59,65,1605,646,10,109,0,80,2108,526,5227,2015-07-31
NORTH WARWICKSHIRE,15,13,13,467,173,11,38,0,41,844,157,1772,2015-07-31
NORTH WEST LEICESTERSHIRE,15,16,101,740,289,18,71,0,49,1018,258,2575,2015-07-31
NORTHAMPTON,17,67,74,1533,746,10,118,0,95,2472,857,5989,2015-07-31
NORTHUMBERLAND,77,96,103,2037,947,23,165,0,205,3609,884,8146,2015-07-31
NORWICH,7,43,29,920,413,4,63,0,57,1389,412,3337,2015-07-31
NUNEATON AND BEDWORTH,13,25,32,834,358,5,59,1,37,1115,330,2809,2015-07-31
OADBY AND WIGSTON,8,5,18,307,140,1,20,0,13,443,101,1056,2015-07-31
OLDHAM,18,39,28,1203,480,5,47,0,117,2614,546,5097,2015-07-31
OXFORD,14,47,27,976,447,4,41,0,56,1718,320,3650,2015-07-31
PEMBROKESHIRE,83,20,43,816,352,1,47,0,105,1404,273,3144,2015-07-31
PENDLE,35,17,7,510,238,5,17,0,84,876,150,1939,2015-07-31
PENWITH,0,0,0,0,0,0,0,0,0,1,0,1,2015-07-31
POOLE,8,33,30,1225,624,8,57,1,53,1890,560,4489,2015-07-31
PORTSMOUTH,23,83,10,1498,635,11,51,0,79,2456,566,5412,2015-07-31
POWYS,69,18,36,1075,376,11,46,0,110,1458,278,3477,2015-07-31
PRESTON,14,20,11,813,364,3,38,0,62,1420,262,3007,2015-07-31
PURBECK,10,11,11,314,111,2,8,0,36,606,167,1276,2015-07-31
READING,13,67,7,1284,591,7,99,0,64,2124,497,4753,2015-07-31
REDBRIDGE,21,57,13,2098,812,14,55,0,59,3689,687,7505,2015-07-31
REDCAR AND CLEVELAND,23,14,31,846,325,3,59,0,37,1231,211,2780,2015-07-31
REDDITCH,12,27,13,716,268,0,22,0,35,827,225,2145,2015-07-31
REIGATE AND BANSTEAD,4,37,41,1160,603,0,130,2,55,2187,726,4945,2015-07-31
RHONDDA CYNON TAFF,72,24,74,3144,634,12,100,0,85,2225,364,6734,2015-07-31
RIBBLE VALLEY,23,18,8,441,209,4,33,0,70,688,108,1602,2015-07-31
RICHMOND UPON THAMES,2,84,11,1686,887,15,91,0,88,3273,828,6965,2015-07-31
RICHMONDSHIRE,24,7,17,291,132,3,23,0,30,569,150,1246,2015-07-31
ROCHDALE,21,54,41,1268,539,11,86,0,73,2510,533,5136,2015-07-31
ROCHFORD,38,7,23,567,260,0,34,0,36,822,165,1952,2015-07-31
ROSSENDALE,14,16,13,475,247,8,15,0,72,902,155,1917,2015-07-31
ROTHER,12,38,25,789,367,8,60,0,35,1433,405,3172,2015-07-31
ROTHERHAM,20,45,97,1391,580,3,84,0,79,2103,530,4932,2015-07-31
RUGBY,12,26,39,786,374,3,62,0,40,1136,425,2903,2015-07-31
RUNNYMEDE,2,37,13,690,358,4,72,0,36,1330,308,2850,2015-07-31
RUSHCLIFFE,22,22,19,780,358,2,42,0,49,1124,269,2687,2015-07-31
RUSHMOOR,12,16,15,690,301,4,28,0,28,1120,340,2554,2015-07-31
RUTLAND,14,13,58,263,157,1,50,0,28,427,96,1107,2015-07-31
RYEDALE,16,19,34,340,156,0,30,0,35,533,140,1303,2015-07-31
SALFORD,20,219,94,1818,944,33,237,0,119,3650,862,7996,2015-07-31
SALISBURY,0,0,0,0,0,0,0,0,1,0,0,1,2015-07-31
SANDWELL,14,76,106,1534,555,7,90,0,67,2859,559,5867,2015-07-31
SCARBOROUGH,37,12,35,708,405,6,73,0,84,1265,294,2919,2015-07-31
SEDGEMOOR,48,20,44,926,386,17,59,0,77,1386,312,3275,2015-07-31
SEFTON,48,68,31,1718,698,13,68,0,107,2883,592,6226,2015-07-31
SELBY,27,8,41,658,300,16,75,0,54,986,280,2445,2015-07-31
SEVENOAKS,5,28,19,847,418,4,39,0,57,1559,369,3345,2015-07-31
SHEFFIELD,135,163,128,3651,1623,24,257,0,256,5781,1454,13472,2015-07-31
SHEPWAY,3,28,16,907,353,6,53,0,32,1377,384,3159,2015-07-31
SHROPSHIRE,143,75,104,1960,921,28,185,0,198,3809,937,8360,2015-07-31
SLOUGH,10,104,20,991,397,2,96,0,71,1831,484,4006,2015-07-31
SOLIHULL,20,52,55,1532,651,10,117,0,78,2165,501,5181,2015-07-31
SOUTH BUCKS,13,20,84,517,242,7,38,0,55,1049,237,2262,2015-07-31
SOUTH CAMBRIDGESHIRE,48,30,102,980,496,4,134,1,88,2055,513,4451,2015-07-31
SOUTH DERBYSHIRE,16,17,39,762,309,6,51,0,37,1005,272,2514,2015-07-31
SOUTH GLOUCESTERSHIRE,57,78,58,2276,897,12,168,1,142,2717,655,7061,2015-07-31
SOUTH HAMS,29,6,45,779,349,14,62,0,68,1473,360,3185,2015-07-31
SOUTH HOLLAND,36,5,34,581,235,11,44,2,63,914,191,2116,2015-07-31
SOUTH KESTEVEN,30,35,61,954,440,3,75,0,72,1539,361,3570,2015-07-31
SOUTH LAKELAND,63,25,36,850,349,7,58,0,104,1412,343,3247,2015-07-31
SOUTH NORFOLK,65,14,85,965,408,15,88,1,82,1332,466,3521,2015-07-31
SOUTH NORTHAMPTONSHIRE,27,11,34,628,296,2,65,0,60,1019,271,2413,2015-07-31
SOUTH OXFORDSHIRE,23,44,36,985,467,15,68,0,67,2110,622,4437,2015-07-31
SOUTH RIBBLE,23,24,26,757,372,3,28,0,80,1151,320,2784,2015-07-31
SOUTH SOMERSET,51,23,68,1148,588,5,96,0,143,1712,438,4272,2015-07-31
SOUTH STAFFORDSHIRE,39,33,22,849,272,3,19,0,75,1105,233,2650,2015-07-31
SOUTH TYNESIDE,13,30,59,910,360,7,73,0,41,1345,258,3096,2015-07-31
SOUTHAMPTON,33,99,19,1587,752,18,83,1,98,2771,746,6207,2015-07-31
SOUTHEND-ON-SEA,14,77,24,1490,667,19,37,0,36,2424,551,5339,2015-07-31
SOUTHWARK,12,188,16,2274,1074,11,250,2,135,5850,1460,11272,2015-07-31
SPELTHORNE,1,33,16,779,341,2,33,0,21,1499,354,3079,2015-07-31
ST ALBANS,13,61,22,1110,584,5,59,0,75,1851,441,4221,2015-07-31
ST EDMUNDSBURY,18,18,38,770,346,0,53,1,58,1090,332,2724,2015-07-31
ST HELENS,33,44,18,1004,403,10,105,0,132,1633,423,3805,2015-07-31
ST MARY'S,0,0,0,0,0,0,0,0,0,1,0,1,2015-07-31
STAFFORD,41,29,43,1002,354,4,58,0,102,1340,292,3265,2015-07-31
STAFFORDSHIRE MOORLANDS,44,44,31,628,299,2,41,0,89,1122,226,2526,2015-07-31
STEVENAGE,3,36,22,587,262,5,28,0,16,684,221,1864,2015-07-31
STOCKPORT,46,49,21,2025,912,6,85,0,111,3521,803,7579,2015-07-31
STOCKTON-ON-TEES,10,25,77,1235,483,10,82,0,64,1720,430,4136,2015-07-31
STOKE-ON-TRENT,55,80,33,1509,659,11,54,0,60,2274,530,5265,2015-07-31
STRATFORD-ON-AVON,35,33,120,901,443,3,92,0,100,1897,810,4434,2015-07-31
STROUD,36,21,39,986,350,6,54,0,52,1198,338,3080,2015-07-31
SUFFOLK COASTAL,55,18,37,819,425,9,68,2,94,1761,1029,4317,2015-07-31
SUNDERLAND,21,43,49,1431,651,10,83,0,63,2091,481,4923,2015-07-31
SURREY HEATH,1,36,7,664,320,3,21,0,24,1197,337,2610,2015-07-31
SUTTON,7,81,10,1573,778,13,75,0,34,2673,724,5968,2015-07-31
SWALE,6,20,63,1062,545,13,49,0,59,1845,478,4140,2015-07-31
SWANSEA,45,67,53,1599,683,6,92,0,166,3028,448,6187,2015-07-31
SWINDON,25,53,59,1652,725,8,97,0,66,2381,581,5647,2015-07-31
TAMESIDE,31,47,23,1293,544,7,85,0,67,2347,586,5030,2015-07-31
TAMWORTH,11,27,15,564,235,0,25,0,25,737,155,1794,2015-07-31
TANDRIDGE,1,14,23,685,338,7,40,0,23,1161,298,2590,2015-07-31
TAUNTON DEANE,22,26,81,854,387,1,132,0,94,1307,326,3230,2015-07-31
TEIGNBRIDGE,30,19,58,1052,429,4,75,1,48,1629,338,3683,2015-07-31
TENDRING,58,25,36,1022,488,7,49,9,131,1636,458,3919,2015-07-31
TEST VALLEY,23,58,57,792,352,9,90,1,71,1519,391,3363,2015-07-31
TEWKESBURY,29,14,63,884,294,3,66,0,47,1012,348,2760,2015-07-31
THANET,5,40,28,1018,513,16,57,0,31,1677,442,3827,2015-07-31
THE VALE OF GLAMORGAN,23,25,27,1103,430,5,58,1,55,1329,250,3306,2015-07-31
THREE RIVERS,8,21,24,706,348,2,42,0,46,1163,267,2627,2015-07-31
THURROCK,16,37,30,1174,498,7,121,0,68,2005,556,4512,2015-07-31
TONBRIDGE AND MALLING,7,52,72,962,522,3,95,1,66,1876,605,4261,2015-07-31
TORBAY,17,21,22,940,512,6,58,0,42,1577,422,3617,2015-07-31
TORFAEN,20,9,15,519,232,2,20,0,30,791,187,1825,2015-07-31
TORRIDGE,27,16,48,558,266,5,64,0,56,742,243,2025,2015-07-31
TOWER HAMLETS,4,318,30,2426,1029,19,263,1,198,7136,1746,13170,2015-07-31
TRAFFORD,41,65,23,1735,782,11,63,0,139,3114,830,6803,2015-07-31
TUNBRIDGE WELLS,7,32,27,881,516,7,78,3,61,1756,425,3793,2015-07-31
UTTLESFORD,27,16,40,637,288,6,70,2,72,1289,278,2725,2015-07-31
VALE OF WHITE HORSE,14,28,71,950,399,58,138,0,49,1752,377,3836,2015-07-31
VALE ROYAL,0,0,0,1,1,0,0,0,0,0,0,2,2015-07-31
WAKEFIELD,65,57,144,2029,846,10,174,0,121,2996,624,7066,2015-07-31
WALSALL,27,72,80,1273,604,7,65,0,72,2485,477,5162,2015-07-31
WALTHAM FOREST,17,154,20,1959,875,12,106,0,66,3766,842,7817,2015-07-31
WANDSWORTH,13,236,25,3081,1527,23,366,1,144,7615,1815,14846,2015-07-31
WARRINGTON,30,61,22,1635,689,7,88,0,121,2825,702,6180,2015-07-31
WARWICK,13,37,84,991,557,11,93,3,62,1623,559,4033,2015-07-31
WATFORD,8,41,8,732,364,3,32,0,39,1542,296,3065,2015-07-31
WAVENEY,30,23,23,809,325,5,32,2,74,1039,329,2691,2015-07-31
WAVERLEY,4,23,30,1128,489,14,68,0,83,1813,433,4085,2015-07-31
WEALDEN,14,25,56,1279,556,4,83,4,85,2361,510,4977,2015-07-31
WELLINGBOROUGH,25,19,24,514,248,1,36,0,40,821,185,1913,2015-07-31
WELWYN HATFIELD,16,31,18,738,330,8,47,0,56,1237,429,2910,2015-07-31
WEST BERKSHIRE,11,72,48,1199,534,2,83,0,73,2081,496,4599,2015-07-31
WEST DEVON,23,2,20,436,186,4,28,0,32,718,144,1593,2015-07-31
WEST DORSET,44,14,25,769,319,6,65,0,96,1302,374,3014,2015-07-31
WEST LANCASHIRE,19,18,13,662,248,6,32,0,64,1129,206,2397,2015-07-31
WEST LINDSEY,38,18,51,740,325,3,76,0,50,937,238,2476,2015-07-31
WEST OXFORDSHIRE,32,23,25,786,347,1,53,0,53,1328,305,2953,2015-07-31
WEST SOMERSET,19,8,10,232,112,1,14,0,27,425,111,959,2015-07-31
WEYMOUTH AND PORTLAND,12,9,8,458,174,4,23,0,51,706,177,1622,2015-07-31
WIGAN,46,53,30,2088,957,10,103,0,316,3377,829,7809,2015-07-31
WILTSHIRE,155,80,213,3103,1503,16,259,0,273,5351,1437,12390,2015-07-31
WINCHESTER,36,21,22,937,406,11,74,1,105,1530,416,3559,2015-07-31
WINDSOR AND MAIDENHEAD,11,37,34,1122,571,18,66,1,81,2412,519,4872,2015-07-31
WIRRAL,40,31,26,2093,863,16,65,0,84,3078,733,7029,2015-07-31
WOKING,3,17,13,759,385,4,44,1,39,1512,365,3142,2015-07-31
WOKINGHAM,2,30,74,1298,607,14,80,0,55,1952,505,4617,2015-07-31
WOLVERHAMPTON,30,50,50,1217,562,11,53,0,108,2272,415,4768,2015-07-31
WORCESTER,16,32,23,902,303,3,60,0,52,1017,271,2679,2015-07-31
WREKIN,40,46,62,1015,525,7,120,0,81,1963,467,4326,2015-07-31
WORTHING,8,53,15,936,463,4,44,0,28,1476,393,3420,2015-07-31
WREXHAM,40,18,35,732,276,2,33,0,51,1221,229,2637,2015-07-31
WYCHAVON,58,23,99,895,382,8,100,0,97,1559,413,3634,2015-07-31
WYCOMBE,32,47,35,1235,584,5,58,0,86,2238,519,4839,2015-07-31
WYRE,39,18,10,690,306,1,37,0,81,1233,203,2618,2015-07-31
WYRE FOREST,32,24,32,636,264,1,38,1,63,917,276,2284,2015-07-31
YORK,75,51,46,1360,661,4,86,0,114,1966,448,4811,2015-07-31
Total,10541,15740,12581,385281,168220,2808,31460,138,37674,612543,137799,1414785,2014-06-30
ALL COUNTIES,1,0,0,0,0,0,0,0,0,9,61,71,2014-06-30
ADUR,11,8,6,414,199,32,2,0,30,567,141,1410,2014-06-30
ALLERDALE,33,11,38,585,270,2,51,0,121,966,175,2252,2014-06-30
AMBER VALLEY,48,9,22,730,317,13,35,1,102,1014,198,2489,2014-06-30
ARUN,13,31,37,1176,503,5,74,0,100,2011,518,4468,2014-06-30
ASHFIELD,22,17,63,754,286,5,119,1,76,940,207,2490,2014-06-30
ASHFORD,9,8,40,1139,398,11,54,0,72,1613,355,3699,2014-06-30
AYLESBURY VALE,46,47,84,1451,582,2,231,2,150,1940,546,5081,2014-06-30
BABERGH,34,8,29,589,261,2,44,0,76,839,216,2098,2014-06-30
BARKING AND DAGENHAM,7,36,13,974,355,0,48,0,53,1752,368,3606,2014-06-30
BARNET,78,180,37,2493,1140,6,222,6,171,5401,1044,10778,2014-06-30
BARNSLEY,47,41,57,1260,556,18,121,0,128,1925,388,4541,2014-06-30
BARROW-IN-FURNESS,4,12,5,408,186,3,332,0,21,433,89,1493,2014-06-30
BASILDON,23,30,25,1292,505,4,132,2,72,1736,454,4275,2014-06-30
BASINGSTOKE AND DEANE,16,27,44,1336,493,3,64,0,101,1790,538,4412,2014-06-30
BASSETLAW,40,19,32,667,249,3,49,0,89,964,186,2298,2014-06-30
BATH AND NORTH EAST SOMERSET,44,39,56,1181,560,3,143,1,164,2115,459,4765,2014-06-30
BEDFORD,17,42,57,1037,461,2,201,0,112,1530,343,3802,2014-06-30
BEXLEY,14,52,26,1698,637,4,86,0,84,2200,447,5248,2014-06-30
BIRMINGHAM,137,228,136,5413,2377,46,354,2,515,10148,1745,21101,2014-06-30
BLABY,24,15,29,626,254,3,57,0,37,702,168,1915,2014-06-30
BLACKBURN WITH DARWEN,6,28,25,771,290,3,58,0,123,1415,237,2956,2014-06-30
BLACKPOOL,18,16,9,860,840,10,11,0,95,1395,209,3463,2014-06-30
BLAENAU GWENT,28,6,5,338,102,4,12,0,32,452,79,1058,2014-06-30
BOLSOVER,11,13,33,453,180,3,40,0,38,614,137,1522,2014-06-30
BOLTON,23,40,69,1496,821,12,101,1,150,2913,753,6379,2014-06-30
BOSTON,29,6,10,425,151,2,17,0,70,562,138,1410,2014-06-30
BOURNEMOUTH,24,133,20,1466,685,4,76,0,79,2205,631,5323,2014-06-30
BRACKNELL FOREST,7,20,30,976,353,1,69,0,53,1327,354,3190,2014-06-30
BRADFORD,58,175,78,2492,1061,14,180,1,247,4632,801,9739,2014-06-30
BRAINTREE,34,17,43,1087,403,3,44,0,122,1576,440,3769,2014-06-30
BRECKLAND,43,6,47,870,390,10,105,1,114,1242,313,3141,2014-06-30
BRENT,3,172,14,1973,736,10,110,1,144,4111,827,8101,2014-06-30
BRENTWOOD,6,25,13,595,224,5,38,0,60,856,216,2038,2014-06-30
BRIDGEND,36,25,49,910,375,6,67,0,93,1223,245,3029,2014-06-30
BRIGHTON AND HOVE,27,290,22,2339,996,9,112,1,115,3855,981,8747,2014-06-30
BROADLAND,59,5,28,806,328,3,22,1,114,954,200,2520,2014-06-30
BROMLEY,10,140,50,2737,1120,7,143,0,117,3818,856,8998,2014-06-30
BROMSGROVE,28,13,29,725,327,2,59,0,59,978,248,2468,2014-06-30
BROXBOURNE,5,10,17,738,300,1,20,1,36,911,238,2277,2014-06-30
BROXTOWE,18,16,11,683,271,0,139,0,64,877,185,2264,2014-06-30
BURNLEY,9,23,11,537,445,4,33,0,81,1158,150,2451,2014-06-30
BURY,13,21,31,1253,752,5,58,0,136,1785,384,4438,2014-06-30
CAERPHILLY,49,22,29,970,389,3,86,0,71,1226,261,3106,2014-06-30
CALDERDALE,41,104,53,1192,583,8,64,0,121,2171,332,4669,2014-06-30
CAMBRIDGE,17,88,31,708,278,36,223,0,84,1015,180,2660,2014-06-30
CAMDEN,3,251,10,1804,747,7,134,0,225,5149,1198,9528,2014-06-30
CANNOCK CHASE,13,30,42,697,297,2,46,0,45,884,190,2246,2014-06-30
CANTERBURY,14,39,53,1420,502,4,84,1,124,1796,450,4487,2014-06-30
CARDIFF,49,104,28,2236,1006,15,69,0,169,3398,674,7748,2014-06-30
CARLISLE,26,13,23,644,295,2,59,0,110,904,149,2225,2014-06-30
CARMARTHENSHIRE,107,14,78,1067,414,7,128,0,203,1544,281,3843,2014-06-30
CARRICK,0,0,0,1,0,0,0,0,0,0,0,1,2014-06-30
CASTLE POINT,30,9,1,590,210,0,40,0,93,623,129,1725,2014-06-30
CENTRAL BEDFORDSHIRE,53,50,239,2165,831,4,263,2,144,2518,695,6964,2014-06-30
CEREDIGION,60,4,38,412,170,3,33,0,87,600,104,1511,2014-06-30
CHARNWOOD,29,40,68,1113,416,5,160,0,83,1232,323,3469,2014-06-30
CHELMSFORD,36,23,23,1358,530,2,77,5,109,1642,422,4227,2014-06-30
CHELTENHAM,94,34,13,912,401,3,37,1,66,1301,378,3240,2014-06-30
CHERWELL,38,37,26,1040,432,22,113,0,96,1662,438,3904,2014-06-30
CHESHIRE EAST,101,108,66,2700,1348,29,200,0,311,7696,924,13483,2014-06-30
CHESHIRE WEST AND CHESTER,67,86,65,2237,913,15,219,0,276,3303,744,7925,2014-06-30
CHESTERFIELD,21,24,21,595,195,4,37,0,59,725,172,1853,2014-06-30
CHICHESTER,34,22,32,830,336,0,62,2,143,1558,396,3415,2014-06-30
CHILTERN,31,16,22,745,254,8,30,0,87,927,272,2392,2014-06-30
CHORLEY,15,52,43,757,318,5,107,0,123,1053,253,2726,2014-06-30
CHRISTCHURCH,7,8,3,399,167,6,11,0,29,567,124,1321,2014-06-30
CITY OF BRISTOL,42,184,43,2960,2293,21,212,0,236,4853,1293,12137,2014-06-30
CITY OF DERBY,23,65,46,1465,567,7,97,0,106,2012,405,4793,2014-06-30
CITY OF KINGSTON UPON HULL,18,29,54,1185,621,13,146,0,94,1869,331,4360,2014-06-30
CITY OF LONDON,3,61,2,318,126,8,103,3,141,1710,386,2861,2014-06-30
CITY OF NOTTINGHAM,245,70,48,1570,631,22,129,2,124,3547,552,6940,2014-06-30
CITY OF PETERBOROUGH,16,86,75,1166,499,15,239,0,90,2951,511,5648,2014-06-30
CITY OF PLYMOUTH,25,46,37,1503,649,10,130,0,118,2158,492,5168,2014-06-30
CITY OF WESTMINSTER,12,319,30,2864,1269,36,386,0,534,12346,3110,20906,2014-06-30
COLCHESTER,44,49,85,1277,506,5,146,2,118,1877,497,4606,2014-06-30
CONWY,86,25,24,965,318,9,23,0,108,1134,212,2904,2014-06-30
COPELAND,14,2,9,436,205,0,15,0,87,794,134,1696,2014-06-30
CORBY,13,16,38,467,165,8,73,0,30,646,196,1652,2014-06-30
CORNWALL,284,121,228,4205,1561,20,392,0,670,6015,1299,14795,2014-06-30
COTSWOLD,37,25,53,711,293,4,67,1,111,1282,370,2954,2014-06-30
COUNTY DURHAM,92,47,116,2926,1320,42,304,0,257,5184,1097,11385,2014-06-30
COVENTRY,36,39,65,1741,682,7,140,0,93,2733,546,6082,2014-06-30
CRAVEN,30,5,11,384,178,4,16,0,62,601,117,1408,2014-06-30
CRAWLEY,6,18,19,789,275,2,58,1,53,1142,328,2691,2014-06-30
CROYDON,22,231,22,2800,1062,21,173,1,141,4412,1026,9911,2014-06-30
DACORUM,16,37,28,1036,461,4,69,1,73,1511,407,3643,2014-06-30
DARLINGTON,7,10,24,617,234,8,46,0,22,834,154,1956,2014-06-30
DARTFORD,7,33,26,832,304,21,97,1,47,1282,386,3036,2014-06-30
DAVENTRY,20,13,30,707,238,4,60,0,50,765,190,2077,2014-06-30
DENBIGHSHIRE,49,3,8,566,206,4,23,0,72,943,148,2022,2014-06-30
DERBYSHIRE DALES,36,9,22,434,183,0,27,0,134,730,157,1732,2014-06-30
DONCASTER,41,41,50,1749,717,21,131,0,148,2634,400,5932,2014-06-30
DOVER,9,11,10,978,336,11,43,1,63,1161,274,2897,2014-06-30
DUDLEY,48,59,59,1900,630,6,103,0,97,2281,545,5728,2014-06-30
DURHAM,0,0,0,0,0,0,0,0,1,0,0,1,2014-06-30
EALING,9,115,13,2196,911,2,109,2,119,4578,865,8919,2014-06-30
EAST CAMBRIDGESHIRE,30,7,24,591,250,4,41,14,58,951,213,2183,2014-06-30
EAST DEVON,43,41,95,1047,438,6,203,0,109,1528,345,3855,2014-06-30
EAST DORSET,19,29,9,663,268,0,23,0,68,901,192,2172,2014-06-30
EAST HAMPSHIRE,24,28,41,922,384,2,90,0,118,1405,528,3542,2014-06-30
EAST HERTFORDSHIRE,19,32,45,1149,441,1,104,1,94,1648,370,3904,2014-06-30
EAST LINDSEY,71,21,33,862,360,6,39,0,159,1302,254,3107,2014-06-30
EAST NORTHAMPTONSHIRE,24,28,43,705,223,4,88,1,59,789,237,2201,2014-06-30
EAST RIDING OF YORKSHIRE,106,30,47,4064,951,7,138,0,254,3334,629,9560,2014-06-30
EAST STAFFORDSHIRE,59,15,33,699,280,7,48,1,119,941,188,2390,2014-06-30
EASTBOURNE,2,30,2,819,350,6,36,0,33,1309,390,2977,2014-06-30
EASTLEIGH,17,34,23,1044,371,4,47,0,86,1150,285,3061,2014-06-30
EDEN,45,1,12,387,155,1,45,0,49,631,102,1428,2014-06-30
ELMBRIDGE,8,25,17,1161,588,8,108,0,102,1966,532,4515,2014-06-30
ENFIELD,7,142,13,2128,804,13,70,4,318,4498,841,8838,2014-06-30
EPPING FOREST,21,34,16,935,423,2,78,1,112,1579,316,3517,2014-06-30
EPSOM AND EWELL,0,11,6,634,261,2,57,0,29,836,219,2055,2014-06-30
EREWASH,34,28,44,749,272,2,39,0,37,959,233,2397,2014-06-30
EXETER,12,34,47,839,375,7,102,0,79,1189,291,2975,2014-06-30
FAREHAM,19,10,13,916,337,6,52,0,67,1001,225,2646,2014-06-30
FENLAND,45,16,36,687,246,15,51,0,83,961,180,2320,2014-06-30
FLINTSHIRE,60,19,44,875,363,4,94,0,108,1321,252,3140,2014-06-30
FOREST HEATH,17,5,14,454,209,1,56,1,41,608,181,1587,2014-06-30
FOREST OF DEAN,32,15,42,494,244,2,58,1,72,793,169,1922,2014-06-30
FYLDE,8,16,9,592,3284,2,58,0,78,1092,197,5336,2014-06-30
GATESHEAD,16,44,34,1253,517,6,93,0,86,1782,339,4170,2014-06-30
GEDLING,16,33,38,774,323,9,57,0,72,1017,295,2634,2014-06-30
GLOUCESTER,12,31,31,884,360,5,92,1,75,1069,289,2849,2014-06-30
GOSPORT,15,30,6,598,213,3,21,1,38,639,164,1728,2014-06-30
GRAVESHAM,9,9,9,643,264,3,24,0,39,892,246,2138,2014-06-30
GREAT YARMOUTH,27,12,25,830,266,3,28,1,70,821,166,2249,2014-06-30
GREENWICH,2,174,16,1755,734,15,284,0,130,3656,764,7530,2014-06-30
GUILDFORD,7,46,18,1150,439,4,52,0,104,1964,514,4298,2014-06-30
GWYNEDD,100,19,40,1126,307,3,37,0,161,1089,180,3062,2014-06-30
HACKNEY,2,158,11,1444,694,10,249,3,144,3716,768,7199,2014-06-30
HALTON,13,23,17,770,317,5,57,0,62,1167,265,2696,2014-06-30
HAMBLETON,19,0,23,510,243,4,54,0,86,842,168,1949,2014-06-30
HAMMERSMITH AND FULHAM,1,173,9,1585,741,8,237,0,141,3827,913,7635,2014-06-30
HARBOROUGH,33,25,38,624,290,1,87,0,69,926,256,2349,2014-06-30
HARINGEY,9,143,17,1576,778,5,85,1,125,3831,773,7343,2014-06-30
HARLOW,1,13,10,519,167,1,84,0,29,794,201,1819,2014-06-30
HARROGATE,43,19,33,1199,523,4,44,0,129,1787,383,4164,2014-06-30
HARROW,2,80,18,1526,611,6,115,2,96,2671,507,5634,2014-06-30
HART,14,11,40,707,271,4,50,0,73,963,271,2404,2014-06-30
HARTLEPOOL,6,13,11,459,182,8,47,0,32,722,109,1589,2014-06-30
HASTINGS,0,46,7,900,294,2,22,0,50,1136,282,2739,2014-06-30
HAVANT,16,17,19,852,277,3,81,1,42,904,242,2454,2014-06-30
HAVERING,25,57,48,1725,702,5,135,1,108,2474,464,5744,2014-06-30
HEREFORDSHIRE,69,14,33,1099,443,6,56,0,178,1467,357,3722,2014-06-30
HERTSMERE,3,41,16,693,293,6,74,0,49,1251,304,2730,2014-06-30
HIGH PEAK,47,27,12,707,279,4,26,0,83,924,212,2321,2014-06-30
HILLINGDON,5,84,36,1953,640,7,144,1,130,2966,757,6723,2014-06-30
HINCKLEY AND BOSWORTH,22,18,45,953,328,5,111,1,71,1087,204,2845,2014-06-30
HORSHAM,17,47,70,1136,426,73,151,1,103,1534,416,3974,2014-06-30
HOUNSLOW,4,180,10,1624,668,11,215,0,162,3287,727,6888,2014-06-30
HUNTINGDONSHIRE,53,28,65,1436,541,6,121,2,145,1654,463,4514,2014-06-30
HYNDBURN,20,15,3,496,210,8,14,0,99,887,196,1948,2014-06-30
IPSWICH,19,23,18,828,347,5,22,0,54,1097,254,2667,2014-06-30
ISLE OF ANGLESEY,48,10,22,567,132,3,30,0,75,691,119,1697,2014-06-30
ISLE OF WIGHT,32,42,40,1090,389,16,86,0,115,1462,336,3608,2014-06-30
ISLES OF SCILLY,1,1,0,8,4,0,0,0,1,20,3,38,2014-06-30
ISLINGTON,2,200,11,1604,733,8,257,0,130,3898,869,7712,2014-06-30
KENSINGTON AND CHELSEA,17,234,5,1775,847,11,114,0,273,6489,1474,11239,2014-06-30
KETTERING,18,19,48,785,259,3,76,0,40,889,204,2341,2014-06-30
KING'S LYNN AND WEST NORFOLK,78,28,30,990,395,4,72,1,175,1499,369,3641,2014-06-30
KINGSTON UPON THAMES,2,52,15,1316,591,4,72,0,79,2091,490,4712,2014-06-30
KIRKLEES,79,55,96,2443,996,17,124,0,256,3818,675,8559,2014-06-30
KNOWSLEY,20,39,32,657,254,10,75,0,72,1330,266,2755,2014-06-30
LAMBETH,9,227,22,2483,1123,12,141,1,142,5029,1160,10349,2014-06-30
LANCASTER,34,32,13,910,377,4,88,0,125,1133,188,2904,2014-06-30
LEEDS,89,147,153,4528,2005,43,423,0,444,8946,1660,18438,2014-06-30
LEICESTER,11,113,45,1510,582,13,94,0,155,2164,400,5087,2014-06-30
LEWES,11,54,12,825,325,5,19,2,64,1101,264,2682,2014-06-30
LEWISHAM,5,200,26,2127,900,3,131,0,128,3812,969,8301,2014-06-30
LICHFIELD,17,23,36,734,358,4,59,0,80,1034,248,2593,2014-06-30
LINCOLN,18,28,28,577,240,1,22,0,61,819,133,1927,2014-06-30
LIVERPOOL,52,203,85,2529,1122,26,451,0,227,4987,827,10509,2014-06-30
LUTON,19,21,13,1062,437,2,26,0,64,1787,364,3795,2014-06-30
MAIDSTONE,12,25,33,1387,482,10,58,0,103,1851,446,4407,2014-06-30
MALDON,25,2,13,459,187,0,9,1,49,666,143,1554,2014-06-30
MALVERN HILLS,42,18,42,498,218,2,46,0,90,733,163,1852,2014-06-30
MANCHESTER,24,135,51,2373,1826,39,258,0,310,6661,1563,13240,2014-06-30
MANSFIELD,21,35,36,676,249,5,57,0,47,772,172,2070,2014-06-30
MEDWAY,14,44,43,2001,746,7,71,3,129,2534,634,6226,2014-06-30
MELTON,21,16,6,332,106,0,18,0,36,427,130,1092,2014-06-30
MENDIP,47,15,52,738,308,4,65,0,116,1156,342,2843,2014-06-30
MERTHYR TYDFIL,17,5,18,311,109,9,31,0,31,414,71,1016,2014-06-30
MERTON,12,61,14,1641,629,7,59,0,83,2963,654,6123,2014-06-30
MID DEVON,14,18,29,588,201,4,44,0,71,833,179,1981,2014-06-30
MID SUFFOLK,48,9,42,689,276,18,43,1,79,991,306,2502,2014-06-30
MID SUSSEX,10,32,47,1157,502,27,97,0,150,1694,521,4237,2014-06-30
MIDDLESBROUGH,5,101,29,634,276,3,116,0,51,1121,186,2522,2014-06-30
MILTON KEYNES,26,74,94,2063,763,12,244,2,119,2773,804,6974,2014-06-30
MOLE VALLEY,5,10,219,700,286,2,40,0,46,1049,251,2608,2014-06-30
MONMOUTHSHIRE,50,14,52,541,250,7,53,0,69,848,194,2078,2014-06-30
NEATH PORT TALBOT,28,16,40,807,305,7,72,1,91,1086,187,2640,2014-06-30
NEW FOREST,25,21,36,1312,557,13,46,0,148,1809,488,4455,2014-06-30
NEWARK AND SHERWOOD,51,27,44,753,326,5,79,0,98,1093,259,2735,2014-06-30
NEWCASTLE UPON TYNE,26,47,52,1645,708,8,131,0,177,2658,501,5953,2014-06-30
NEWCASTLE-UNDER-LYME,35,11,31,738,304,6,101,2,82,959,190,2459,2014-06-30
NEWHAM,10,161,12,1535,590,7,271,0,120,3914,699,7319,2014-06-30
NEWPORT,32,23,62,870,358,7,116,0,131,1452,296,3347,2014-06-30
NORTH DEVON,38,8,33,714,288,3,32,0,81,1049,253,2499,2014-06-30
NORTH DORSET,23,15,15,452,224,2,25,0,86,692,205,1739,2014-06-30
NORTH EAST DERBYSHIRE,46,9,28,556,256,7,22,0,90,742,133,1889,2014-06-30
NORTH EAST LINCOLNSHIRE,31,27,22,1003,371,8,43,0,64,1137,200,2906,2014-06-30
NORTH HERTFORDSHIRE,11,19,19,901,380,4,56,2,47,1159,324,2922,2014-06-30
NORTH KESTEVEN,43,15,32,775,278,7,78,0,100,902,218,2448,2014-06-30
NORTH LINCOLNSHIRE,52,44,27,976,394,7,69,0,96,1432,233,3330,2014-06-30
NORTH NORFOLK,58,17,33,847,390,5,56,2,167,1109,233,2917,2014-06-30
NORTH SOMERSET,45,39,48,1500,833,6,115,1,178,2275,588,5628,2014-06-30
NORTH TYNESIDE,14,43,60,1368,611,9,63,0,98,1753,395,4414,2014-06-30
NORTH WARWICKSHIRE,19,8,12,439,125,5,33,0,52,619,119,1431,2014-06-30
NORTH WEST LEICESTERSHIRE,17,50,51,667,255,8,114,0,76,952,263,2453,2014-06-30
NORTHAMPTON,32,68,77,1820,630,10,113,0,107,2293,596,5746,2014-06-30
NORTHUMBERLAND,43,48,87,1991,957,18,158,0,233,2879,753,7167,2014-06-30
NORWICH,5,35,11,887,384,4,58,3,92,1225,263,2967,2014-06-30
NUNEATON AND BEDWORTH,11,17,13,861,306,5,71,0,44,1007,212,2547,2014-06-30
OADBY AND WIGSTON,13,19,4,345,144,0,5,0,26,364,90,1010,2014-06-30
OLDHAM,40,49,45,1166,702,12,57,0,165,2265,404,4905,2014-06-30
OXFORD,9,18,12,777,341,5,38,0,164,1421,316,3101,2014-06-30
PEMBROKESHIRE,69,14,55,729,275,2,58,0,126,1067,207,2602,2014-06-30
PENDLE,11,12,7,514,590,6,14,0,116,930,130,2330,2014-06-30
POOLE,14,57,20,1279,481,3,52,0,82,1512,414,3914,2014-06-30
PORTSMOUTH,35,41,13,1395,562,16,58,0,87,2066,490,4763,2014-06-30
POWYS,82,10,67,844,346,6,53,0,140,1191,294,3033,2014-06-30
PRESTON,9,22,8,826,338,6,25,0,101,1245,262,2842,2014-06-30
PURBECK,17,13,8,434,130,4,19,0,56,514,145,1340,2014-06-30
READING,16,51,16,1291,519,10,66,0,84,2105,416,4574,2014-06-30
REDBRIDGE,18,62,19,1742,709,4,108,0,80,2996,566,6304,2014-06-30
REDCAR AND CLEVELAND,3,16,14,679,269,7,41,0,34,985,145,2193,2014-06-30
REDDITCH,15,21,14,607,246,1,31,0,60,723,192,1910,2014-06-30
REIGATE AND BANSTEAD,3,30,39,1185,489,6,106,0,90,1874,536,4358,2014-06-30
RHONDDA CYNON TAFF,70,23,32,1328,575,34,80,0,151,2161,305,4759,2014-06-30
RIBBLE VALLEY,14,17,12,342,159,1,38,1,132,611,128,1455,2014-06-30
RICHMOND UPON THAMES,4,79,13,1603,720,1,45,3,120,2837,641,6066,2014-06-30
RICHMONDSHIRE,20,3,20,277,109,0,22,0,39,433,104,1027,2014-06-30
ROCHDALE,13,46,94,1041,577,13,83,0,117,1929,384,4297,2014-06-30
ROCHFORD,18,8,27,546,251,3,33,3,46,691,148,1774,2014-06-30
ROSSENDALE,13,13,13,432,173,3,39,0,71,1418,139,2314,2014-06-30
ROTHER,17,27,30,891,352,6,51,0,85,1292,264,3015,2014-06-30
ROTHERHAM,37,36,47,1403,601,12,146,0,137,1954,430,4803,2014-06-30
RUGBY,12,16,43,751,294,6,89,0,44,1039,253,2547,2014-06-30
RUNNYMEDE,2,20,24,697,281,0,39,0,53,1063,236,2415,2014-06-30
RUSHCLIFFE,14,33,33,807,312,0,71,0,118,1057,247,2692,2014-06-30
RUSHMOOR,7,17,3,667,291,5,63,0,45,951,257,2306,2014-06-30
RUTLAND,14,15,29,276,125,0,42,0,38,454,110,1103,2014-06-30
RYEDALE,22,5,22,358,149,1,61,0,77,620,87,1402,2014-06-30
SALFORD,20,90,22,1486,1087,15,170,0,131,2820,713,6554,2014-06-30
SANDWELL,34,39,58,1528,591,20,132,0,148,2218,439,5207,2014-06-30
SCARBOROUGH,34,41,19,668,352,4,53,0,112,1159,241,2683,2014-06-30
SEDGEMOOR,45,20,51,861,300,1,113,0,118,1039,225,2773,2014-06-30
SEFTON,51,61,56,1578,1912,8,59,0,153,2429,469,6776,2014-06-30
SELBY,25,13,28,605,279,1,77,0,69,970,204,2271,2014-06-30
SEVENOAKS,5,14,24,870,352,3,42,0,104,1358,331,3103,2014-06-30
SHEFFIELD,137,87,120,3228,1416,18,189,0,357,4859,1112,11523,2014-06-30
SHEPWAY,8,39,19,965,330,11,44,1,48,1282,326,3073,2014-06-30
SHROPSHIRE,148,31,119,1944,1097,225,161,0,279,3005,757,7766,2014-06-30
SLOUGH,7,78,40,1000,352,3,96,0,84,1603,353,3616,2014-06-30
SOLIHULL,20,38,56,1429,594,11,83,0,82,1962,415,4690,2014-06-30
SOUTH BUCKS,10,12,10,553,189,3,31,0,67,925,208,2008,2014-06-30
SOUTH CAMBRIDGESHIRE,32,169,72,967,404,4,161,0,109,1433,362,3713,2014-06-30
SOUTH DERBYSHIRE,12,15,52,635,246,5,68,0,59,813,205,2110,2014-06-30
SOUTH GLOUCESTERSHIRE,60,44,69,1848,1765,5,190,2,132,2301,642,7058,2014-06-30
SOUTH HAMS,18,24,36,659,288,9,42,0,96,1254,285,2711,2014-06-30
SOUTH HOLLAND,52,9,26,569,238,11,60,0,81,717,154,1917,2014-06-30
SOUTH KESTEVEN,51,29,40,975,337,6,149,0,111,1200,305,3203,2014-06-30
SOUTH LAKELAND,49,18,24,730,283,2,35,0,159,1210,238,2748,2014-06-30
SOUTH NORFOLK,72,17,55,903,396,1,166,0,131,1145,308,3194,2014-06-30
SOUTH NORTHAMPTONSHIRE,24,5,42,732,255,1,56,0,67,869,223,2274,2014-06-30
SOUTH OXFORDSHIRE,18,28,61,1080,405,9,90,1,92,1566,378,3728,2014-06-30
SOUTH RIBBLE,17,32,27,774,303,3,79,0,67,853,178,2333,2014-06-30
SOUTH SOMERSET,87,18,63,1108,461,6,112,0,162,1452,369,3838,2014-06-30
SOUTH STAFFORDSHIRE,43,9,26,708,317,2,30,0,91,888,199,2313,2014-06-30
SOUTH TYNESIDE,6,16,50,729,358,7,68,0,36,1189,256,2715,2014-06-30
SOUTHAMPTON,44,68,32,1639,605,8,83,0,115,2410,695,5699,2014-06-30
SOUTHEND-ON-SEA,17,52,87,1679,600,5,43,0,68,2276,452,5279,2014-06-30
SOUTHWARK,10,192,26,2119,962,10,256,0,178,4765,1161,9679,2014-06-30
SPELTHORNE,0,24,19,878,292,5,74,0,35,1049,241,2617,2014-06-30
ST ALBANS,17,36,26,1114,465,5,84,0,91,1481,343,3662,2014-06-30
ST EDMUNDSBURY,23,17,24,743,329,1,55,1,87,1006,305,2591,2014-06-30
ST HELENS,35,78,20,1024,471,3,96,0,146,1444,357,3674,2014-06-30
STAFFORD,56,25,25,805,319,3,48,1,139,1128,280,2829,2014-06-30
STAFFORDSHIRE MOORLANDS,64,4,19,592,239,2,29,0,99,787,129,1964,2014-06-30
STEVENAGE,1,18,8,581,225,1,36,0,27,558,186,1641,2014-06-30
STOCKPORT,122,44,25,1790,1125,7,74,0,235,2939,626,6987,2014-06-30
STOCKTON-ON-TEES,14,32,30,1032,427,9,146,0,86,1471,358,3605,2014-06-30
STOKE-ON-TRENT,40,27,57,1365,623,12,77,0,99,2118,382,4800,2014-06-30
STRATFORD-ON-AVON,40,18,63,920,386,4,92,0,106,1621,384,3634,2014-06-30
STROUD,42,40,63,879,323,2,107,0,91,1197,279,3023,2014-06-30
SUFFOLK COASTAL,50,25,57,821,314,3,78,0,130,1282,347,3107,2014-06-30
SUNDERLAND,15,79,61,1487,583,14,125,0,190,2072,422,5048,2014-06-30
SURREY HEATH,2,6,14,678,278,2,27,0,65,872,240,2184,2014-06-30
SUTTON,5,53,12,1390,542,6,83,0,65,2207,580,4943,2014-06-30
SWALE,4,26,36,1227,454,0,53,0,96,1466,354,3716,2014-06-30
SWANSEA,58,68,48,1506,592,14,93,0,193,2038,386,4996,2014-06-30
SWINDON,32,39,54,1632,769,7,102,0,97,1970,531,5233,2014-06-30
TAMESIDE,17,39,30,1265,578,9,42,0,139,1882,441,4442,2014-06-30
TAMWORTH,4,20,13,501,565,4,26,0,41,600,138,1912,2014-06-30
TANDRIDGE,15,25,34,748,295,1,45,0,61,967,238,2429,2014-06-30
TAUNTON DEANE,31,28,61,857,345,2,141,0,90,1141,253,2949,2014-06-30
TEIGNBRIDGE,26,33,57,992,387,3,137,0,92,1466,303,3496,2014-06-30
TENDRING,51,20,28,934,404,3,49,0,132,1339,309,3269,2014-06-30
TEST VALLEY,42,37,54,807,313,5,133,0,81,1096,302,2870,2014-06-30
TEWKESBURY,17,16,51,556,248,2,135,0,47,889,256,2217,2014-06-30
THANET,3,36,24,1258,453,15,60,0,52,1455,381,3737,2014-06-30
THE VALE OF GLAMORGAN,28,17,38,809,358,7,47,0,81,1179,272,2836,2014-06-30
THREE RIVERS,6,17,30,647,245,5,47,0,51,1003,206,2257,2014-06-30
THURROCK,18,18,27,1106,438,7,103,1,69,1592,385,3764,2014-06-30
TONBRIDGE AND MALLING,8,32,54,1003,410,9,116,1,81,1345,430,3489,2014-06-30
TORBAY,16,18,18,880,406,11,39,0,61,1405,301,3155,2014-06-30
TORFAEN,23,9,12,454,205,2,38,0,26,562,613,1944,2014-06-30
TORRIDGE,29,12,43,592,206,5,59,1,74,684,162,1867,2014-06-30
TOWER HAMLETS,4,375,12,2337,937,11,367,0,203,6246,1456,11948,2014-06-30
TRAFFORD,23,155,27,1428,1071,6,77,0,152,2435,662,6036,2014-06-30
TUNBRIDGE WELLS,8,39,36,1002,413,17,47,0,107,1702,407,3778,2014-06-30
UTTLESFORD,27,9,37,622,258,1,56,0,100,973,234,2317,2014-06-30
VALE OF WHITE HORSE,13,33,45,1000,346,8,186,0,78,1546,424,3679,2014-06-30
WAKEFIELD,41,46,101,1786,705,13,175,0,156,2626,477,6126,2014-06-30
WALSALL,29,30,71,1573,563,6,95,0,105,1746,377,4595,2014-06-30
WALTHAM FOREST,16,161,19,1556,671,4,103,0,108,3580,592,6810,2014-06-30
WANDSWORTH,3,279,20,3242,1438,15,198,0,161,6080,1377,12813,2014-06-30
WARRINGTON,24,67,27,1388,1216,9,170,0,129,2143,559,5732,2014-06-30
WARWICK,12,34,16,961,449,2,26,1,84,1560,344,3489,2014-06-30
WATFORD,6,37,13,706,310,2,55,0,67,1291,252,2739,2014-06-30
WAVENEY,44,22,34,771,282,9,28,0,110,921,197,2418,2014-06-30
WAVERLEY,4,26,29,1021,426,3,86,0,97,1613,407,3712,2014-06-30
WEALDEN,23,53,42,1330,473,6,128,5,125,1795,439,4419,2014-06-30
WELLINGBOROUGH,17,22,14,721,164,3,18,0,42,609,170,1780,2014-06-30
WELWYN HATFIELD,23,34,16,706,302,14,102,0,60,1017,264,2538,2014-06-30
WEST BERKSHIRE,17,39,29,1295,487,2,54,0,115,1791,485,4314,2014-06-30
WEST DEVON,27,7,26,373,189,11,39,0,80,646,152,1550,2014-06-30
WEST DORSET,42,29,25,669,320,4,36,1,120,1092,279,2617,2014-06-30
WEST LANCASHIRE,26,20,25,721,284,7,60,0,107,918,199,2367,2014-06-30
WEST LINDSEY,47,16,30,640,284,1,71,1,78,816,170,2154,2014-06-30
WEST OXFORDSHIRE,25,9,31,710,295,3,57,0,86,1191,313,2720,2014-06-30
WEST SOMERSET,18,2,39,258,87,0,19,0,55,401,96,975,2014-06-30
WEYMOUTH AND PORTLAND,13,12,5,481,176,0,25,0,55,582,132,1481,2014-06-30
WIGAN,70,52,33,2017,952,23,77,0,292,2491,602,6609,2014-06-30
WILTSHIRE,317,65,135,3208,1298,21,473,0,358,4600,1248,11723,2014-06-30
WINCHESTER,29,29,50,856,362,6,77,2,113,1358,393,3275,2014-06-30
WINDSOR AND MAIDENHEAD,11,38,43,1194,484,27,119,0,188,2033,455,4592,2014-06-30
WIRRAL,44,45,45,1866,768,6,59,0,99,2431,514,5877,2014-06-30
WOKING,3,32,10,749,274,9,42,0,57,1241,316,2733,2014-06-30
WOKINGHAM,2,29,36,1369,450,9,107,0,74,1789,443,4308,2014-06-30
WOLVERHAMPTON,29,62,41,1563,403,8,92,0,130,1734,345,4407,2014-06-30
WORCESTER,15,26,13,694,310,4,53,0,66,809,225,2215,2014-06-30
WREKIN,40,70,74,1104,401,3,159,1,76,1359,338,3625,2014-06-30
WORTHING,9,44,24,891,347,25,90,0,40,1427,305,3202,2014-06-30
WREXHAM,36,17,15,696,243,22,50,0,66,925,211,2281,2014-06-30
WYCHAVON,62,14,52,832,350,5,157,0,153,1269,328,3222,2014-06-30
WYCOMBE,41,26,35,1318,495,3,82,0,201,1913,503,4617,2014-06-30
WYRE,15,21,22,642,273,6,50,0,146,1146,172,2493,2014-06-30
WYRE FOREST,34,19,35,495,227,5,65,0,89,802,195,1966,2014-06-30
YORK,104,37,28,1249,552,13,106,1,118,1698,491,4397,2014-06-30
Total,8954,14845,10987,396976,147900,2715,23447,145,38975,587114,128358,1360416,2014-05-31
ALL COUNTIES,2,0,0,1,0,0,0,0,0,16,51,70,2014-05-31
ADUR,12,12,5,453,168,0,7,0,38,580,122,1397,2014-05-31
ALLERDALE,33,14,30,676,276,1,64,0,114,894,168,2270,2014-05-31
AMBER VALLEY,35,18,29,704,267,5,27,0,98,1080,252,2515,2014-05-31
ARUN,15,30,31,1260,489,4,62,0,103,1970,484,4448,2014-05-31
ASHFIELD,16,15,47,744,245,5,68,0,63,780,179,2162,2014-05-31
ASHFORD,7,12,17,1092,376,3,37,1,96,1363,313,3317,2014-05-31
AYLESBURY VALE,25,35,86,1495,507,15,124,4,157,1849,559,4856,2014-05-31
BABERGH,22,6,26,625,250,1,33,0,78,731,183,1955,2014-05-31
BARKING AND DAGENHAM,5,80,11,1050,369,9,35,0,36,1763,347,3705,2014-05-31
BARNET,44,160,22,2581,987,7,151,1,173,5279,1119,10524,2014-05-31
BARNSLEY,44,38,55,1313,513,16,102,0,118,1570,368,4137,2014-05-31
BARROW-IN-FURNESS,10,1,7,432,172,1,353,0,36,504,83,1599,2014-05-31
BASILDON,15,34,31,1311,475,5,57,3,74,1722,426,4153,2014-05-31
BASINGSTOKE AND DEANE,34,26,39,1135,465,3,86,0,86,1568,532,3974,2014-05-31
BASSETLAW,39,22,29,799,253,4,38,0,77,905,194,2360,2014-05-31
BATH AND NORTH EAST SOMERSET,50,45,38,1272,493,9,93,4,185,2093,535,4817,2014-05-31
BEDFORD,17,40,58,1045,364,6,125,1,117,1454,352,3579,2014-05-31
BEXLEY,6,41,25,1644,601,3,49,0,61,2044,473,4947,2014-05-31
BIRMINGHAM,79,215,145,5164,2007,37,322,0,532,9489,1603,19593,2014-05-31
BLABY,16,17,30,633,236,2,47,0,57,731,177,1946,2014-05-31
BLACKBURN WITH DARWEN,14,36,22,809,294,9,34,0,133,1206,194,2751,2014-05-31
BLACKPOOL,29,15,7,891,356,10,9,0,112,1304,194,2927,2014-05-31
BLAENAU GWENT,22,5,9,331,139,5,14,0,35,472,83,1115,2014-05-31
BOLSOVER,14,16,16,537,173,4,42,0,26,588,129,1545,2014-05-31
BOLTON,17,65,49,1723,593,10,73,0,188,2943,494,6155,2014-05-31
BOSTON,24,6,8,415,148,1,13,0,132,647,263,1657,2014-05-31
BOURNEMOUTH,15,83,7,1526,600,6,67,0,82,2283,518,5187,2014-05-31
BRACKNELL FOREST,5,25,13,917,371,6,51,0,62,1281,334,3065,2014-05-31
BRADFORD,73,88,82,2566,913,20,144,0,244,3745,712,8587,2014-05-31
BRAINTREE,30,21,48,1024,437,2,40,6,127,1485,459,3679,2014-05-31
BRECKLAND,59,17,39,916,324,14,51,2,163,1117,326,3028,2014-05-31
BRENT,2,143,15,1990,644,9,97,2,131,3818,683,7534,2014-05-31
BRENTWOOD,12,24,9,658,245,2,37,4,86,951,180,2208,2014-05-31
BRIDGEND,22,36,28,997,358,5,64,0,95,1157,197,2959,2014-05-31
BRIGHTON AND HOVE,20,183,13,2275,942,5,136,1,148,3657,882,8262,2014-05-31
BROADLAND,53,9,22,840,304,4,35,1,161,959,215,2603,2014-05-31
BROMLEY,2,103,49,2723,1058,9,98,1,135,4084,827,9089,2014-05-31
BROMSGROVE,11,12,24,677,272,1,44,0,84,982,198,2305,2014-05-31
BROXBOURNE,8,22,9,782,258,3,24,0,49,974,233,2362,2014-05-31
BROXTOWE,18,15,6,724,264,1,23,0,53,718,157,1979,2014-05-31
BURNLEY,2,20,17,680,230,5,20,0,75,1072,158,2279,2014-05-31
BURY,16,29,36,1301,523,10,38,0,131,2019,339,4442,2014-05-31
CAERPHILLY,32,26,27,1066,366,6,40,0,184,1289,210,3246,2014-05-31
CALDERDALE,61,66,54,1194,485,8,34,0,137,1845,330,4214,2014-05-31
CAMBRIDGE,9,86,32,706,282,6,112,0,83,1136,211,2663,2014-05-31
CAMDEN,9,219,11,1805,711,9,164,0,239,5095,1090,9352,2014-05-31
CANNOCK CHASE,19,24,29,664,247,4,44,0,58,795,178,2062,2014-05-31
CANTERBURY,12,40,20,1254,489,4,75,0,83,1613,378,3968,2014-05-31
CARDIFF,29,62,20,2321,975,14,66,0,190,3708,692,8077,2014-05-31
CARLISLE,30,7,16,691,300,2,43,0,107,891,169,2256,2014-05-31
CARMARTHENSHIRE,89,18,69,1098,436,11,98,0,218,1487,244,3768,2014-05-31
CASTLE POINT,21,7,14,595,250,4,13,0,79,681,117,1781,2014-05-31
CENTRAL BEDFORDSHIRE,28,45,209,2154,861,29,192,7,175,2641,820,7161,2014-05-31
CEREDIGION,51,3,23,391,178,0,18,0,78,543,70,1355,2014-05-31
CHARNWOOD,23,46,47,937,450,2,94,0,83,1292,375,3349,2014-05-31
CHELMSFORD,33,43,21,1228,501,6,60,1,104,1688,404,4089,2014-05-31
CHELTENHAM,25,36,23,927,383,2,26,1,79,1165,349,3016,2014-05-31
CHERWELL,29,18,23,1144,412,27,82,2,127,1368,382,3614,2014-05-31
CHESHIRE EAST,57,68,82,2994,1062,22,157,0,307,3953,828,9530,2014-05-31
CHESHIRE WEST AND CHESTER,50,94,79,2681,803,9,194,0,273,3048,689,7920,2014-05-31
CHESTERFIELD,16,29,9,674,199,2,29,0,64,685,195,1902,2014-05-31
CHICHESTER,29,23,21,865,333,6,43,1,162,1557,409,3449,2014-05-31
CHILTERN,13,13,25,664,262,9,28,0,93,977,309,2393,2014-05-31
CHORLEY,21,46,18,766,316,7,80,0,132,1057,211,2654,2014-05-31
CHRISTCHURCH,5,13,7,412,154,5,8,0,33,497,130,1264,2014-05-31
CITY OF BRISTOL,39,146,40,3054,1333,17,190,1,245,5113,1189,11367,2014-05-31
CITY OF DERBY,17,130,34,1326,535,3,71,3,93,1889,412,4513,2014-05-31
CITY OF KINGSTON UPON HULL,19,56,60,1296,477,7,78,0,89,1794,335,4211,2014-05-31
CITY OF LONDON,6,72,0,410,86,6,68,0,153,1643,386,2830,2014-05-31
CITY OF NOTTINGHAM,42,60,47,1465,610,10,84,0,140,3431,680,6569,2014-05-31
CITY OF PETERBOROUGH,21,240,62,1022,376,14,107,0,92,2118,382,4434,2014-05-31
CITY OF PLYMOUTH,16,64,41,1911,560,9,113,0,96,2032,439,5281,2014-05-31
CITY OF WESTMINSTER,6,351,23,2825,1162,70,287,0,419,11296,2338,18777,2014-05-31
COLCHESTER,38,60,66,1193,544,5,134,0,120,1747,473,4380,2014-05-31
CONGLETON,0,0,0,1,0,0,0,0,0,0,0,1,2014-05-31
CONWY,54,22,24,712,278,6,37,0,123,978,207,2441,2014-05-31
COPELAND,10,6,10,401,185,1,24,0,60,655,143,1495,2014-05-31
CORBY,10,14,33,468,149,0,56,0,21,698,180,1629,2014-05-31
CORNWALL,289,119,209,4268,1577,23,322,0,684,5887,1229,14607,2014-05-31
COTSWOLD,72,11,61,564,256,19,80,2,128,1263,353,2809,2014-05-31
COUNTY DURHAM,68,51,84,3223,1272,20,172,0,272,4735,1025,10922,2014-05-31
COVENTRY,56,44,45,1738,661,10,84,0,162,2528,432,5760,2014-05-31
CRAVEN,19,9,11,398,185,4,16,0,68,558,142,1410,2014-05-31
CRAWLEY,7,25,6,759,293,5,31,0,45,1071,266,2508,2014-05-31
CROYDON,20,194,30,2567,1078,12,133,0,128,4310,1015,9487,2014-05-31
DACORUM,16,33,30,1089,435,3,39,1,90,1422,398,3556,2014-05-31
DARLINGTON,11,12,12,820,233,2,39,0,53,896,147,2225,2014-05-31
DARTFORD,1,15,26,707,306,3,98,0,51,1175,280,2662,2014-05-31
DAVENTRY,16,12,20,667,215,3,37,0,69,771,164,1974,2014-05-31
DENBIGHSHIRE,66,14,15,575,226,6,23,0,106,804,131,1966,2014-05-31
DERBYSHIRE DALES,39,13,26,509,204,1,33,1,116,784,171,1897,2014-05-31
DONCASTER,38,68,40,1918,677,23,92,0,168,2169,435,5628,2014-05-31
DOVER,11,25,25,900,321,4,34,1,40,1235,240,2836,2014-05-31
DUDLEY,32,49,60,1598,628,12,75,0,116,2260,388,5218,2014-05-31
EALING,5,112,11,2341,766,5,67,0,153,4008,871,8339,2014-05-31
EAST CAMBRIDGESHIRE,21,8,26,623,214,5,25,0,49,808,186,1965,2014-05-31
EAST DEVON,29,48,68,1028,452,59,114,1,116,1490,337,3742,2014-05-31
EAST DORSET,11,5,10,700,247,2,34,0,55,964,214,2242,2014-05-31
EAST HAMPSHIRE,25,22,48,826,322,3,67,1,132,1398,303,3147,2014-05-31
EAST HERTFORDSHIRE,14,28,36,1089,462,9,65,2,94,1677,435,3911,2014-05-31
EAST LINDSEY,70,29,25,783,350,26,54,0,156,1267,279,3039,2014-05-31
EAST NORTHAMPTONSHIRE,11,21,25,716,243,1,81,0,63,749,211,2121,2014-05-31
EAST RIDING OF YORKSHIRE,90,35,51,2238,876,14,94,0,293,3152,563,7406,2014-05-31
EAST STAFFORDSHIRE,44,9,36,706,251,6,42,0,155,948,220,2417,2014-05-31
EASTBOURNE,0,39,3,823,296,21,21,0,45,1196,375,2819,2014-05-31
EASTLEIGH,17,24,31,1037,360,5,38,0,80,1182,324,3098,2014-05-31
EDEN,29,7,39,344,158,1,21,0,62,682,108,1451,2014-05-31
ELMBRIDGE,3,28,15,1195,505,4,56,0,104,2130,513,4553,2014-05-31
ENFIELD,5,141,15,2064,761,7,83,1,139,4167,741,8124,2014-05-31
EPPING FOREST,18,37,13,1107,385,2,51,1,99,1602,322,3637,2014-05-31
EPSOM AND EWELL,0,15,14,665,230,1,13,0,32,848,224,2042,2014-05-31
EREWASH,15,15,20,779,277,1,38,0,60,860,176,2241,2014-05-31
EXETER,9,26,29,888,298,9,61,0,59,1163,239,2781,2014-05-31
FAREHAM,18,10,14,999,310,6,25,0,61,974,281,2698,2014-05-31
FENLAND,45,12,18,595,301,5,25,0,71,855,196,2123,2014-05-31
FLINTSHIRE,56,27,28,897,309,7,60,0,115,1117,216,2832,2014-05-31
FOREST HEATH,12,10,20,444,196,4,32,1,51,526,177,1473,2014-05-31
FOREST OF DEAN,32,10,33,486,190,3,40,3,77,648,151,1673,2014-05-31
FYLDE,6,16,16,6544,248,4,23,0,78,1016,240,8191,2014-05-31
GATESHEAD,17,52,37,1305,486,9,42,0,87,1660,301,3996,2014-05-31
GEDLING,22,20,25,788,313,4,32,0,66,965,182,2417,2014-05-31
GLOUCESTER,22,32,47,912,371,4,76,1,113,1095,300,2973,2014-05-31
GOSPORT,11,13,6,658,223,5,21,0,30,791,164,1922,2014-05-31
GRAVESHAM,5,14,16,522,242,0,15,0,90,882,177,1963,2014-05-31
GREAT YARMOUTH,15,3,23,600,233,5,25,3,95,749,131,1882,2014-05-31
GREENWICH,12,222,21,1696,703,9,373,0,106,3179,750,7071,2014-05-31
GUILDFORD,4,25,19,1014,423,5,43,0,79,1539,409,3560,2014-05-31
GWYNEDD,78,5,31,756,240,5,33,0,167,1052,173,2540,2014-05-31
HACKNEY,0,151,6,1435,622,5,171,0,168,3988,827,7373,2014-05-31
HALTON,11,19,21,768,261,5,37,0,60,1067,296,2545,2014-05-31
HAMBLETON,30,6,26,544,229,2,50,0,72,827,164,1950,2014-05-31
HAMMERSMITH AND FULHAM,3,153,7,1645,701,13,149,1,131,3950,816,7569,2014-05-31
HARBOROUGH,22,14,22,620,246,6,77,0,93,860,214,2174,2014-05-31
HARINGEY,7,105,12,1655,673,8,82,0,119,3942,709,7312,2014-05-31
HARLOW,0,9,8,566,214,2,29,0,36,718,171,1753,2014-05-31
HARROGATE,45,12,29,1137,494,5,47,0,128,1704,376,3977,2014-05-31
HARROW,4,57,15,1548,525,3,54,2,101,2823,465,5597,2014-05-31
HART,19,11,34,714,234,4,37,0,105,925,226,2309,2014-05-31
HARTLEPOOL,5,17,10,515,218,4,30,0,27,608,115,1549,2014-05-31
HASTINGS,0,36,8,719,276,0,23,0,65,1269,265,2661,2014-05-31
HAVANT,13,16,16,1055,300,2,29,2,48,922,237,2640,2014-05-31
HAVERING,18,64,46,1860,619,6,121,6,94,2371,432,5637,2014-05-31
HEREFORDSHIRE,91,21,48,1114,445,8,79,0,153,1562,362,3883,2014-05-31
HERTSMERE,3,35,9,679,301,3,61,0,51,1253,267,2662,2014-05-31
HIGH PEAK,30,9,23,620,269,2,20,0,88,951,186,2198,2014-05-31
HILLINGDON,3,46,24,2160,699,11,78,3,128,2908,573,6633,2014-05-31
HINCKLEY AND BOSWORTH,14,29,46,842,340,3,87,0,83,996,223,2663,2014-05-31
HORSHAM,22,66,44,1146,428,1,103,0,175,1702,400,4087,2014-05-31
HOUNSLOW,8,90,8,1751,603,7,118,0,102,3172,971,6830,2014-05-31
HUNTINGDONSHIRE,40,26,43,1298,488,12,98,0,120,1721,438,4284,2014-05-31
HYNDBURN,18,13,7,560,177,5,7,0,99,775,108,1769,2014-05-31
IPSWICH,44,16,14,801,383,4,32,1,72,1097,203,2667,2014-05-31
ISLE OF ANGLESEY,32,3,15,504,164,1,27,0,90,575,91,1502,2014-05-31
ISLE OF WIGHT,35,35,26,1130,413,3,63,0,94,1494,331,3624,2014-05-31
ISLES OF SCILLY,1,0,11,26,2,0,1,0,2,17,5,65,2014-05-31
ISLINGTON,4,187,8,1400,645,15,173,0,144,4247,842,7665,2014-05-31
KENNET,0,0,0,1,0,0,0,0,0,0,0,1,2014-05-31
KENSINGTON AND CHELSEA,19,195,10,1781,773,8,222,0,199,6331,1341,10879,2014-05-31
KETTERING,11,11,19,816,273,8,47,0,52,882,201,2320,2014-05-31
KING'S LYNN AND WEST NORFOLK,52,18,41,1033,388,5,62,0,199,1429,333,3560,2014-05-31
KINGSTON UPON THAMES,4,65,11,1351,535,4,59,0,71,1893,444,4437,2014-05-31
KIRKLEES,71,69,102,2535,1051,11,103,0,216,3654,672,8484,2014-05-31
KNOWSLEY,16,29,28,718,266,6,38,0,81,1316,203,2701,2014-05-31
LAMBETH,11,188,17,2428,1099,30,109,0,182,5224,1088,10376,2014-05-31
LANCASTER,37,38,12,957,383,4,56,0,148,1216,215,3066,2014-05-31
LEEDS,108,154,118,4250,1817,34,266,2,454,6957,1415,15575,2014-05-31
LEICESTER,16,54,34,1577,527,7,47,0,182,1936,431,4811,2014-05-31
LEWES,11,38,11,760,312,1,25,0,70,1022,223,2473,2014-05-31
LEWISHAM,11,139,13,2099,944,23,139,0,128,3869,870,8235,2014-05-31
LICHFIELD,21,21,32,824,275,4,30,0,63,1067,272,2609,2014-05-31
LINCOLN,5,17,20,868,240,3,30,0,83,830,185,2281,2014-05-31
LIVERPOOL,43,123,66,2900,982,32,204,0,263,4252,821,9686,2014-05-31
LUTON,12,33,21,1097,454,10,28,1,66,1602,356,3680,2014-05-31
MACCLESFIELD,0,0,0,0,0,0,0,0,0,1,0,1,2014-05-31
MAIDSTONE,4,28,44,1310,498,9,41,0,108,1707,435,4184,2014-05-31
MALDON,21,2,12,380,177,0,13,0,76,565,130,1376,2014-05-31
MALVERN HILLS,27,52,19,418,172,9,34,0,107,647,144,1629,2014-05-31
MANCHESTER,16,153,37,2860,1036,48,211,0,314,6222,1173,12070,2014-05-31
MANSFIELD,16,30,17,582,234,16,46,0,30,735,212,1918,2014-05-31
MEDWAY,8,26,28,1823,675,7,53,1,109,2302,613,5645,2014-05-31
MELTON,12,16,13,334,132,1,25,0,49,441,121,1144,2014-05-31
MENDIP,36,16,38,731,339,3,69,0,147,1096,281,2756,2014-05-31
MERTHYR TYDFIL,8,13,18,277,125,4,10,0,41,424,51,971,2014-05-31
MERTON,8,64,10,1847,664,0,58,0,74,3359,634,6718,2014-05-31
MID DEVON,17,12,25,601,232,10,43,2,75,737,143,1897,2014-05-31
MID SUFFOLK,37,10,43,649,289,44,55,1,121,936,256,2441,2014-05-31
MID SUSSEX,9,24,35,1233,424,4,56,1,115,1861,444,4206,2014-05-31
MIDDLESBROUGH,9,70,13,733,255,5,119,0,72,1004,168,2448,2014-05-31
MILTON KEYNES,24,59,103,1930,684,8,174,1,130,2402,722,6237,2014-05-31
MOLE VALLEY,4,13,192,682,250,10,26,1,68,1128,239,2613,2014-05-31
MONMOUTHSHIRE,25,12,31,614,200,3,43,0,92,886,217,2123,2014-05-31
NEATH PORT TALBOT,18,41,25,979,320,11,50,1,75,1162,183,2865,2014-05-31
NEW FOREST,35,43,17,1406,467,9,46,0,130,1942,467,4562,2014-05-31
NEWARK AND SHERWOOD,30,21,44,687,307,2,61,1,96,1082,239,2570,2014-05-31
NEWCASTLE UPON TYNE,26,38,30,1593,583,19,66,0,165,2554,562,5636,2014-05-31
NEWCASTLE-UNDER-LYME,27,15,27,713,305,3,55,0,79,871,181,2276,2014-05-31
NEWHAM,5,247,7,1588,615,9,105,2,148,3798,740,7264,2014-05-31
NEWPORT,23,20,30,1043,304,6,103,0,94,1341,221,3185,2014-05-31
NORTH CORNWALL,0,0,0,1,0,0,0,0,0,2,0,3,2014-05-31
NORTH DEVON,30,14,33,742,304,3,40,0,93,990,195,2444,2014-05-31
NORTH DORSET,27,8,19,480,177,1,43,0,65,582,165,1567,2014-05-31
NORTH EAST DERBYSHIRE,34,12,25,522,219,2,14,0,88,720,167,1803,2014-05-31
NORTH EAST LINCOLNSHIRE,28,48,37,1105,354,49,36,1,56,1124,218,3056,2014-05-31
NORTH HERTFORDSHIRE,28,29,25,885,378,8,26,7,72,1218,377,3053,2014-05-31
NORTH KESTEVEN,33,8,21,805,333,4,60,0,109,890,206,2469,2014-05-31
NORTH LINCOLNSHIRE,53,35,25,1207,368,33,43,0,63,1300,229,3356,2014-05-31
NORTH NORFOLK,69,24,34,669,315,10,37,0,153,1062,274,2647,2014-05-31
NORTH SOMERSET,40,40,46,1605,590,6,81,0,147,2161,597,5313,2014-05-31
NORTH TYNESIDE,15,38,26,1409,532,10,58,0,70,1633,347,4138,2014-05-31
NORTH WARWICKSHIRE,26,12,10,538,167,12,25,0,41,644,153,1628,2014-05-31
NORTH WEST LEICESTERSHIRE,13,13,40,701,285,22,61,0,82,866,204,2287,2014-05-31
NORTHAMPTON,37,54,81,2413,584,7,104,1,104,1974,492,5851,2014-05-31
NORTHUMBERLAND,54,57,58,1941,905,17,112,0,274,3051,649,7118,2014-05-31
NORWICH,11,24,12,1009,412,2,39,0,57,1168,263,2997,2014-05-31
NUNEATON AND BEDWORTH,7,21,14,917,303,8,28,0,46,818,207,2369,2014-05-31
OADBY AND WIGSTON,7,17,2,274,120,2,9,0,19,375,90,915,2014-05-31
OLDHAM,21,70,23,1170,442,2,40,0,147,2215,323,4453,2014-05-31
OXFORD,9,25,8,742,328,1,29,0,99,1703,306,3250,2014-05-31
PEMBROKESHIRE,68,15,46,748,277,6,32,0,148,1069,242,2651,2014-05-31
PENDLE,22,12,13,541,208,3,20,0,97,770,117,1803,2014-05-31
PENWITH,0,0,0,0,0,0,0,0,0,1,0,1,2014-05-31
POOLE,13,57,15,1295,472,2,74,0,69,1585,473,4055,2014-05-31
PORTSMOUTH,29,31,11,1614,627,10,39,0,99,2008,416,4884,2014-05-31
POWYS,79,9,53,981,293,3,40,1,382,1477,279,3597,2014-05-31
PRESTON,12,33,16,849,309,9,16,0,94,1250,246,2834,2014-05-31
PURBECK,17,5,9,346,117,2,11,0,76,487,103,1173,2014-05-31
READING,14,50,17,1264,529,5,64,3,77,1984,417,4424,2014-05-31
REDBRIDGE,18,57,16,1892,662,4,24,0,99,3105,498,6375,2014-05-31
REDCAR AND CLEVELAND,9,13,8,787,303,7,35,0,47,1012,161,2382,2014-05-31
REDDITCH,12,15,18,584,238,2,13,0,59,736,157,1834,2014-05-31
REIGATE AND BANSTEAD,10,50,41,1193,448,3,75,0,65,1835,435,4155,2014-05-31
RHONDDA CYNON TAFF,62,24,45,1402,752,10,62,0,204,2141,297,4999,2014-05-31
RIBBLE VALLEY,17,5,16,399,150,2,29,0,95,681,94,1488,2014-05-31
RICHMOND UPON THAMES,10,71,12,1792,650,6,36,1,103,2811,564,6056,2014-05-31
RICHMONDSHIRE,16,3,17,255,121,2,10,0,49,410,72,955,2014-05-31
ROCHDALE,49,51,38,1163,399,14,46,0,117,1800,329,4006,2014-05-31
ROCHFORD,32,4,26,605,214,0,38,0,52,632,131,1734,2014-05-31
ROSSENDALE,11,19,25,417,196,7,15,0,72,640,159,1561,2014-05-31
ROTHER,12,15,34,846,317,7,51,0,98,1219,310,2909,2014-05-31
ROTHERHAM,49,70,68,1514,562,5,91,0,129,1872,402,4762,2014-05-31
RUGBY,14,14,41,856,276,3,66,1,49,902,246,2468,2014-05-31
RUNNYMEDE,1,14,12,696,267,6,33,0,40,856,210,2135,2014-05-31
RUSHCLIFFE,12,25,24,783,281,1,30,0,88,950,254,2448,2014-05-31
RUSHMOOR,10,14,1,664,228,4,21,0,46,833,285,2106,2014-05-31
RUTLAND,13,14,18,251,106,0,28,0,35,406,94,965,2014-05-31
RYEDALE,13,3,16,318,121,0,38,0,61,554,136,1260,2014-05-31
SALFORD,17,87,26,1791,668,25,117,0,134,2656,636,6157,2014-05-31
SALISBURY,0,0,0,0,0,0,0,0,0,2,0,2,2014-05-31
SANDWELL,20,44,65,1462,560,8,66,0,117,2240,453,5035,2014-05-31
SCARBOROUGH,30,16,33,649,284,2,33,0,102,926,165,2240,2014-05-31
SEDGEMOOR,42,19,43,829,364,3,79,0,83,1026,211,2699,2014-05-31
SEFTON,40,48,20,1810,557,11,49,0,155,2294,337,5321,2014-05-31
SELBY,21,14,15,535,224,1,37,0,89,884,190,2010,2014-05-31
SEVENOAKS,7,19,17,858,321,5,29,1,91,1480,357,3185,2014-05-31
SHEFFIELD,109,124,97,3321,1233,17,120,0,382,4698,988,11089,2014-05-31
SHEPWAY,4,21,19,856,318,3,23,0,52,1132,224,2652,2014-05-31
SHROPSHIRE,107,34,90,1839,729,10,150,0,307,2924,701,6891,2014-05-31
SLOUGH,14,100,33,1101,317,4,99,0,49,1515,341,3573,2014-05-31
SOLIHULL,22,49,45,1505,555,46,75,2,93,2057,327,4776,2014-05-31
SOUTH BUCKS,1,31,15,596,203,3,34,0,68,982,209,2142,2014-05-31
SOUTH CAMBRIDGESHIRE,43,122,63,990,405,4,122,0,114,1291,390,3544,2014-05-31
SOUTH DERBYSHIRE,17,10,93,668,265,8,45,0,69,853,205,2233,2014-05-31
SOUTH GLOUCESTERSHIRE,48,65,87,1865,714,9,122,1,129,2404,572,6016,2014-05-31
SOUTH HAMS,14,14,47,781,341,16,65,0,113,1351,393,3135,2014-05-31
SOUTH HOLLAND,34,14,25,504,239,1,43,0,94,696,142,1792,2014-05-31
SOUTH KESTEVEN,38,34,29,916,342,4,79,0,117,1213,286,3058,2014-05-31
SOUTH LAKELAND,36,22,23,851,296,1,46,0,111,1158,230,2774,2014-05-31
SOUTH NORFOLK,56,23,71,989,336,2,112,0,152,1036,274,3051,2014-05-31
SOUTH NORTHAMPTONSHIRE,24,5,30,798,233,5,58,3,78,901,244,2379,2014-05-31
SOUTH OXFORDSHIRE,12,29,52,1099,390,7,61,0,108,1593,354,3705,2014-05-31
SOUTH RIBBLE,18,28,12,667,277,4,40,0,83,856,165,2150,2014-05-31
SOUTH SOMERSET,54,17,62,1087,422,2,72,0,151,1330,318,3515,2014-05-31
SOUTH STAFFORDSHIRE,27,8,33,704,259,7,21,1,88,763,154,2065,2014-05-31
SOUTH TYNESIDE,12,32,27,741,337,5,50,0,65,1130,210,2609,2014-05-31
SOUTHAMPTON,27,60,12,1704,571,14,87,1,123,2052,556,5207,2014-05-31
SOUTHEND-ON-SEA,16,50,34,1569,761,1,48,0,69,2256,423,5227,2014-05-31
SOUTHWARK,10,158,17,1964,899,14,294,0,232,5103,1059,9750,2014-05-31
SPELTHORNE,0,9,7,946,277,3,48,0,53,1065,238,2646,2014-05-31
ST ALBANS,16,44,31,1260,478,5,60,3,99,1452,340,3788,2014-05-31
ST EDMUNDSBURY,17,15,26,665,318,4,39,4,85,831,246,2250,2014-05-31
ST HELENS,53,58,29,1196,384,6,84,0,110,1421,254,3595,2014-05-31
ST MARY'S,0,0,0,0,0,0,0,0,0,1,0,1,2014-05-31
STAFFORD,45,40,20,917,285,5,39,0,135,1215,284,2985,2014-05-31
STAFFORDSHIRE MOORLANDS,47,7,23,624,225,7,17,0,118,857,132,2057,2014-05-31
STEVENAGE,0,17,19,498,199,1,14,1,19,605,183,1556,2014-05-31
STOCKPORT,29,33,32,2164,778,7,57,0,232,2859,641,6832,2014-05-31
STOCKTON-ON-TEES,11,44,40,1187,420,4,74,0,59,1455,344,3638,2014-05-31
STOKE-ON-TRENT,30,34,37,1378,588,9,34,0,91,2004,369,4574,2014-05-31
STRATFORD-ON-AVON,43,15,34,930,408,3,86,0,136,1463,355,3473,2014-05-31
STROUD,37,18,37,841,311,4,76,0,142,1116,281,2863,2014-05-31
SUFFOLK COASTAL,49,17,34,776,330,56,50,1,156,1092,281,2842,2014-05-31
SUNDERLAND,20,46,47,1601,672,14,87,0,91,1775,402,4755,2014-05-31
SURREY HEATH,8,10,10,738,263,6,15,0,40,963,236,2289,2014-05-31
SUTTON,7,50,21,1580,536,3,52,0,53,2253,504,5059,2014-05-31
SWALE,7,28,43,1029,406,7,57,0,79,1485,313,3454,2014-05-31
SWANSEA,36,66,46,1637,564,11,75,0,205,1999,380,5019,2014-05-31
SWINDON,19,31,44,1781,638,5,68,0,94,2023,471,5174,2014-05-31
TAMESIDE,36,32,28,1426,480,7,52,0,121,2011,398,4591,2014-05-31
TAMWORTH,7,15,21,491,159,1,25,0,46,581,113,1459,2014-05-31
TANDRIDGE,4,50,27,779,306,6,33,0,83,1116,243,2647,2014-05-31
TAUNTON DEANE,34,13,32,765,289,0,128,0,81,1104,248,2694,2014-05-31
TEIGNBRIDGE,18,38,46,955,343,4,102,0,100,1320,322,3248,2014-05-31
TENDRING,52,29,29,968,403,6,64,0,176,1527,296,3550,2014-05-31
TEST VALLEY,29,29,54,851,297,11,89,0,89,993,330,2772,2014-05-31
TEWKESBURY,22,15,42,594,223,5,63,4,67,825,245,2105,2014-05-31
THANET,8,32,26,1244,383,10,63,0,46,1500,294,3606,2014-05-31
THE VALE OF GLAMORGAN,17,19,16,978,297,4,37,0,85,1186,211,2850,2014-05-31
THREE RIVERS,7,19,40,549,249,5,32,0,37,876,174,1988,2014-05-31
THURROCK,20,24,15,1157,366,8,47,0,64,1528,407,3636,2014-05-31
TONBRIDGE AND MALLING,4,24,39,1027,375,3,89,0,104,1383,354,3402,2014-05-31
TORBAY,15,16,21,1112,367,8,24,0,75,1394,302,3334,2014-05-31
TORFAEN,11,11,16,491,178,4,29,0,57,603,130,1530,2014-05-31
TORRIDGE,40,13,18,431,212,3,53,0,76,683,140,1669,2014-05-31
TOWER HAMLETS,2,345,11,2114,785,6,360,0,178,5714,1337,10852,2014-05-31
TRAFFORD,15,122,33,1945,617,6,49,0,151,2478,566,5982,2014-05-31
TUNBRIDGE WELLS,5,47,24,908,351,5,42,0,131,1819,402,3734,2014-05-31
UTTLESFORD,41,13,37,571,274,2,42,1,92,1029,229,2331,2014-05-31
VALE OF WHITE HORSE,24,13,37,925,330,8,99,2,90,1412,334,3274,2014-05-31
WAKEFIELD,41,47,57,1841,672,14,116,0,196,2523,503,6010,2014-05-31
WALSALL,23,34,51,1587,523,7,38,0,100,1846,373,4582,2014-05-31
WALTHAM FOREST,13,89,24,1862,697,9,141,1,105,3231,520,6692,2014-05-31
WANDSWORTH,15,226,20,3223,1415,21,223,0,188,6403,1557,13291,2014-05-31
WARRINGTON,25,48,31,1577,535,9,103,0,128,2118,426,5000,2014-05-31
WARWICK,17,53,24,1023,393,6,43,0,91,1383,328,3361,2014-05-31
WATFORD,6,28,5,728,285,2,43,0,46,1242,227,2612,2014-05-31
WAVENEY,66,13,25,811,298,2,24,1,103,857,169,2369,2014-05-31
WAVERLEY,5,17,17,1040,396,6,62,0,128,1802,373,3846,2014-05-31
WEALDEN,25,33,89,1153,493,2,83,5,134,1689,441,4147,2014-05-31
WELLINGBOROUGH,15,13,16,540,177,1,31,0,45,606,154,1598,2014-05-31
WELWYN HATFIELD,16,79,12,705,290,1,35,2,61,1036,262,2499,2014-05-31
WEST BERKSHIRE,18,39,31,1298,447,14,48,0,89,1865,477,4326,2014-05-31
WEST DEVON,17,7,17,357,150,0,37,0,83,603,177,1448,2014-05-31
WEST DORSET,32,13,31,697,283,3,50,1,153,1043,324,2630,2014-05-31
WEST LANCASHIRE,28,16,13,695,249,3,41,0,96,1024,196,2361,2014-05-31
WEST LINDSEY,41,13,28,701,289,5,57,0,94,746,159,2133,2014-05-31
WEST OXFORDSHIRE,22,26,19,791,267,11,45,0,90,1137,321,2729,2014-05-31
WEST SOMERSET,11,5,11,196,103,3,11,0,52,335,82,809,2014-05-31
WEYMOUTH AND PORTLAND,5,14,11,515,165,0,15,0,59,593,122,1499,2014-05-31
WIGAN,35,81,45,2149,756,11,60,0,319,2737,537,6730,2014-05-31
WILTSHIRE,169,79,169,3323,1191,28,282,0,455,4280,1233,11209,2014-05-31
WINCHESTER,31,33,26,839,341,2,63,0,106,1350,377,3168,2014-05-31
WINDSOR AND MAIDENHEAD,10,37,46,1331,434,21,106,0,107,2015,448,4555,2014-05-31
WIRRAL,47,47,19,2097,742,8,50,0,124,2462,501,6097,2014-05-31
WOKING,2,25,9,881,316,11,27,0,35,1295,316,2917,2014-05-31
WOKINGHAM,4,37,24,1399,459,12,88,0,70,1764,398,4255,2014-05-31
WOLVERHAMPTON,30,29,46,1076,364,6,72,0,116,1673,293,3705,2014-05-31
WORCESTER,23,29,13,644,272,6,42,0,83,832,228,2172,2014-05-31
WREKIN,32,41,65,969,436,3,111,0,89,1401,342,3489,2014-05-31
WORTHING,9,48,23,863,320,6,46,0,38,1177,272,2802,2014-05-31
WREXHAM,42,16,17,731,243,22,55,0,221,919,177,2443,2014-05-31
WYCHAVON,38,10,56,724,320,5,109,0,141,1188,284,2875,2014-05-31
WYCOMBE,42,24,34,1476,463,7,60,0,116,1728,464,4414,2014-05-31
WYRE,32,23,12,620,271,7,47,0,121,918,171,2222,2014-05-31
WYRE FOREST,33,20,31,574,174,3,55,0,91,727,141,1849,2014-05-31
YORK,53,49,22,1338,556,7,85,0,165,1640,440,4355,2014-05-31
ALL COUNTIES,5,0,0,0,0,0,0,0,0,11,81,97,2014-04-30
ADUR,5,15,9,408,182,1,7,0,32,588,98,1345,2014-04-30
ALLERDALE,57,16,30,534,260,5,50,0,116,937,161,2166,2014-04-30
AMBER VALLEY,60,19,34,740,292,5,37,0,93,892,178,2350,2014-04-30
ARUN,15,38,32,1115,480,7,47,0,125,1947,437,4243,2014-04-30
ASHFIELD,33,19,80,726,285,9,53,0,63,800,206,2274,2014-04-30
ASHFORD,7,11,44,915,373,8,38,1,87,1478,329,3291,2014-04-30
AYLESBURY VALE,24,33,92,1395,512,15,154,2,202,2119,499,5047,2014-04-30
BABERGH,27,4,34,570,278,5,49,0,92,721,175,1955,2014-04-30
BARKING AND DAGENHAM,5,82,36,857,359,6,63,0,38,1803,358,3607,2014-04-30
BARNET,40,225,22,2459,932,8,170,2,194,4752,1131,9935,2014-04-30
BARNSLEY,45,39,51,1271,521,5,65,0,149,1790,441,4377,2014-04-30
BARROW-IN-FURNESS,10,7,186,409,185,3,16,0,38,508,76,1438,2014-04-30
BASILDON,17,26,28,1158,471,2,99,0,87,1824,450,4162,2014-04-30
BASINGSTOKE AND DEANE,19,19,40,1132,454,6,75,0,142,1681,492,4060,2014-04-30
BASSETLAW,47,18,11,679,271,6,38,0,121,925,217,2333,2014-04-30
BATH AND NORTH EAST SOMERSET,45,62,32,1145,478,5,94,1,169,1915,443,4389,2014-04-30
BEDFORD,28,38,59,1028,418,6,139,0,142,1457,348,3663,2014-04-30
BEXLEY,8,57,16,1496,583,5,55,0,64,2066,406,4756,2014-04-30
BIRMINGHAM,128,231,154,5237,2023,45,297,2,554,9437,1639,19747,2014-04-30
BLABY,18,11,45,626,264,4,45,0,52,715,172,1952,2014-04-30
BLACKBURN WITH DARWEN,9,24,9,716,296,13,27,0,112,1104,242,2552,2014-04-30
BLACKPOOL,38,21,9,815,340,10,10,0,83,1297,195,2818,2014-04-30
BLAENAU GWENT,25,3,4,340,131,3,22,2,42,453,73,1098,2014-04-30
BOLSOVER,18,9,22,470,200,3,36,0,32,579,140,1509,2014-04-30
BOLTON,35,53,46,1828,632,12,47,0,180,2588,487,5908,2014-04-30
BOSTON,29,17,21,405,170,0,18,0,59,583,106,1408,2014-04-30
BOURNEMOUTH,33,83,11,1310,582,8,76,3,106,2150,461,4823,2014-04-30
BRACKNELL FOREST,2,31,24,897,344,3,37,0,67,1179,378,2962,2014-04-30
BRADFORD,84,72,148,2464,1003,22,108,0,258,3843,724,8726,2014-04-30
BRAINTREE,31,17,32,1003,401,18,40,1,127,1363,397,3430,2014-04-30
BRECKLAND,57,23,66,912,347,42,89,0,121,1108,310,3075,2014-04-30
BRENT,4,143,11,1802,612,6,186,1,114,3646,687,7212,2014-04-30
BRENTWOOD,17,18,12,583,238,0,51,1,78,921,196,2115,2014-04-30
BRIDGEND,34,24,38,827,335,10,61,0,110,1366,202,3007,2014-04-30
BRIGHTON AND HOVE,15,185,21,2015,913,5,109,0,120,3426,824,7633,2014-04-30
BROADLAND,59,13,26,903,340,4,33,1,93,857,222,2551,2014-04-30
BROMLEY,14,121,10,2239,988,9,116,1,96,3789,803,8186,2014-04-30
BROMSGROVE,22,4,36,661,279,0,38,0,108,950,211,2309,2014-04-30
BROXBOURNE,6,13,20,642,242,2,31,0,40,974,227,2197,2014-04-30
BROXTOWE,18,12,8,614,264,1,15,0,68,933,162,2095,2014-04-30
BURNLEY,14,18,23,574,226,9,22,0,86,1076,148,2196,2014-04-30
BURY,19,43,33,1157,499,5,34,0,157,2044,325,4316,2014-04-30
CAERPHILLY,38,21,51,919,389,6,57,0,112,1154,238,2985,2014-04-30
CALDERDALE,43,32,77,1176,492,13,34,0,135,1888,512,4402,2014-04-30
CAMBRIDGE,21,93,33,645,240,4,107,1,68,1187,215,2614,2014-04-30
CAMDEN,4,219,14,1727,803,28,223,0,196,5354,1173,9741,2014-04-30
CANNOCK CHASE,21,19,21,607,258,8,34,0,62,785,171,1986,2014-04-30
CANTERBURY,17,35,31,1124,511,0,81,0,89,1600,392,3880,2014-04-30
CARDIFF,27,77,26,2058,873,12,77,0,168,3440,612,7370,2014-04-30
CARLISLE,23,12,26,596,291,0,33,0,105,915,172,2173,2014-04-30
CARMARTHENSHIRE,88,22,62,946,455,9,93,0,259,1489,271,3694,2014-04-30
CASTLE POINT,36,6,8,553,231,0,15,0,97,712,123,1781,2014-04-30
CENTRAL BEDFORDSHIRE,32,36,208,2028,760,9,175,4,182,2765,731,6930,2014-04-30
CEREDIGION,44,7,29,392,152,1,21,0,104,600,100,1450,2014-04-30
CHARNWOOD,27,48,64,913,329,4,75,0,110,1383,304,3257,2014-04-30
CHELMSFORD,31,38,22,1367,483,10,42,0,120,1771,469,4353,2014-04-30
CHELTENHAM,28,33,34,911,365,13,44,2,73,1084,308,2895,2014-04-30
CHERWELL,23,30,37,1029,390,19,65,0,112,1551,370,3626,2014-04-30
CHESHIRE EAST,70,88,95,2637,1073,23,108,0,313,3776,762,8945,2014-04-30
CHESHIRE WEST AND CHESTER,69,97,70,2217,847,18,110,0,276,3312,656,7672,2014-04-30
CHESTERFIELD,20,42,20,555,264,1,21,0,74,786,159,1942,2014-04-30
CHICHESTER,40,36,34,781,332,5,55,2,119,1410,353,3167,2014-04-30
CHILTERN,23,20,24,628,247,8,20,0,94,990,236,2290,2014-04-30
CHORLEY,41,38,21,664,290,8,55,0,97,968,192,2374,2014-04-30
CHRISTCHURCH,5,11,25,373,146,12,27,0,21,477,132,1229,2014-04-30
CITY OF BRISTOL,32,108,39,2803,1246,8,182,1,238,4928,1169,10754,2014-04-30
CITY OF DERBY,17,54,73,1317,608,18,61,0,91,1742,378,4359,2014-04-30
CITY OF KINGSTON UPON HULL,21,41,71,1182,480,15,129,0,106,2082,303,4430,2014-04-30
CITY OF LONDON,6,66,2,340,126,13,127,1,159,1849,437,3126,2014-04-30
CITY OF NOTTINGHAM,35,58,23,1454,667,11,62,1,151,2728,482,5672,2014-04-30
CITY OF PETERBOROUGH,22,171,73,1118,450,9,147,2,88,1824,384,4288,2014-04-30
CITY OF PLYMOUTH,25,46,33,1562,726,11,82,0,77,1858,461,4881,2014-04-30
CITY OF WESTMINSTER,11,312,18,2897,1372,47,294,0,525,11267,2662,19405,2014-04-30
COLCHESTER,65,43,76,1165,507,11,122,1,132,1825,455,4402,2014-04-30
CONWY,72,29,17,683,293,1,35,0,124,943,187,2384,2014-04-30
COPELAND,15,10,10,384,199,2,23,0,89,607,113,1452,2014-04-30
CORBY,7,16,53,472,153,4,49,0,32,680,186,1652,2014-04-30
CORNWALL,455,136,245,4089,1519,17,324,3,706,5611,1116,14221,2014-04-30
COTSWOLD,32,19,46,618,275,4,98,0,121,1257,388,2858,2014-04-30
COUNTY DURHAM,126,60,142,3000,1241,27,159,0,331,4883,931,10900,2014-04-30
COVENTRY,36,44,61,1606,654,8,73,1,142,2510,486,5621,2014-04-30
CRAVEN,33,6,7,369,163,2,26,0,58,559,111,1334,2014-04-30
CRAWLEY,2,20,17,675,276,2,31,0,45,941,254,2263,2014-04-30
CROYDON,3,170,19,2441,1002,10,158,1,154,4283,923,9164,2014-04-30
DACORUM,29,45,27,1027,396,6,72,2,76,1456,417,3553,2014-04-30
DARLINGTON,4,14,24,707,229,3,27,0,43,726,132,1909,2014-04-30
DARTFORD,5,36,38,734,286,10,73,0,44,1169,303,2698,2014-04-30
DAVENTRY,24,12,19,588,204,4,36,2,80,918,180,2067,2014-04-30
DENBIGHSHIRE,48,11,28,606,208,7,27,0,96,868,137,2036,2014-04-30
DERBYSHIRE DALES,39,13,25,485,212,0,32,0,131,720,134,1791,2014-04-30
DONCASTER,45,76,61,1634,682,17,83,0,172,2296,456,5522,2014-04-30
DOVER,12,13,31,786,299,4,38,4,61,1056,224,2528,2014-04-30
DUDLEY,45,48,91,1614,667,104,81,0,140,2407,436,5633,2014-04-30
EALING,2,127,24,2100,799,11,89,0,181,3901,811,8045,2014-04-30
EAST CAMBRIDGESHIRE,34,16,22,571,382,1,23,0,61,807,179,2096,2014-04-30
EAST DEVON,33,55,70,1012,384,11,116,0,116,1497,327,3621,2014-04-30
EAST DORSET,8,17,11,629,230,1,19,0,76,871,191,2053,2014-04-30
EAST HAMPSHIRE,35,16,37,813,332,5,74,0,135,1250,322,3019,2014-04-30
EAST HERTFORDSHIRE,23,16,31,1045,426,10,42,3,114,1711,370,3791,2014-04-30
EAST LINDSEY,88,37,42,860,351,4,37,0,154,1250,214,3037,2014-04-30
EAST NORTHAMPTONSHIRE,20,19,28,635,230,1,81,0,56,791,196,2057,2014-04-30
EAST RIDING OF YORKSHIRE,96,34,61,2304,883,13,105,0,269,3115,577,7457,2014-04-30
EAST STAFFORDSHIRE,36,20,39,693,278,9,58,0,134,1006,210,2483,2014-04-30
EASTBOURNE,0,43,5,718,326,1,18,0,29,1337,352,2829,2014-04-30
EASTLEIGH,20,12,19,895,349,3,58,0,82,1338,284,3060,2014-04-30
EDEN,35,8,26,336,139,1,22,0,91,743,116,1517,2014-04-30
ELMBRIDGE,2,37,25,1080,537,7,62,0,103,1897,480,4230,2014-04-30
ENFIELD,13,135,9,2029,681,11,71,5,138,3842,691,7625,2014-04-30
EPPING FOREST,17,38,27,972,373,4,49,0,100,1575,355,3510,2014-04-30
EPSOM AND EWELL,0,19,7,591,209,3,40,0,27,857,187,1940,2014-04-30
EREWASH,25,7,26,733,316,0,37,0,72,789,144,2149,2014-04-30
EXETER,14,33,21,772,338,6,63,1,58,1178,252,2736,2014-04-30
FAREHAM,8,9,15,774,305,2,25,0,68,994,268,2468,2014-04-30
FENLAND,31,7,40,597,265,3,25,0,74,824,179,2045,2014-04-30
FLINTSHIRE,47,31,14,918,348,7,63,0,141,1244,249,3062,2014-04-30
FOREST HEATH,21,10,36,359,206,1,27,2,61,543,208,1474,2014-04-30
FOREST OF DEAN,38,13,38,469,190,4,61,1,71,632,173,1690,2014-04-30
FYLDE,14,14,16,521,228,2,22,0,60,993,166,2036,2014-04-30
GATESHEAD,23,70,34,1237,501,9,52,0,107,1681,346,4060,2014-04-30
GEDLING,34,21,29,679,293,10,35,0,84,939,205,2329,2014-04-30
GLOUCESTER,16,23,22,774,327,8,36,0,85,1017,255,2563,2014-04-30
GOSPORT,9,9,13,552,209,2,12,0,45,743,175,1769,2014-04-30
GRAVESHAM,3,12,15,1711,245,1,19,0,59,836,200,3101,2014-04-30
GREAT YARMOUTH,39,24,19,713,251,5,34,1,78,698,145,2007,2014-04-30
GREENWICH,5,149,37,1539,681,14,323,3,94,3200,699,6744,2014-04-30
GUILDFORD,9,29,26,1054,410,9,46,0,129,1803,441,3956,2014-04-30
GWYNEDD,87,15,42,751,256,5,27,0,168,1131,177,2659,2014-04-30
HACKNEY,2,176,7,1333,567,9,185,0,148,3664,714,6805,2014-04-30
HALTON,16,19,32,660,220,12,32,0,77,901,201,2170,2014-04-30
HAMBLETON,39,10,40,540,224,2,42,0,69,809,158,1933,2014-04-30
HAMMERSMITH AND FULHAM,2,232,18,1470,669,15,172,0,136,4013,752,7479,2014-04-30
HARBOROUGH,31,15,38,603,265,1,48,0,60,917,206,2184,2014-04-30
HARINGEY,4,144,22,1623,640,7,80,1,111,3615,691,6938,2014-04-30
HARLOW,2,12,9,544,208,1,25,0,23,644,184,1652,2014-04-30
HARROGATE,54,25,39,1030,521,2,61,0,149,1576,305,3762,2014-04-30
HARROW,4,65,10,1480,476,2,39,0,111,2574,489,5250,2014-04-30
HART,16,23,22,624,253,6,32,0,83,917,282,2258,2014-04-30
HARTLEPOOL,9,15,10,511,189,6,22,0,19,620,115,1516,2014-04-30
HASTINGS,2,48,9,713,279,1,27,0,48,1165,239,2531,2014-04-30
HAVANT,11,20,17,708,299,3,32,0,50,1067,260,2467,2014-04-30
HAVERING,20,54,43,1693,587,7,62,2,96,2558,511,5633,2014-04-30
HEREFORDSHIRE,62,25,45,1076,445,8,85,0,186,1625,441,3998,2014-04-30
HERTSMERE,7,24,5,687,297,2,75,1,48,1149,270,2565,2014-04-30
HIGH PEAK,36,12,28,551,235,6,21,0,95,906,191,2081,2014-04-30
HILLINGDON,2,85,44,1699,642,4,86,1,183,3341,678,6765,2014-04-30
HINCKLEY AND BOSWORTH,28,7,62,762,308,6,60,2,77,1129,187,2628,2014-04-30
HORSHAM,23,56,77,920,366,7,96,1,146,1502,409,3603,2014-04-30
HOUNSLOW,7,88,8,1662,665,8,139,0,105,3070,608,6360,2014-04-30
HUNTINGDONSHIRE,37,33,60,1213,514,6,84,2,184,1488,435,4056,2014-04-30
HYNDBURN,28,18,6,520,198,10,6,2,80,899,160,1927,2014-04-30
IPSWICH,96,21,20,783,333,18,33,0,51,1210,282,2847,2014-04-30
ISLE OF ANGLESEY,62,6,25,521,160,5,28,0,80,577,85,1549,2014-04-30
ISLE OF WIGHT,39,52,57,1017,418,4,88,0,124,1412,327,3538,2014-04-30
ISLES OF SCILLY,2,2,2,21,1,0,0,0,1,22,2,53,2014-04-30
ISLINGTON,1,228,13,1453,651,8,160,2,136,3595,703,6950,2014-04-30
KENSINGTON AND CHELSEA,11,208,10,1669,875,25,189,1,244,5790,1336,10358,2014-04-30
KETTERING,15,20,13,779,281,10,40,0,66,901,188,2313,2014-04-30
KING'S LYNN AND WEST NORFOLK,51,30,55,1065,417,7,63,0,168,1298,251,3405,2014-04-30
KINGSTON UPON THAMES,3,66,20,1195,520,4,63,0,65,1933,409,4278,2014-04-30
KIRKLEES,62,74,111,2277,965,14,86,0,231,3723,693,8236,2014-04-30
KNOWSLEY,7,44,26,647,194,4,45,0,92,924,204,2187,2014-04-30
LAMBETH,3,259,22,2410,1046,17,143,0,189,5303,1365,10757,2014-04-30
LANCASTER,56,17,18,792,377,9,86,0,160,1144,200,2859,2014-04-30
LEEDS,129,180,149,4258,1837,39,266,0,486,6768,1307,15419,2014-04-30
LEICESTER,13,62,35,1250,557,13,94,0,154,2031,421,4630,2014-04-30
LEWES,9,24,12,717,267,2,31,0,65,906,241,2274,2014-04-30
LEWISHAM,2,174,12,2005,847,10,130,0,117,3759,773,7829,2014-04-30
LICHFIELD,19,19,35,699,263,4,35,0,61,982,244,2361,2014-04-30
LINCOLN,11,28,27,641,238,2,35,0,60,720,154,1916,2014-04-30
LIVERPOOL,49,153,77,2545,1032,35,181,0,240,4051,752,9115,2014-04-30
LUTON,15,31,12,1047,391,5,37,0,72,1525,325,3460,2014-04-30
MAIDSTONE,8,26,41,1081,452,8,64,0,95,1842,437,4054,2014-04-30
MALDON,39,4,10,433,173,2,14,1,74,633,137,1520,2014-04-30
MALVERN HILLS,42,19,20,478,152,4,44,0,100,765,142,1766,2014-04-30
MANCHESTER,29,186,57,2415,1092,30,213,0,339,5626,1170,11157,2014-04-30
MANSFIELD,19,31,42,558,249,10,57,0,54,754,145,1919,2014-04-30
MEDWAY,1,34,33,1658,637,5,72,2,89,2378,587,5496,2014-04-30
MELTON,19,16,4,355,162,3,23,0,57,417,94,1150,2014-04-30
MENDIP,51,25,46,717,362,2,46,0,134,1070,241,2694,2014-04-30
MERTHYR TYDFIL,14,12,19,276,100,0,26,0,34,427,71,979,2014-04-30
MERTON,2,62,18,1530,647,7,47,0,80,2558,580,5531,2014-04-30
MID DEVON,20,11,31,556,229,6,30,0,102,748,180,1913,2014-04-30
MID SUFFOLK,35,9,31,602,247,52,59,0,123,886,254,2298,2014-04-30
MID SUSSEX,8,36,34,993,387,5,108,3,111,1599,450,3734,2014-04-30
MIDDLESBROUGH,12,69,29,711,250,3,82,0,76,955,220,2407,2014-04-30
MILTON KEYNES,25,76,102,1886,675,11,197,1,120,2761,806,6660,2014-04-30
MOLE VALLEY,5,32,106,605,261,6,38,0,55,1073,213,2394,2014-04-30
MONMOUTHSHIRE,29,8,28,570,238,1,46,0,127,772,158,1977,2014-04-30
NEATH PORT TALBOT,22,20,40,769,326,7,44,0,87,1010,165,2490,2014-04-30
NEW FOREST,29,30,14,1236,513,6,52,1,162,1686,384,4113,2014-04-30
NEWARK AND SHERWOOD,46,23,45,687,297,2,49,0,137,1102,254,2642,2014-04-30
NEWCASTLE UPON TYNE,35,59,42,1508,607,10,56,0,168,2573,533,5591,2014-04-30
NEWCASTLE-UNDER-LYME,44,17,34,642,258,4,35,0,83,890,197,2204,2014-04-30
NEWHAM,8,96,19,1751,598,20,84,0,131,3543,609,6859,2014-04-30
NEWPORT,24,27,43,852,332,6,59,0,112,1447,226,3128,2014-04-30
NORTH DEVON,38,14,24,761,278,8,33,0,112,1003,170,2441,2014-04-30
NORTH DORSET,18,12,14,460,212,4,33,0,81,701,181,1716,2014-04-30
NORTH EAST DERBYSHIRE,35,10,21,512,219,1,27,0,97,722,171,1815,2014-04-30
NORTH EAST LINCOLNSHIRE,33,38,36,931,389,11,43,0,75,1155,183,2894,2014-04-30
NORTH HERTFORDSHIRE,22,18,18,864,361,5,38,1,92,1142,338,2899,2014-04-30
NORTH KESTEVEN,40,18,38,783,314,4,65,0,115,985,240,2602,2014-04-30
NORTH LINCOLNSHIRE,44,28,37,933,353,5,50,0,94,1390,260,3194,2014-04-30
NORTH NORFOLK,62,14,40,705,280,34,31,3,154,968,244,2535,2014-04-30
NORTH SOMERSET,37,42,46,1400,600,7,95,0,154,1997,522,4900,2014-04-30
NORTH TYNESIDE,24,38,22,1303,509,4,47,1,77,1793,393,4211,2014-04-30
NORTH WARWICKSHIRE,33,8,12,462,176,5,34,0,77,708,118,1633,2014-04-30
NORTH WEST LEICESTERSHIRE,21,15,38,586,255,13,60,0,79,912,174,2153,2014-04-30
NORTHAMPTON,45,41,47,1670,573,7,119,0,114,3537,481,6634,2014-04-30
NORTHUMBERLAND,96,58,89,1798,769,13,93,0,260,3012,670,6858,2014-04-30
NORWICH,10,40,19,858,365,3,48,1,68,1210,253,2875,2014-04-30
NUNEATON AND BEDWORTH,17,22,11,788,259,3,33,0,50,849,212,2244,2014-04-30
OADBY AND WIGSTON,12,16,2,314,106,9,1,0,32,381,81,954,2014-04-30
OLDHAM,24,80,33,1166,476,13,45,0,217,2133,354,4541,2014-04-30
OXFORD,11,39,17,749,300,2,17,0,99,1312,261,2807,2014-04-30
PEMBROKESHIRE,48,9,49,607,297,8,32,0,151,1044,185,2430,2014-04-30
PENDLE,38,11,12,494,253,3,13,0,100,816,145,1885,2014-04-30
POOLE,7,46,20,1029,411,8,43,0,57,1571,351,3543,2014-04-30
PORT TALBOT,0,0,0,1,0,0,0,0,0,0,0,1,2014-04-30
PORTSMOUTH,29,48,12,1233,562,5,29,1,80,2053,372,4424,2014-04-30
POWYS,60,15,44,835,295,14,55,0,150,1138,265,2871,2014-04-30
PRESTON,9,28,11,704,290,10,19,0,110,1156,238,2575,2014-04-30
PURBECK,12,11,7,374,137,1,114,0,56,537,162,1411,2014-04-30
READING,23,37,8,1027,468,15,72,0,91,1847,437,4025,2014-04-30
REDBRIDGE,20,63,10,1591,657,6,28,1,89,2856,541,5862,2014-04-30
REDCAR AND CLEVELAND,19,19,36,736,348,9,33,0,39,916,266,2421,2014-04-30
REDDITCH,23,10,8,573,235,3,26,0,46,661,146,1731,2014-04-30
REIGATE AND BANSTEAD,2,49,30,1064,477,5,93,0,114,1876,405,4115,2014-04-30
RHONDDA CYNON TAFF,80,36,70,1312,496,11,60,0,175,1909,277,4426,2014-04-30
RIBBLE VALLEY,33,6,13,388,133,0,17,0,87,602,109,1388,2014-04-30
RICHMOND UPON THAMES,8,90,10,1576,685,2,55,0,117,2626,586,5755,2014-04-30
RICHMONDSHIRE,14,5,18,280,129,3,26,2,53,380,79,989,2014-04-30
ROCHDALE,21,40,37,1097,410,5,58,0,129,1918,269,3984,2014-04-30
ROCHFORD,21,4,12,561,239,2,39,0,53,622,119,1672,2014-04-30
ROSSENDALE,16,21,14,506,193,4,28,0,67,612,124,1585,2014-04-30
ROTHER,27,33,49,739,317,3,54,0,95,1244,277,2838,2014-04-30
ROTHERHAM,40,74,69,1419,568,7,76,0,146,1882,458,4739,2014-04-30
RUGBY,21,21,68,693,273,5,53,0,68,900,205,2307,2014-04-30
RUNNYMEDE,3,13,14,616,247,8,28,0,71,1029,200,2229,2014-04-30
RUSHCLIFFE,14,27,30,643,308,1,57,0,124,1025,240,2469,2014-04-30
RUSHMOOR,10,31,18,610,269,16,25,0,61,905,246,2191,2014-04-30
RUTLAND,14,4,27,213,82,1,44,0,38,414,73,910,2014-04-30
RYEDALE,25,8,30,291,149,4,43,0,64,504,127,1245,2014-04-30
SALFORD,21,152,15,1427,633,21,79,0,122,2483,865,5818,2014-04-30
SANDWELL,18,49,101,1449,487,13,63,0,138,2252,442,5012,2014-04-30
SCARBOROUGH,32,16,17,653,309,3,37,0,115,922,189,2293,2014-04-30
SEDGEMOOR,37,12,52,647,287,2,62,0,105,990,237,2431,2014-04-30
SEFTON,55,58,49,1541,604,6,55,0,130,2021,397,4916,2014-04-30
SELBY,40,11,40,592,240,7,53,0,74,855,170,2082,2014-04-30
SEVENOAKS,11,25,15,790,318,12,36,0,64,1311,330,2912,2014-04-30
SHEFFIELD,118,88,116,2926,1312,15,127,0,399,4538,1010,10649,2014-04-30
SHEPWAY,6,47,17,743,295,2,29,0,56,1171,255,2621,2014-04-30
SHREWSBURY AND ATCHAM,0,0,0,0,0,0,0,0,1,0,0,1,2014-04-30
SHROPSHIRE,169,43,105,1721,633,5,142,0,314,2756,737,6625,2014-04-30
SLOUGH,3,77,17,720,281,10,100,0,60,1531,359,3158,2014-04-30
SOLIHULL,21,47,40,1410,551,12,68,0,105,1923,343,4520,2014-04-30
SOUTH BUCKS,11,14,20,524,227,2,31,0,63,932,192,2016,2014-04-30
SOUTH CAMBRIDGESHIRE,35,120,67,1049,372,3,128,0,197,1491,358,3820,2014-04-30
SOUTH DERBYSHIRE,30,8,33,661,246,3,40,3,98,827,183,2132,2014-04-30
SOUTH GLOUCESTERSHIRE,55,40,75,1736,715,10,138,0,158,2505,642,6074,2014-04-30
SOUTH HAMS,32,11,38,658,294,1,48,0,108,1150,252,2592,2014-04-30
SOUTH HOLLAND,37,14,32,546,212,10,43,0,69,693,157,1813,2014-04-30
SOUTH KESTEVEN,34,33,42,839,349,4,55,0,128,1141,267,2892,2014-04-30
SOUTH LAKELAND,61,33,50,959,336,1,54,0,157,1092,225,2968,2014-04-30
SOUTH NORFOLK,59,24,63,892,379,4,94,2,121,1089,332,3059,2014-04-30
SOUTH NORTHAMPTONSHIRE,24,8,35,637,243,9,42,0,71,912,198,2179,2014-04-30
SOUTH OXFORDSHIRE,18,64,40,1045,416,4,73,0,127,1654,343,3784,2014-04-30
SOUTH RIBBLE,29,25,20,680,246,1,26,0,92,868,137,2124,2014-04-30
SOUTH SOMERSET,52,29,47,1037,401,4,80,0,166,1468,329,3613,2014-04-30
SOUTH STAFFORDSHIRE,47,13,28,507,208,0,27,0,84,843,197,1954,2014-04-30
SOUTH TYNESIDE,10,29,46,754,270,7,37,0,33,1141,183,2510,2014-04-30
SOUTHAMPTON,31,61,24,1345,614,21,68,0,92,2198,437,4891,2014-04-30
SOUTHEND-ON-SEA,20,53,16,1626,544,4,32,1,70,2131,407,4904,2014-04-30
SOUTHWARK,3,170,15,2015,912,16,184,0,201,5257,909,9682,2014-04-30
SPELTHORNE,1,26,8,831,283,5,54,0,40,1072,243,2563,2014-04-30
ST ALBANS,19,50,34,1002,421,3,64,0,75,1567,434,3669,2014-04-30
ST EDMUNDSBURY,34,14,21,659,272,2,50,0,91,932,236,2311,2014-04-30
ST HELENS,29,40,26,1017,396,6,64,0,137,1610,351,3676,2014-04-30
STAFFORD,58,26,23,866,320,5,55,0,154,1127,264,2898,2014-04-30
STAFFORDSHIRE MOORLANDS,42,13,18,572,240,7,25,0,112,807,147,1983,2014-04-30
STEVENAGE,6,11,31,544,207,1,33,0,26,554,163,1576,2014-04-30
STOCKPORT,41,35,35,1832,734,15,38,0,189,2789,612,6320,2014-04-30
STOCKTON-ON-TEES,18,50,28,1084,445,4,57,0,85,1331,323,3425,2014-04-30
STOKE-ON-TRENT,32,23,44,1230,484,8,57,0,114,1950,370,4312,2014-04-30
STRATFORD-ON-AVON,66,28,37,910,345,2,88,0,159,1433,363,3431,2014-04-30
STROUD,44,21,69,790,339,9,92,1,123,1153,273,2914,2014-04-30
SUFFOLK COASTAL,44,24,36,802,328,41,55,1,172,1114,292,2909,2014-04-30
SUNDERLAND,17,39,46,1414,496,8,75,0,126,2036,462,4719,2014-04-30
SURREY HEATH,1,11,10,540,265,2,21,0,52,829,263,1994,2014-04-30
SUTTON,4,73,18,1367,531,8,48,0,58,1990,588,4685,2014-04-30
SWALE,18,26,51,898,363,5,71,2,111,1455,357,3357,2014-04-30
SWANSEA,47,60,55,1391,579,20,64,0,252,1983,338,4789,2014-04-30
SWINDON,29,54,37,1340,545,7,55,0,92,1902,505,4566,2014-04-30
TAMESIDE,33,45,33,1274,434,8,32,0,115,1969,385,4328,2014-04-30
TAMWORTH,10,6,11,474,183,4,14,0,36,620,177,1535,2014-04-30
TANDRIDGE,5,12,21,601,275,1,34,0,67,1114,248,2378,2014-04-30
TAUNTON DEANE,35,25,60,670,277,0,110,0,96,1046,226,2545,2014-04-30
TEIGNBRIDGE,29,35,50,902,423,18,84,0,105,1275,321,3242,2014-04-30
TENDRING,43,13,42,1040,378,7,45,0,161,1244,308,3281,2014-04-30
TEST VALLEY,17,25,40,691,333,12,90,0,105,1025,275,2613,2014-04-30
TEWKESBURY,27,17,38,544,211,2,63,0,83,838,171,1994,2014-04-30
THANET,7,50,27,998,375,10,35,1,41,1323,323,3190,2014-04-30
THE VALE OF GLAMORGAN,16,11,19,794,344,9,35,0,104,1172,195,2699,2014-04-30
THREE RIVERS,4,10,23,602,232,1,22,0,65,882,184,2025,2014-04-30
THURROCK,11,19,33,975,402,4,48,0,98,1520,396,3506,2014-04-30
TONBRIDGE AND MALLING,2,21,42,877,381,0,79,0,89,1362,344,3197,2014-04-30
TORBAY,7,13,21,834,388,12,31,0,59,1184,275,2824,2014-04-30
TORFAEN,18,11,13,475,157,5,18,0,47,610,120,1474,2014-04-30
TORRIDGE,30,13,27,464,205,4,39,0,66,613,136,1597,2014-04-30
TOWER HAMLETS,2,382,16,1967,755,27,387,0,256,5415,1266,10473,2014-04-30
TRAFFORD,27,44,22,1492,674,10,75,0,155,2224,498,5221,2014-04-30
TUNBRIDGE WELLS,14,48,17,851,344,6,44,0,111,1536,341,3312,2014-04-30
UTTLESFORD,30,16,28,929,241,9,49,0,146,1080,237,2765,2014-04-30
VALE OF WHITE HORSE,24,24,41,949,365,7,89,2,100,1506,391,3498,2014-04-30
WAKEFIELD,58,71,77,1601,739,10,126,0,182,2476,480,5820,2014-04-30
WALSALL,30,35,68,1302,533,18,57,0,104,1950,315,4412,2014-04-30
WALTHAM FOREST,27,131,30,1522,754,11,101,0,100,3373,675,6724,2014-04-30
WANDSWORTH,3,286,20,3095,1365,21,286,0,235,6206,1623,13140,2014-04-30
WARRINGTON,144,43,20,1368,526,9,94,0,152,2319,423,5098,2014-04-30
WARWICK,16,33,31,929,419,4,52,0,79,1515,312,3390,2014-04-30
WATFORD,2,30,10,659,276,1,36,1,49,1068,252,2384,2014-04-30
WAVENEY,36,11,16,734,308,5,39,2,80,777,177,2185,2014-04-30
WAVERLEY,7,25,35,869,386,6,71,0,117,1670,365,3551,2014-04-30
WEALDEN,29,34,59,1122,443,3,104,1,142,1874,443,4254,2014-04-30
WELLINGBOROUGH,18,12,55,528,157,1,22,0,45,620,137,1595,2014-04-30
WELWYN HATFIELD,17,18,10,722,307,0,32,0,59,975,272,2412,2014-04-30
WEST BERKSHIRE,12,53,32,1060,437,1,76,1,103,1801,502,4078,2014-04-30
WEST DEVON,24,8,21,362,172,2,35,0,63,552,134,1373,2014-04-30
WEST DORSET,29,14,34,618,223,8,62,0,133,1045,260,2426,2014-04-30
WEST LANCASHIRE,39,49,34,583,236,6,60,0,110,1003,140,2260,2014-04-30
WEST LINDSEY,31,11,34,614,259,4,33,0,90,768,141,1985,2014-04-30
WEST OXFORDSHIRE,14,27,23,791,334,1,50,0,112,1060,251,2663,2014-04-30
WEST SOMERSET,16,3,24,190,72,3,17,0,38,331,69,763,2014-04-30
WEYMOUTH AND PORTLAND,8,9,11,608,157,0,21,0,53,582,107,1556,2014-04-30
WIGAN,72,57,41,1876,739,11,76,0,325,2707,470,6374,2014-04-30
WILTSHIRE,173,73,145,2943,1112,17,254,0,468,4128,1100,10413,2014-04-30
WINCHESTER,36,19,33,748,305,2,92,0,126,1315,339,3015,2014-04-30
WINDSOR AND MAIDENHEAD,9,43,37,1132,448,13,83,0,120,2357,423,4665,2014-04-30
WIRRAL,46,59,24,1840,719,8,41,0,140,2525,454,5856,2014-04-30
WOKING,3,58,16,800,372,4,32,0,54,1104,277,2720,2014-04-30
WOKINGHAM,9,41,32,1206,473,5,43,0,90,1691,442,4032,2014-04-30
WOLVERHAMPTON,33,36,47,1001,397,11,64,1,160,1623,318,3691,2014-04-30
WORCESTER,17,39,19,645,231,4,25,0,81,899,201,2161,2014-04-30
WREKIN,34,47,70,1011,403,12,133,0,97,1613,435,3855,2014-04-30
WORTHING,12,49,11,821,384,3,52,0,44,1249,287,2912,2014-04-30
WREXHAM,43,31,27,680,241,6,22,0,107,941,189,2287,2014-04-30
WYCHAVON,47,20,56,715,297,5,76,0,126,1322,297,2961,2014-04-30
WYCOMBE,49,34,35,1153,492,3,50,1,119,1601,424,3961,2014-04-30
WYRE,32,12,12,589,236,5,41,0,110,933,148,2118,2014-04-30
WYRE FOREST,33,26,27,522,230,3,58,0,77,780,164,1920,2014-04-30
YORK,93,30,23,1245,578,11,89,0,148,1664,386,4267,2014-04-30
,,,,,,,,,,,,,2014-04-30
,,,,,,,,,,,,,2014-04-30
,,,,,,,,,,,,,2014-04-30
Total,12936,18390,14353,342353,151620,3210,25928,173,46433,623201,126626,1365223,2014-03-31
ALL COUNTIES,4,0,0,0,0,0,0,0,0,11,59,74,2014-03-31
ADUR,13,20,4,376,161,2,7,0,46,602,121,1352,2014-03-31
ALLERDALE,99,12,42,570,310,2,49,0,152,1297,151,2684,2014-03-31
AMBER VALLEY,50,11,21,720,318,3,34,0,108,1072,172,2509,2014-03-31
ARUN,14,45,42,1021,465,2,64,1,91,1931,470,4146,2014-03-31
ASHFIELD,25,18,37,657,294,25,86,0,60,985,191,2378,2014-03-31
ASHFORD,11,13,24,806,423,3,38,0,133,1625,363,3439,2014-03-31
AYLESBURY VALE,38,41,92,1086,538,11,154,2,205,1978,527,4672,2014-03-31
BABERGH,42,4,37,553,244,3,33,3,99,758,172,1948,2014-03-31
BARKING AND DAGENHAM,6,61,35,793,347,24,82,0,48,1922,337,3655,2014-03-31
BARNET,42,283,29,2408,1051,17,223,1,216,5832,985,11087,2014-03-31
BARNSLEY,37,85,66,1374,541,12,97,0,126,1961,358,4657,2014-03-31
BARROW-IN-FURNESS,219,5,15,364,162,3,13,0,43,548,71,1443,2014-03-31
BASILDON,26,29,30,1052,467,4,63,1,128,1592,420,3812,2014-03-31
BASINGSTOKE AND DEANE,30,61,43,1075,468,0,68,0,135,1629,427,3936,2014-03-31
BASSETLAW,38,22,27,679,288,11,32,0,171,1096,214,2578,2014-03-31
BATH AND NORTH EAST SOMERSET,66,57,58,1071,495,7,93,0,189,2061,390,4487,2014-03-31
BEDFORD,28,62,79,970,841,1,189,0,140,1614,349,4273,2014-03-31
BEXLEY,10,110,18,1347,653,116,74,0,56,2187,411,4982,2014-03-31
BIRMINGHAM,83,264,160,5174,2216,62,316,14,607,10472,1587,20955,2014-03-31
BLABY,22,11,28,560,212,3,53,0,66,803,174,1932,2014-03-31
BLACKBURN WITH DARWEN,26,28,31,665,278,11,37,0,127,1371,223,2797,2014-03-31
BLACKPOOL,43,12,5,793,380,17,8,0,138,1488,175,3059,2014-03-31
BLAENAU GWENT,22,16,6,312,130,24,9,0,48,594,115,1276,2014-03-31
BOLSOVER,18,12,27,430,212,9,32,0,47,708,152,1647,2014-03-31
BOLTON,50,49,254,1405,657,16,75,0,210,3005,455,6176,2014-03-31
BOSTON,23,10,15,323,142,2,34,0,63,649,118,1379,2014-03-31
BOURNEMOUTH,27,165,21,1400,593,7,35,0,100,2284,484,5116,2014-03-31
BRACKNELL FOREST,2,20,39,754,378,7,59,0,127,1270,397,3053,2014-03-31
BRADFORD,73,93,142,2356,941,27,140,0,312,4030,691,8805,2014-03-31
BRAINTREE,47,18,30,871,452,8,60,0,193,1320,360,3359,2014-03-31
BRECKLAND,64,14,50,740,363,1,70,3,125,1223,354,3007,2014-03-31
BRENT,5,161,16,1580,691,14,155,0,147,3913,763,7445,2014-03-31
BRENTWOOD,18,26,11,574,259,6,45,4,58,967,188,2156,2014-03-31
BRIDGEND,40,29,28,887,379,7,55,0,118,1334,225,3102,2014-03-31
BRIGHTON AND HOVE,23,194,13,2175,980,7,84,0,142,3817,744,8179,2014-03-31
BROADLAND,79,9,21,713,339,7,46,0,133,1064,248,2659,2014-03-31
BROMLEY,12,166,38,2316,993,9,90,2,139,4112,847,8724,2014-03-31
BROMSGROVE,17,11,22,654,277,2,33,0,87,1047,219,2369,2014-03-31
BROXBOURNE,13,21,21,630,285,12,23,0,55,984,236,2280,2014-03-31
BROXTOWE,36,13,7,639,245,7,7,0,58,837,188,2037,2014-03-31
BURNLEY,16,20,19,494,265,4,30,0,86,1242,160,2336,2014-03-31
BURY,17,30,38,1073,503,8,45,0,188,2129,371,4402,2014-03-31
CAERPHILLY,44,53,32,831,384,5,72,0,128,1286,207,3042,2014-03-31
CALDERDALE,32,34,66,1167,504,14,77,0,207,2176,447,4724,2014-03-31
CAMBRIDGE,30,91,48,695,290,3,128,2,135,1307,271,3000,2014-03-31
CAMDEN,2,277,8,1678,728,20,187,0,243,5406,1064,9613,2014-03-31
CANNOCK CHASE,26,25,26,524,227,7,43,0,64,879,192,2013,2014-03-31
CANTERBURY,10,39,34,1020,451,10,72,0,117,1774,366,3893,2014-03-31
CARDIFF,49,91,33,2017,907,17,72,0,180,3803,576,7745,2014-03-31
CARLISLE,69,17,26,624,301,3,47,0,132,964,168,2351,2014-03-31
CARMARTHENSHIRE,104,19,53,969,411,10,82,0,281,1783,272,3984,2014-03-31
CASTLE POINT,36,7,7,500,240,0,17,2,113,659,118,1699,2014-03-31
CENTRAL BEDFORDSHIRE,59,59,135,1772,860,7,162,2,203,2859,809,6927,2014-03-31
CEREDIGION,46,6,42,435,204,4,37,0,128,630,104,1636,2014-03-31
CHARNWOOD,32,56,72,852,360,7,99,0,95,1232,287,3092,2014-03-31
CHELMSFORD,46,36,27,1144,499,4,85,2,150,1739,410,4142,2014-03-31
CHELTENHAM,24,40,21,758,367,6,31,0,102,1273,314,2936,2014-03-31
CHERWELL,35,36,70,995,420,16,80,0,141,1544,420,3757,2014-03-31
CHESHIRE EAST,99,132,117,2382,1099,28,198,0,406,4258,865,9584,2014-03-31
CHESHIRE WEST AND CHESTER,89,92,75,2152,850,17,190,0,326,3456,708,7955,2014-03-31
CHESTERFIELD,27,23,27,523,236,7,41,0,52,802,183,1921,2014-03-31
CHICHESTER,45,43,51,847,338,6,66,0,179,1683,388,3646,2014-03-31
CHILTERN,30,33,15,587,251,25,38,0,117,997,240,2333,2014-03-31
CHORLEY,53,22,30,593,274,2,53,0,105,938,161,2231,2014-03-31
CHRISTCHURCH,11,25,5,361,172,3,12,0,19,472,137,1217,2014-03-31
CITY OF BRISTOL,44,117,49,2668,1314,31,152,5,255,5129,1107,10871,2014-03-31
CITY OF DERBY,23,120,33,1416,575,19,89,0,101,2021,414,4811,2014-03-31
CITY OF KINGSTON UPON HULL,32,44,45,1200,482,18,107,0,110,1734,442,4214,2014-03-31
CITY OF LONDON,2,87,0,375,125,8,113,0,199,2464,585,3958,2014-03-31
CITY OF NOTTINGHAM,107,51,29,1295,776,25,89,0,147,2815,534,5868,2014-03-31
CITY OF PETERBOROUGH,62,217,89,968,466,4,144,2,127,2068,360,4507,2014-03-31
CITY OF PLYMOUTH,37,76,44,1399,651,13,82,0,117,2234,557,5210,2014-03-31
CITY OF WESTMINSTER,3,382,23,2850,1330,50,322,1,597,12780,2589,20927,2014-03-31
COLCHESTER,37,52,80,1006,507,10,191,0,160,1819,419,4281,2014-03-31
CONWY,71,44,30,795,291,3,38,0,122,1106,199,2699,2014-03-31
COPELAND,50,4,19,373,165,1,26,0,80,648,168,1534,2014-03-31
CORBY,10,15,67,444,188,1,81,1,45,678,164,1694,2014-03-31
CORNWALL,573,126,255,3563,1648,29,356,4,713,6027,1161,14455,2014-03-31
COTSWOLD,48,16,70,560,283,15,58,0,136,1304,344,2834,2014-03-31
COUNTY DURHAM,153,82,191,3258,1215,41,198,0,324,5040,797,11299,2014-03-31
COVENTRY,37,44,70,1562,674,6,91,0,175,2701,454,5814,2014-03-31
CRAVEN,39,7,22,346,189,2,20,1,79,607,135,1447,2014-03-31
CRAWLEY,3,29,28,643,294,15,43,1,68,1108,286,2518,2014-03-31
CROYDON,6,196,20,2452,1090,13,220,0,197,5066,999,10259,2014-03-31
DACORUM,26,55,23,945,468,12,49,1,97,1397,325,3398,2014-03-31
DARLINGTON,14,8,36,578,238,7,29,0,39,848,130,1927,2014-03-31
DARTFORD,1,50,33,696,294,1,47,0,65,1216,285,2688,2014-03-31
DAVENTRY,31,8,27,421,226,8,55,0,75,785,223,1859,2014-03-31
DENBIGHSHIRE,49,7,10,520,200,4,26,0,106,918,140,1980,2014-03-31
DERBYSHIRE DALES,47,14,20,432,206,1,35,0,144,702,151,1752,2014-03-31
DONCASTER,44,80,98,1695,678,20,109,0,171,2749,446,6090,2014-03-31
DOVER,6,18,16,750,335,7,26,0,69,1134,224,2585,2014-03-31
DUDLEY,45,55,74,1613,671,29,115,0,186,2724,543,6055,2014-03-31
EALING,9,151,23,1839,863,4,99,0,181,4671,769,8609,2014-03-31
EAST CAMBRIDGESHIRE,28,8,21,476,246,2,30,6,67,760,189,1833,2014-03-31
EAST DEVON,44,66,82,932,383,12,125,0,155,1630,347,3776,2014-03-31
EAST DORSET,19,20,15,560,245,2,59,0,111,909,192,2132,2014-03-31
EAST HAMPSHIRE,34,41,40,751,357,8,62,0,149,1214,352,3008,2014-03-31
EAST HERTFORDSHIRE,28,39,42,868,429,4,77,4,119,1697,485,3792,2014-03-31
EAST LINDSEY,76,27,49,901,321,9,48,0,176,1234,200,3041,2014-03-31
EAST NORTHAMPTONSHIRE,138,30,46,566,211,2,50,0,60,1159,205,2467,2014-03-31
EAST RIDING OF YORKSHIRE,158,45,73,2110,902,54,97,0,286,3191,606,7522,2014-03-31
EAST STAFFORDSHIRE,56,23,29,644,279,5,64,0,135,971,195,2401,2014-03-31
EASTBOURNE,1,46,20,779,351,6,19,0,49,1144,337,2752,2014-03-31
EASTLEIGH,19,33,29,802,398,7,50,0,82,1285,315,3020,2014-03-31
EDEN,76,9,36,310,153,5,35,0,73,643,103,1443,2014-03-31
ELMBRIDGE,7,61,30,1174,456,10,56,0,139,1971,475,4379,2014-03-31
ENFIELD,15,161,17,1835,840,9,103,0,131,4180,727,8018,2014-03-31
EPPING FOREST,27,35,24,913,409,10,40,3,150,1757,313,3681,2014-03-31
EPSOM AND EWELL,1,36,8,497,276,3,23,0,41,864,211,1960,2014-03-31
EREWASH,27,19,19,1171,304,9,50,1,51,965,191,2807,2014-03-31
EXETER,19,50,25,603,329,12,50,4,106,1378,299,2875,2014-03-31
FAREHAM,18,21,19,758,306,2,21,1,84,1162,336,2728,2014-03-31
FENLAND,41,16,30,610,276,10,39,0,112,810,175,2119,2014-03-31
FLINTSHIRE,63,34,42,832,462,6,65,0,140,1293,211,3148,2014-03-31
FOREST HEATH,17,18,49,361,163,5,49,4,60,580,209,1515,2014-03-31
FOREST OF DEAN,52,18,49,466,206,4,42,5,107,678,148,1775,2014-03-31
FYLDE,30,30,24,514,217,5,17,0,103,1023,155,2118,2014-03-31
GATESHEAD,42,74,67,1148,516,10,63,0,118,2001,345,4384,2014-03-31
GEDLING,22,21,13,701,296,4,50,0,62,904,235,2308,2014-03-31
GLOUCESTER,47,22,32,813,353,7,65,0,123,1104,317,2883,2014-03-31
GOSPORT,5,21,8,554,250,4,16,0,32,755,152,1797,2014-03-31
GRAVESHAM,5,13,9,538,251,5,19,2,39,997,213,2091,2014-03-31
GREAT YARMOUTH,67,15,15,524,226,3,27,2,85,841,131,1936,2014-03-31
GREENWICH,1,275,24,1546,664,18,264,1,136,3794,714,7437,2014-03-31
GUILDFORD,7,50,33,943,389,16,43,0,150,1849,420,3900,2014-03-31
GWYNEDD,95,9,38,702,299,4,31,0,202,1086,190,2656,2014-03-31
HACKNEY,3,225,9,1307,594,17,159,0,154,3704,775,6947,2014-03-31
HALTON,18,14,23,572,284,5,47,0,69,1083,247,2362,2014-03-31
HAMBLETON,56,13,39,518,226,2,52,0,93,848,161,2008,2014-03-31
HAMMERSMITH AND FULHAM,3,230,12,1561,708,8,130,0,148,4199,757,7756,2014-03-31
HARBOROUGH,16,13,47,538,213,14,48,1,77,818,249,2034,2014-03-31
HARINGEY,5,150,15,1490,723,6,84,2,125,4081,708,7389,2014-03-31
HARLOW,2,19,29,489,218,1,37,0,44,699,232,1770,2014-03-31
HARROGATE,69,56,44,1041,440,8,59,2,135,1663,359,3876,2014-03-31
HARROW,2,87,14,1175,529,14,62,0,103,2666,544,5196,2014-03-31
HART,11,14,29,622,274,18,34,1,95,964,291,2353,2014-03-31
HARTLEPOOL,15,19,14,455,194,3,30,0,40,772,159,1701,2014-03-31
HASTINGS,0,41,9,599,275,5,25,0,83,1052,306,2395,2014-03-31
HAVANT,19,26,28,717,316,4,28,4,55,991,243,2431,2014-03-31
HAVERING,19,66,51,1360,608,17,128,5,107,2521,448,5330,2014-03-31
HEREFORDSHIRE,92,24,48,1064,473,5,61,0,241,1704,361,4073,2014-03-31
HERTSMERE,3,28,15,622,252,8,39,1,62,1242,274,2546,2014-03-31
HIGH PEAK,33,20,28,481,210,2,17,0,122,1016,191,2120,2014-03-31
HILLINGDON,4,105,33,1584,694,11,85,1,238,3098,682,6535,2014-03-31
HINCKLEY AND BOSWORTH,27,26,49,664,280,5,63,0,69,1049,205,2437,2014-03-31
HORSHAM,37,43,72,917,380,4,142,1,159,1610,422,3787,2014-03-31
HOUNSLOW,11,133,18,1670,628,10,85,0,155,3332,587,6629,2014-03-31
HUNTINGDONSHIRE,50,37,73,1189,513,8,106,1,154,1643,425,4199,2014-03-31
HYNDBURN,47,16,10,491,253,8,19,0,126,980,132,2082,2014-03-31
IPSWICH,91,26,17,726,367,6,38,0,65,1070,200,2606,2014-03-31
ISLE OF ANGLESEY,59,5,28,680,179,3,24,0,97,641,97,1813,2014-03-31
ISLE OF WIGHT,39,56,37,930,450,4,72,0,182,1664,322,3756,2014-03-31
ISLES OF SCILLY,2,0,1,9,3,0,6,0,2,19,2,44,2014-03-31
ISLINGTON,1,250,15,1451,673,7,217,0,118,3964,799,7495,2014-03-31
KENSINGTON AND CHELSEA,6,230,7,1608,747,10,152,1,302,6872,1354,11289,2014-03-31
KETTERING,21,19,25,567,304,3,45,0,69,1007,206,2266,2014-03-31
KING'S LYNN AND WEST NORFOLK,81,25,51,926,488,4,77,3,189,1362,326,3532,2014-03-31
KINGSTON UPON THAMES,2,68,11,1095,461,2,54,1,49,2145,387,4275,2014-03-31
KIRKLEES,42,65,120,2373,1017,28,135,1,274,3963,623,8641,2014-03-31
KNOWSLEY,25,28,35,674,308,8,64,0,97,1140,249,2628,2014-03-31
LAMBETH,4,321,31,2439,1140,16,216,0,165,5410,1146,10888,2014-03-31
LANCASTER,95,40,37,760,355,10,33,0,153,1250,179,2912,2014-03-31
LEEDS,100,227,240,4366,1867,62,288,0,530,7283,1319,16282,2014-03-31
LEICESTER,10,61,28,1441,566,5,86,0,181,2302,427,5107,2014-03-31
LEWES,12,67,19,642,314,6,36,1,67,1026,221,2411,2014-03-31
LEWISHAM,3,176,14,1846,891,7,186,1,147,4332,992,8595,2014-03-31
LICHFIELD,23,33,41,667,243,2,62,0,86,1030,243,2430,2014-03-31
LINCOLN,7,23,18,682,271,5,32,0,69,820,156,2083,2014-03-31
LIVERPOOL,86,178,96,2387,1367,25,236,0,326,5025,919,10645,2014-03-31
LUTON,10,31,11,1095,476,9,38,0,54,1588,335,3647,2014-03-31
MAIDSTONE,5,21,42,1071,443,4,80,2,146,1861,421,4096,2014-03-31
MALDON,19,3,25,359,182,2,7,0,67,673,138,1475,2014-03-31
MALVERN HILLS,37,18,27,409,191,6,27,0,118,742,126,1701,2014-03-31
MANCHESTER,31,211,64,2512,1200,57,215,0,349,6747,1238,12624,2014-03-31
MANSFIELD,28,21,24,571,267,4,34,0,45,887,175,2056,2014-03-31
MEDWAY,10,103,34,1832,648,9,92,4,120,2621,483,5956,2014-03-31
MELTON,25,5,9,294,137,3,17,0,58,473,111,1132,2014-03-31
MENDIP,50,20,50,716,311,0,64,0,151,1146,264,2772,2014-03-31
MERTHYR TYDFIL,13,12,13,229,131,4,20,0,47,502,74,1045,2014-03-31
MERTON,9,122,20,1428,704,3,84,0,105,2738,526,5739,2014-03-31
MID DEVON,46,17,24,453,208,6,36,0,86,745,174,1795,2014-03-31
MID SUFFOLK,35,5,77,588,204,12,57,1,126,982,263,2350,2014-03-31
MID SUSSEX,17,35,54,949,459,19,83,1,156,1816,449,4038,2014-03-31
MIDDLESBROUGH,23,65,27,636,273,10,131,0,48,1103,222,2538,2014-03-31
MILTON KEYNES,32,53,127,1706,768,29,228,1,166,2506,812,6428,2014-03-31
MOLE VALLEY,4,21,27,498,269,12,32,5,71,1027,198,2164,2014-03-31
MONMOUTHSHIRE,32,12,39,539,240,4,48,0,132,891,211,2148,2014-03-31
NEATH PORT TALBOT,27,12,30,743,315,10,44,0,118,1311,174,2784,2014-03-31
NEW FOREST,41,29,29,1156,544,5,48,0,127,1862,440,4281,2014-03-31
NEWARK AND SHERWOOD,64,22,43,760,287,7,51,2,187,1243,284,2950,2014-03-31
NEWCASTLE UPON TYNE,35,84,78,1511,653,14,81,0,208,3005,516,6185,2014-03-31
NEWCASTLE-UNDER-LYME,46,16,32,680,256,8,40,0,117,1011,203,2409,2014-03-31
NEWHAM,7,166,14,1447,657,16,174,0,181,3471,686,6819,2014-03-31
NEWPORT,28,20,35,864,374,6,91,0,151,1663,223,3455,2014-03-31
NORTH CORNWALL,0,0,0,0,0,0,0,0,0,2,0,2,2014-03-31
NORTH DEVON,51,13,34,653,312,11,42,0,112,980,209,2417,2014-03-31
NORTH DORSET,33,15,23,368,177,0,40,0,106,694,198,1654,2014-03-31
NORTH EAST DERBYSHIRE,36,25,24,536,199,3,25,0,96,842,141,1927,2014-03-31
NORTH EAST LINCOLNSHIRE,35,40,39,1000,389,8,49,0,119,1299,216,3194,2014-03-31
NORTH HERTFORDSHIRE,27,35,24,747,366,5,48,0,70,1361,355,3038,2014-03-31
NORTH KESTEVEN,91,12,42,691,309,1,44,0,119,1002,249,2560,2014-03-31
NORTH LINCOLNSHIRE,61,60,51,993,400,10,46,0,127,1518,271,3537,2014-03-31
NORTH NORFOLK,80,17,51,649,307,5,79,5,163,1096,225,2677,2014-03-31
NORTH SOMERSET,67,82,66,1407,654,8,102,0,200,2261,518,5365,2014-03-31
NORTH TYNESIDE,28,79,61,1355,564,13,68,0,107,2036,370,4681,2014-03-31
NORTH WARWICKSHIRE,26,14,25,375,164,2,24,0,64,654,159,1507,2014-03-31
NORTH WEST LEICESTERSHIRE,31,22,45,577,240,4,69,0,56,965,166,2175,2014-03-31
NORTHAMPTON,111,85,72,1374,632,12,146,1,151,2164,554,5302,2014-03-31
NORTHUMBERLAND,120,70,115,1700,705,22,113,0,284,3445,679,7253,2014-03-31
NORWICH,5,36,24,755,361,2,56,2,94,1507,275,3117,2014-03-31
NUNEATON AND BEDWORTH,12,23,25,766,338,2,49,0,55,1002,192,2464,2014-03-31
OADBY AND WIGSTON,10,13,2,316,138,2,6,0,26,436,71,1020,2014-03-31
OLDHAM,34,87,39,1131,527,7,83,0,217,2373,359,4857,2014-03-31
OXFORD,8,50,17,632,301,7,30,0,115,1643,297,3100,2014-03-31
PEMBROKESHIRE,61,8,37,813,273,15,66,0,173,1156,211,2813,2014-03-31
PENDLE,41,7,24,407,218,6,22,0,121,817,124,1787,2014-03-31
POOLE,6,46,16,1161,479,8,66,0,88,1679,353,3902,2014-03-31
PORTSMOUTH,21,41,12,1208,531,11,37,0,96,2269,427,4653,2014-03-31
POWYS,86,11,50,971,314,13,71,0,201,1296,213,3226,2014-03-31
PRESTON,33,31,20,780,329,6,25,0,104,1238,192,2758,2014-03-31
PURBECK,26,16,14,333,145,1,27,1,56,586,177,1382,2014-03-31
READING,33,61,15,1053,458,5,39,0,84,2051,357,4156,2014-03-31
REDBRIDGE,25,80,18,1520,594,11,48,0,90,2975,466,5827,2014-03-31
REDCAR AND CLEVELAND,24,21,34,732,292,3,44,0,55,936,214,2355,2014-03-31
REDDITCH,17,13,9,608,250,5,18,0,48,754,168,1890,2014-03-31
REIGATE AND BANSTEAD,6,60,29,988,502,6,73,0,134,1811,445,4054,2014-03-31
RHONDDA CYNON TAFF,81,32,51,1229,514,15,77,0,191,2073,257,4520,2014-03-31
RIBBLE VALLEY,30,31,13,310,167,2,32,0,135,680,112,1512,2014-03-31
RICHMOND UPON THAMES,2,118,11,1432,717,6,65,0,124,2985,618,6078,2014-03-31
RICHMONDSHIRE,39,9,18,273,110,0,32,0,60,459,101,1101,2014-03-31
ROCHDALE,57,60,49,1166,473,10,45,0,170,1999,245,4274,2014-03-31
ROCHFORD,44,8,16,490,225,3,36,0,74,651,127,1674,2014-03-31
ROSSENDALE,18,10,19,502,231,1,22,0,67,744,105,1719,2014-03-31
ROTHER,25,31,25,698,304,6,47,0,105,1255,279,2775,2014-03-31
ROTHERHAM,27,120,67,1685,598,16,111,0,139,2096,394,5253,2014-03-31
RUGBY,18,24,59,587,265,5,74,0,73,1023,227,2355,2014-03-31
RUNNYMEDE,0,22,11,499,284,6,22,0,68,1127,253,2292,2014-03-31
RUSHCLIFFE,14,26,27,743,256,1,46,0,182,999,222,2516,2014-03-31
RUSHMOOR,22,40,16,575,275,6,29,0,53,909,234,2159,2014-03-31
RUTLAND,35,8,15,253,90,0,33,0,36,333,67,870,2014-03-31
RYEDALE,57,7,37,304,129,2,48,0,92,566,121,1363,2014-03-31
SALFORD,34,81,74,1462,643,16,121,0,159,3361,623,6574,2014-03-31
SANDWELL,26,118,76,1522,634,25,137,0,160,2325,367,5390,2014-03-31
SCARBOROUGH,67,26,39,637,288,3,47,0,151,1156,176,2590,2014-03-31
SEDGEMOOR,70,32,74,659,347,7,68,0,144,1069,322,2792,2014-03-31
SEFTON,58,51,56,1438,621,11,101,0,173,2353,377,5239,2014-03-31
SELBY,42,16,24,546,230,6,53,0,89,857,157,2020,2014-03-31
SEVENOAKS,5,24,33,834,355,1,27,0,104,1482,305,3170,2014-03-31
SHEFFIELD,106,127,118,3181,1315,23,206,0,370,4730,903,11079,2014-03-31
SHEPWAY,12,24,29,737,334,3,65,0,64,1190,234,2692,2014-03-31
SHROPSHIRE,142,65,142,1755,716,9,168,1,321,3005,781,7105,2014-03-31
SLOUGH,8,37,27,750,356,3,77,0,105,1605,362,3330,2014-03-31
SOLIHULL,26,43,59,1474,554,4,92,0,123,2096,382,4853,2014-03-31
SOUTH BUCKS,21,13,23,454,222,6,27,0,92,1018,226,2102,2014-03-31
SOUTH CAMBRIDGESHIRE,35,32,86,879,429,5,136,3,140,1377,321,3443,2014-03-31
SOUTH DERBYSHIRE,28,12,51,651,268,10,63,0,74,779,172,2108,2014-03-31
SOUTH GLOUCESTERSHIRE,74,86,107,1710,719,11,128,0,183,2496,536,6050,2014-03-31
SOUTH HAMS,42,23,56,701,349,4,40,0,139,1190,295,2839,2014-03-31
SOUTH HOLLAND,47,14,34,486,205,11,56,0,93,757,180,1883,2014-03-31
SOUTH KESTEVEN,63,25,43,843,353,6,87,0,128,1116,251,2915,2014-03-31
SOUTH LAKELAND,84,25,41,728,293,7,41,0,245,1399,239,3102,2014-03-31
SOUTH NORFOLK,64,26,70,743,330,4,114,0,186,1346,326,3209,2014-03-31
SOUTH NORTHAMPTONSHIRE,24,16,33,542,229,2,73,0,109,894,209,2131,2014-03-31
SOUTH OXFORDSHIRE,22,42,52,911,470,12,96,0,164,1793,431,3993,2014-03-31
SOUTH RIBBLE,48,33,167,603,263,4,42,0,112,1046,160,2478,2014-03-31
SOUTH SOMERSET,73,52,86,947,431,2,107,0,184,1554,385,3821,2014-03-31
SOUTH STAFFORDSHIRE,35,4,20,517,218,4,28,0,101,851,159,1937,2014-03-31
SOUTH TYNESIDE,16,55,62,752,295,6,39,0,63,1279,225,2792,2014-03-31
SOUTHAMPTON,33,77,23,1292,570,11,86,0,127,2598,456,5273,2014-03-31
SOUTHEND-ON-SEA,22,81,24,1295,615,4,33,0,72,2293,464,4903,2014-03-31
SOUTHWARK,3,267,29,2082,939,11,209,1,296,5323,1219,10379,2014-03-31
SPELTHORNE,1,45,14,658,301,8,55,0,61,1064,240,2447,2014-03-31
ST ALBANS,21,34,28,888,409,1,88,0,108,1667,370,3614,2014-03-31
ST EDMUNDSBURY,53,18,23,657,291,8,47,0,116,938,241,2392,2014-03-31
ST HELENS,84,87,47,949,387,13,89,0,179,1700,259,3794,2014-03-31
STAFFORD,71,24,47,828,332,2,50,0,123,1086,254,2817,2014-03-31
STAFFORDSHIRE MOORLANDS,73,14,34,545,240,1,26,0,120,834,137,2024,2014-03-31
STEVENAGE,3,14,26,443,200,3,24,0,41,686,174,1614,2014-03-31
STOCKPORT,50,34,46,1640,783,10,56,0,342,3083,597,6641,2014-03-31
STOCKTON-ON-TEES,19,45,62,1250,498,10,57,1,97,1612,321,3972,2014-03-31
STOKE-ON-TRENT,46,30,50,1224,639,12,55,0,117,2253,332,4758,2014-03-31
STRATFORD-ON-AVON,53,19,52,831,359,7,70,1,164,1551,346,3453,2014-03-31
STROUD,48,26,97,678,318,3,98,0,149,1129,296,2842,2014-03-31
SUFFOLK COASTAL,65,14,37,691,337,4,60,0,148,1103,258,2717,2014-03-31
SUNDERLAND,29,65,99,1476,571,11,103,0,95,2180,382,5011,2014-03-31
SURREY HEATH,3,28,17,620,258,7,20,0,58,998,240,2249,2014-03-31
SUTTON,4,89,17,1343,559,5,47,1,74,2246,473,4858,2014-03-31
SWALE,5,37,35,832,394,6,76,0,144,1543,350,3422,2014-03-31
SWANSEA,47,54,49,1150,640,11,92,0,284,2256,326,4909,2014-03-31
SWINDON,45,46,58,1317,603,14,134,0,111,2051,519,4898,2014-03-31
TAMESIDE,31,47,73,1087,542,5,45,0,124,1951,374,4279,2014-03-31
TAMWORTH,9,14,5,424,162,3,17,0,47,634,137,1452,2014-03-31
TANDRIDGE,1,32,113,555,264,5,36,0,72,1035,277,2390,2014-03-31
TAUNTON DEANE,23,17,69,668,284,2,111,1,112,1014,316,2617,2014-03-31
TEIGNBRIDGE,32,28,79,842,333,5,117,1,98,1433,279,3247,2014-03-31
TENDRING,66,46,29,821,429,11,39,0,219,1403,270,3333,2014-03-31
TEST VALLEY,32,15,53,641,290,8,77,1,94,1220,284,2715,2014-03-31
TEWKESBURY,24,32,51,600,252,4,70,1,85,823,222,2164,2014-03-31
THANET,4,52,34,881,418,20,67,1,83,1493,296,3349,2014-03-31
THE VALE OF GLAMORGAN,14,30,21,799,323,18,33,0,91,1228,193,2750,2014-03-31
THREE RIVERS,11,22,12,524,282,7,37,2,85,981,172,2135,2014-03-31
THURROCK,15,24,16,943,390,9,53,2,85,1742,378,3657,2014-03-31
TONBRIDGE AND MALLING,7,29,55,831,382,1,87,0,119,1418,344,3273,2014-03-31
TORBAY,12,29,20,791,384,2,44,0,82,1396,313,3073,2014-03-31
TORFAEN,10,29,19,408,171,2,28,0,72,573,116,1428,2014-03-31
TORRIDGE,33,20,29,466,230,4,47,0,86,636,157,1708,2014-03-31
TOWER HAMLETS,6,375,19,1857,888,12,586,0,261,6326,1218,11548,2014-03-31
TRAFFORD,38,21,32,1420,710,11,68,0,230,2656,486,5672,2014-03-31
TUNBRIDGE WELLS,5,25,13,757,362,8,28,0,102,1520,328,3148,2014-03-31
UTTLESFORD,30,13,45,543,252,6,72,0,119,1024,197,2301,2014-03-31
VALE OF WHITE HORSE,26,60,56,832,351,13,118,0,133,1662,421,3672,2014-03-31
WAKEFIELD,41,91,108,1746,701,24,126,0,173,2674,497,6181,2014-03-31
WALSALL,34,48,67,1283,524,18,81,1,153,2149,375,4733,2014-03-31
WALTHAM FOREST,33,119,17,1492,660,9,139,0,107,3136,518,6230,2014-03-31
WANDSWORTH,3,286,19,2901,1392,8,241,1,192,6505,1516,13064,2014-03-31
WARRINGTON,39,62,33,1250,565,8,90,0,165,2266,377,4855,2014-03-31
WARWICK,15,64,35,766,406,6,72,0,101,1500,311,3276,2014-03-31
WATFORD,10,70,14,654,271,5,54,2,55,1250,242,2627,2014-03-31
WAVENEY,51,13,20,655,265,6,36,2,111,919,200,2278,2014-03-31
WAVERLEY,12,53,54,848,371,3,40,3,208,1936,348,3876,2014-03-31
WEALDEN,29,29,63,1072,452,9,121,2,180,1815,415,4187,2014-03-31
WELLINGBOROUGH,18,17,20,466,196,1,57,0,59,667,173,1674,2014-03-31
WELWYN HATFIELD,16,31,15,609,296,3,73,2,74,1186,307,2612,2014-03-31
WEST BERKSHIRE,12,58,39,1151,473,12,79,0,163,1925,459,4371,2014-03-31
WEST DEVON,35,2,18,313,169,0,21,0,73,645,152,1428,2014-03-31
WEST DORSET,44,21,45,605,283,3,53,0,155,1145,287,2641,2014-03-31
WEST LANCASHIRE,36,18,39,513,219,7,44,0,165,1082,169,2292,2014-03-31
WEST LINDSEY,43,19,32,567,251,4,46,0,98,851,188,2099,2014-03-31
WEST OXFORDSHIRE,16,25,35,646,327,19,56,0,114,1216,280,2734,2014-03-31
WEST SOMERSET,14,6,13,180,96,1,16,0,48,351,109,834,2014-03-31
WEYMOUTH AND PORTLAND,12,10,12,383,180,1,23,0,58,654,154,1487,2014-03-31
WIGAN,86,69,60,1709,709,17,75,0,365,3098,497,6685,2014-03-31
WILTSHIRE,186,88,188,2674,1195,23,305,0,524,4317,1125,10625,2014-03-31
WINCHESTER,29,43,38,740,334,9,81,0,154,1399,341,3168,2014-03-31
WINDSOR AND MAIDENHEAD,18,53,24,1055,422,29,80,3,196,2055,460,4395,2014-03-31
WIRRAL,53,60,51,1785,852,14,51,0,136,2502,422,5926,2014-03-31
WOKING,1,84,31,699,339,9,77,0,73,1356,327,2996,2014-03-31
WOKINGHAM,5,72,49,1177,518,7,73,0,96,1670,394,4061,2014-03-31
WOLVERHAMPTON,36,37,42,1123,403,10,75,0,151,1657,337,3871,2014-03-31
WORCESTER,14,35,14,626,266,15,44,0,87,932,185,2218,2014-03-31
WREKIN,46,73,91,2285,397,4,126,0,122,1542,452,5138,2014-03-31
WORTHING,15,64,11,786,317,0,36,0,33,1257,291,2810,2014-03-31
WREXHAM,46,16,20,632,243,8,32,0,123,1069,191,2380,2014-03-31
WYCHAVON,51,33,76,718,299,5,66,0,208,1427,261,3144,2014-03-31
WYCOMBE,47,50,39,1112,455,6,72,0,172,1932,467,4352,2014-03-31
WYRE,69,26,39,523,251,2,30,0,149,960,140,2189,2014-03-31
WYRE FOREST,47,18,32,507,214,7,58,0,69,856,211,2019,2014-03-31
YORK,90,43,43,1045,487,14,102,0,205,1787,416,4232,2014-03-31
Total,11983,17173,13708,336628,137713,3393,21373,132,48572,592046,119122,1301843,2014-02-28
ALL COUNTIES,5,0,0,1,0,0,0,0,0,2,66,74,2014-02-28
ADUR,10,24,8,377,182,0,14,0,32,583,128,1358,2014-02-28
ALLERDALE,77,2,73,658,246,6,36,0,158,1146,156,2558,2014-02-28
AMBER VALLEY,48,11,24,677,304,10,30,0,117,1102,177,2500,2014-02-28
ARUN,5,57,43,1024,472,5,72,0,127,1855,396,4056,2014-02-28
ASHFIELD,21,10,44,667,257,2,59,0,80,782,180,2102,2014-02-28
ASHFORD,7,18,39,824,305,7,40,0,145,1510,325,3220,2014-02-28
AYLESBURY VALE,47,48,109,1244,456,35,118,6,219,1882,515,4679,2014-02-28
BABERGH,31,6,29,451,207,3,30,1,96,800,182,1836,2014-02-28
BARKING AND DAGENHAM,5,56,35,752,325,6,70,0,52,1726,303,3330,2014-02-28
BARNET,31,190,20,2265,976,17,154,0,199,5125,909,9886,2014-02-28
BARNSLEY,34,85,75,1202,433,12,68,0,185,1958,442,4494,2014-02-28
BARROW-IN-FURNESS,450,3,37,358,156,1,14,0,40,495,82,1636,2014-02-28
BASILDON,14,53,28,980,458,3,55,2,135,1561,403,3692,2014-02-28
BASINGSTOKE AND DEANE,34,40,38,1051,447,13,84,0,131,1611,434,3883,2014-02-28
BASSETLAW,33,16,31,584,288,7,39,0,89,921,202,2210,2014-02-28
BATH AND NORTH EAST SOMERSET,47,43,46,1129,491,5,114,0,203,2065,452,4595,2014-02-28
BEDFORD,37,59,55,940,404,1,120,1,159,1796,602,4174,2014-02-28
BEXLEY,11,71,20,1418,573,1,73,0,81,2099,410,4757,2014-02-28
BIRMINGHAM,129,263,113,5171,2019,97,273,1,622,10095,1539,20322,2014-02-28
BLABY,24,9,30,501,228,3,29,0,73,722,161,1780,2014-02-28
BLACKBURN WITH DARWEN,22,61,36,656,276,7,31,0,142,1222,196,2649,2014-02-28
BLACKPOOL,39,8,5,676,336,4,16,0,102,1440,209,2835,2014-02-28
BLAENAU GWENT,18,4,1,322,135,11,7,1,62,493,67,1121,2014-02-28
BLYTH VALLEY,0,0,0,0,0,0,0,0,1,0,0,1,2014-02-28
BOLSOVER,20,5,22,484,181,3,30,0,56,623,120,1544,2014-02-28
BOLTON,70,68,55,1335,582,13,49,0,188,2908,497,5765,2014-02-28
BOSTON,25,4,17,314,123,1,25,0,63,507,115,1194,2014-02-28
BOURNEMOUTH,24,77,10,1278,570,7,87,0,79,2063,429,4624,2014-02-28
BRACKNELL FOREST,7,39,57,739,321,9,52,1,89,1302,335,2951,2014-02-28
BRADFORD,74,70,106,2259,915,23,139,0,323,3871,696,8476,2014-02-28
BRAINTREE,39,16,29,909,376,3,38,7,144,1386,383,3330,2014-02-28
BRECKLAND,48,15,79,733,353,11,71,4,146,1092,293,2845,2014-02-28
BRENT,7,149,14,1535,596,8,114,0,157,3594,719,6893,2014-02-28
BRENTWOOD,13,23,8,564,241,0,41,5,87,886,188,2056,2014-02-28
BRIDGEND,40,25,31,801,355,11,40,0,148,1312,182,2945,2014-02-28
BRIGHTON AND HOVE,24,205,24,2187,848,5,101,0,147,3732,780,8053,2014-02-28
BROADLAND,48,9,34,716,307,4,26,2,145,909,215,2415,2014-02-28
BROMLEY,21,135,40,2331,971,8,123,0,148,3902,773,8452,2014-02-28
BROMSGROVE,15,12,24,641,239,5,35,0,104,947,213,2235,2014-02-28
BROXBOURNE,11,21,18,613,256,11,17,0,51,991,182,2171,2014-02-28
BROXTOWE,18,15,20,574,231,4,13,0,77,787,152,1891,2014-02-28
BURNLEY,15,21,16,507,180,4,28,0,91,1323,173,2358,2014-02-28
BURY,21,29,25,1040,457,9,20,0,157,2014,323,4095,2014-02-28
CAERPHILLY,36,24,42,860,372,12,33,0,97,1311,178,2965,2014-02-28
CALDERDALE,47,25,40,1145,472,14,67,0,182,1947,305,4244,2014-02-28
CAMBRIDGE,12,94,29,616,244,1,100,1,129,1205,284,2715,2014-02-28
CAMDEN,5,309,8,1683,731,18,170,1,206,4829,1138,9098,2014-02-28
CANNOCK CHASE,12,17,20,557,199,9,30,0,42,901,199,1986,2014-02-28
CANTERBURY,12,48,33,988,416,4,43,1,121,1659,321,3646,2014-02-28
CARADON,0,0,0,1,0,0,0,0,0,0,0,1,2014-02-28
CARDIFF,39,133,34,1925,814,25,62,1,162,3587,571,7353,2014-02-28
CARLISLE,54,13,31,592,239,6,39,0,148,1032,225,2379,2014-02-28
CARMARTHENSHIRE,98,16,52,921,379,6,54,0,241,1423,291,3481,2014-02-28
CASTLE POINT,37,11,8,470,212,14,8,0,126,692,143,1721,2014-02-28
CENTRAL BEDFORDSHIRE,40,63,153,1849,792,7,165,1,237,2526,719,6552,2014-02-28
CEREDIGION,55,4,29,354,143,1,27,0,100,606,69,1388,2014-02-28
CHARNWOOD,33,31,57,832,331,5,95,0,86,1198,240,2908,2014-02-28
CHELMSFORD,38,49,34,1175,408,6,57,5,201,1689,341,4003,2014-02-28
CHELTENHAM,35,39,17,786,350,3,36,0,83,1235,307,2891,2014-02-28
CHERWELL,48,31,55,946,388,5,51,0,154,1527,429,3634,2014-02-28
CHESHIRE EAST,94,92,72,2237,1064,28,106,0,355,3795,718,8561,2014-02-28
CHESHIRE WEST AND CHESTER,52,79,72,1903,788,14,142,0,332,3237,693,7312,2014-02-28
CHESTER,0,0,0,1,0,0,0,0,0,0,0,1,2014-02-28
CHESTERFIELD,13,22,20,520,253,3,34,0,65,734,142,1806,2014-02-28
CHICHESTER,52,26,42,739,341,6,49,0,191,1402,357,3205,2014-02-28
CHILTERN,30,15,16,576,279,17,32,0,93,953,237,2248,2014-02-28
CHORLEY,34,34,34,541,302,2,65,1,133,1180,181,2507,2014-02-28
CHRISTCHURCH,7,14,15,333,138,18,13,1,40,508,104,1191,2014-02-28
CITY OF BRISTOL,53,131,48,3061,1197,25,134,0,290,4426,1026,10391,2014-02-28
CITY OF DERBY,14,61,25,1230,594,15,119,0,113,2056,459,4686,2014-02-28
CITY OF KINGSTON UPON HULL,19,70,71,1057,449,23,78,0,101,1879,324,4071,2014-02-28
CITY OF LONDON,5,97,4,404,85,31,76,2,214,1887,443,3248,2014-02-28
CITY OF NOTTINGHAM,94,65,44,1355,580,14,64,0,172,2872,469,5729,2014-02-28
CITY OF PETERBOROUGH,74,344,57,949,450,6,142,1,99,2073,411,4606,2014-02-28
CITY OF PLYMOUTH,24,88,46,1512,540,10,91,0,135,2071,455,4972,2014-02-28
CITY OF WESTMINSTER,6,370,30,2952,1079,50,254,0,474,11782,2524,19521,2014-02-28
COLCHESTER,46,29,87,1021,450,5,109,0,164,1741,390,4042,2014-02-28
CONWY,85,20,12,662,266,1,35,0,157,1171,190,2599,2014-02-28
COPELAND,31,7,18,420,148,0,23,0,97,600,116,1460,2014-02-28
CORBY,12,11,40,418,172,1,49,0,47,647,167,1564,2014-02-28
CORNWALL,350,104,218,3377,1427,24,331,5,899,5765,1056,13556,2014-02-28
COTSWOLD,32,19,70,513,234,11,61,0,171,1234,306,2651,2014-02-28
COUNTY DURHAM,144,71,162,2770,1027,43,126,0,422,4438,799,10002,2014-02-28
COVENTRY,39,57,46,1657,593,16,80,0,152,2608,402,5650,2014-02-28
CRAVEN,26,10,14,347,147,2,19,0,100,549,105,1319,2014-02-28
CRAWLEY,4,13,16,678,258,4,31,0,87,1150,267,2508,2014-02-28
CROYDON,12,153,26,2259,955,11,166,0,172,4464,1004,9222,2014-02-28
DACORUM,31,36,31,864,363,3,50,5,120,1387,327,3217,2014-02-28
DARLINGTON,28,16,18,629,225,12,18,0,62,822,140,1970,2014-02-28
DARTFORD,2,69,43,596,273,4,55,0,81,1109,283,2515,2014-02-28
DAVENTRY,31,17,36,472,189,11,34,0,106,880,191,1967,2014-02-28
DENBIGHSHIRE,53,14,18,533,202,5,18,0,170,991,121,2125,2014-02-28
DERBYSHIRE DALES,56,20,21,453,200,10,37,0,159,701,139,1796,2014-02-28
DONCASTER,52,74,105,1551,645,13,87,0,225,2418,556,5726,2014-02-28
DOVER,8,14,29,683,284,1,23,0,76,1082,185,2385,2014-02-28
DUDLEY,50,46,57,1540,590,14,64,0,230,2832,430,5853,2014-02-28
EALING,9,147,16,1847,727,5,101,0,184,4252,763,8051,2014-02-28
EAST CAMBRIDGESHIRE,21,13,24,498,222,0,38,1,78,853,207,1955,2014-02-28
EAST DEVON,43,49,74,1048,396,9,132,0,148,1533,277,3709,2014-02-28
EAST DORSET,25,13,30,551,254,56,33,1,142,852,166,2123,2014-02-28
EAST HAMPSHIRE,34,27,49,701,317,5,44,1,175,1345,386,3084,2014-02-28
EAST HERTFORDSHIRE,17,33,40,919,412,1,56,3,159,1529,326,3495,2014-02-28
EAST LINDSEY,66,17,57,843,323,34,54,1,205,1087,188,2875,2014-02-28
EAST NORTHAMPTONSHIRE,29,33,47,598,199,2,68,0,61,827,185,2049,2014-02-28
EAST RIDING OF YORKSHIRE,129,51,88,1929,873,30,101,0,327,3038,482,7048,2014-02-28
EAST STAFFORDSHIRE,30,18,39,677,245,4,39,0,130,916,196,2294,2014-02-28
EASTBOURNE,1,51,4,687,296,9,40,0,42,1253,338,2721,2014-02-28
EASTLEIGH,17,23,34,809,325,15,56,0,106,1187,292,2864,2014-02-28
EDEN,99,13,29,320,118,0,45,0,82,529,86,1321,2014-02-28
ELMBRIDGE,3,48,22,1030,456,8,26,0,156,2400,505,4654,2014-02-28
ENFIELD,24,140,20,1955,752,5,121,3,142,3826,639,7627,2014-02-28
EPPING FOREST,23,39,30,876,412,5,42,0,187,1566,279,3459,2014-02-28
EPSOM AND EWELL,2,40,14,548,233,3,23,0,46,940,183,2032,2014-02-28
EREWASH,17,21,20,997,263,9,34,0,87,968,174,2590,2014-02-28
EXETER,20,30,34,662,265,10,45,0,90,1259,245,2660,2014-02-28
FAREHAM,14,37,18,681,325,16,38,0,65,918,227,2339,2014-02-28
FENLAND,42,15,34,543,255,10,34,1,110,853,198,2095,2014-02-28
FLINTSHIRE,68,31,47,767,299,6,45,0,139,1602,236,3240,2014-02-28
FOREST HEATH,20,14,23,438,160,3,48,0,59,505,155,1425,2014-02-28
FOREST OF DEAN,62,11,30,453,178,6,31,0,93,751,145,1760,2014-02-28
FYLDE,18,36,15,879,207,6,30,0,90,1051,137,2469,2014-02-28
GATESHEAD,27,49,75,1133,499,10,46,0,116,1910,341,4206,2014-02-28
GEDLING,21,10,37,1631,332,4,28,0,73,990,219,3345,2014-02-28
GLOUCESTER,19,28,41,842,301,5,48,0,132,1021,269,2706,2014-02-28
GOSPORT,16,11,2,536,207,2,12,1,37,689,168,1681,2014-02-28
GRAVESHAM,4,11,6,553,232,5,17,0,52,880,216,1976,2014-02-28
GREAT YARMOUTH,20,19,25,626,232,3,16,0,73,702,130,1846,2014-02-28
GREENWICH,2,197,13,1443,631,11,88,0,126,3208,609,6328,2014-02-28
GUILDFORD,3,103,26,879,411,14,42,0,171,1711,332,3692,2014-02-28
GWYNEDD,73,16,36,560,241,3,31,0,212,1115,152,2439,2014-02-28
HACKNEY,2,144,13,1273,624,11,204,0,159,3552,659,6641,2014-02-28
HALTON,21,20,26,514,232,12,27,0,92,1093,232,2269,2014-02-28
HAMBLETON,44,10,52,480,192,12,46,1,122,780,142,1881,2014-02-28
HAMMERSMITH AND FULHAM,2,171,11,1526,663,10,117,0,144,4123,749,7516,2014-02-28
HARBOROUGH,18,23,56,523,198,3,41,0,116,850,227,2055,2014-02-28
HARINGEY,9,181,13,1464,629,4,64,0,155,3663,658,6840,2014-02-28
HARLOW,1,28,17,421,191,2,32,1,56,835,205,1789,2014-02-28
HARROGATE,67,34,50,1044,430,8,37,0,182,1602,331,3785,2014-02-28
HARROW,1,74,19,1238,564,8,63,0,131,2454,475,5027,2014-02-28
HART,17,19,38,562,284,15,18,0,128,924,216,2221,2014-02-28
HARTLEPOOL,8,18,29,479,160,3,18,0,36,700,114,1565,2014-02-28
HASTINGS,1,25,12,586,298,6,18,0,70,1175,256,2447,2014-02-28
HAVANT,17,24,20,730,292,9,50,0,76,1006,220,2444,2014-02-28
HAVERING,22,75,68,1396,587,5,77,2,109,2347,430,5118,2014-02-28
HEREFORDSHIRE,65,16,55,985,391,10,67,1,272,1535,398,3795,2014-02-28
HERTSMERE,8,35,18,693,278,5,56,1,70,1182,234,2580,2014-02-28
HIGH PEAK,34,19,29,490,216,2,19,0,123,910,144,1986,2014-02-28
HILLINGDON,3,88,41,1455,596,8,143,1,143,2878,518,5874,2014-02-28
HINCKLEY AND BOSWORTH,26,16,62,713,268,8,61,2,92,1055,212,2515,2014-02-28
HORSHAM,46,36,55,895,385,1,98,0,193,1555,317,3581,2014-02-28
HOUNSLOW,8,150,8,1560,626,19,76,0,139,3674,571,6831,2014-02-28
HUNTINGDONSHIRE,43,49,61,1080,523,3,81,2,147,1574,450,4013,2014-02-28
HYNDBURN,32,13,2,370,193,8,11,0,129,880,135,1773,2014-02-28
IPSWICH,83,24,19,744,307,4,27,0,80,1133,255,2676,2014-02-28
ISLE OF ANGLESEY,57,4,17,3539,158,1,23,1,124,584,77,4585,2014-02-28
ISLE OF WIGHT,47,42,46,831,392,5,60,1,172,1447,345,3388,2014-02-28
ISLES OF SCILLY,0,5,0,10,1,0,0,0,2,11,1,30,2014-02-28
ISLINGTON,1,229,18,1375,608,23,186,0,137,3727,712,7016,2014-02-28
KENSINGTON AND CHELSEA,7,242,3,1737,720,10,147,2,175,6019,1230,10292,2014-02-28
KETTERING,21,21,35,615,241,0,38,0,58,1013,254,2296,2014-02-28
KING'S LYNN AND WEST NORFOLK,74,16,66,918,393,3,66,1,205,1324,288,3354,2014-02-28
KINGSTON UPON THAMES,9,82,12,1279,496,9,65,1,79,1940,351,4323,2014-02-28
KIRKLEES,60,74,100,2355,910,20,94,0,310,3903,581,8407,2014-02-28
KNOWSLEY,17,30,23,558,202,6,93,0,93,1185,232,2439,2014-02-28
LAMBETH,5,332,24,2476,1041,18,204,0,202,5495,1117,10914,2014-02-28
LANCASTER,85,32,23,683,286,6,44,0,162,1133,216,2670,2014-02-28
LEEDS,70,202,188,3916,1753,51,215,0,615,7030,1329,15369,2014-02-28
LEICESTER,13,54,42,1497,554,17,81,0,145,2260,433,5096,2014-02-28
LEWES,10,42,16,668,284,4,26,0,92,937,244,2323,2014-02-28
LEWISHAM,5,217,20,1870,794,15,111,3,155,3958,748,7896,2014-02-28
LICHFIELD,18,25,52,635,222,1,50,0,80,1042,236,2361,2014-02-28
LINCOLN,19,16,24,616,226,3,39,0,79,733,133,1888,2014-02-28
LIVERPOOL,38,235,121,2237,961,52,205,1,332,5832,1020,11034,2014-02-28
LUTON,11,24,12,964,447,9,52,0,105,1641,294,3559,2014-02-28
MAIDSTONE,10,22,36,974,456,7,57,0,200,1772,432,3966,2014-02-28
MALDON,28,4,13,356,148,0,13,0,96,677,171,1506,2014-02-28
MALVERN HILLS,30,21,39,412,146,3,32,0,124,781,114,1702,2014-02-28
MANCHESTER,32,243,94,2219,1205,39,204,0,383,5862,1113,11394,2014-02-28
MANSFIELD,14,11,50,527,196,11,36,0,72,819,178,1914,2014-02-28
MEDWAY,7,70,20,1517,913,23,47,0,148,2498,558,5801,2014-02-28
MELTON,20,12,12,333,117,1,15,0,61,382,65,1018,2014-02-28
MENDIP,46,30,49,767,300,1,59,0,168,1028,201,2649,2014-02-28
MERTHYR TYDFIL,17,7,21,289,72,2,14,0,39,476,71,1008,2014-02-28
MERTON,8,95,12,1397,574,6,58,0,84,2514,530,5278,2014-02-28
MID DEVON,19,7,29,442,202,3,30,0,110,806,188,1836,2014-02-28
MID SUFFOLK,30,12,58,573,258,13,64,0,118,837,223,2186,2014-02-28
MID SUSSEX,16,40,64,984,371,3,59,2,157,1545,364,3605,2014-02-28
MIDDLESBROUGH,17,21,25,520,232,7,110,0,51,1043,187,2213,2014-02-28
MILTON KEYNES,39,81,131,1659,653,18,185,0,132,2625,728,6251,2014-02-28
MOLE VALLEY,4,35,16,532,248,18,27,0,125,944,214,2163,2014-02-28
MONMOUTHSHIRE,27,6,39,557,217,4,30,0,121,899,148,2048,2014-02-28
NEATH PORT TALBOT,18,14,31,730,273,7,36,0,135,1190,167,2601,2014-02-28
NEW FOREST,49,45,40,1094,482,72,46,1,143,1997,428,4397,2014-02-28
NEWARK AND SHERWOOD,32,23,36,663,251,8,40,0,154,1029,220,2456,2014-02-28
NEWCASTLE UPON TYNE,22,96,62,1490,534,16,78,0,211,2923,507,5939,2014-02-28
NEWCASTLE-UNDER-LYME,24,23,35,629,281,1,31,0,107,956,182,2269,2014-02-28
NEWHAM,4,352,18,1394,612,3,91,0,183,3637,637,6931,2014-02-28
NEWPORT,18,26,40,730,304,12,56,0,141,1587,206,3120,2014-02-28
NORTH BEDFORDSHIRE,0,0,0,0,0,0,0,0,0,1,0,1,2014-02-28
NORTH CORNWALL,0,0,0,1,1,0,0,0,0,0,0,2,2014-02-28
NORTH DEVON,49,13,45,592,275,6,29,0,122,971,197,2299,2014-02-28
NORTH DORSET,30,7,29,406,169,12,21,0,98,572,165,1509,2014-02-28
NORTH EAST DERBYSHIRE,28,11,18,475,190,2,21,0,111,699,140,1695,2014-02-28
NORTH EAST LINCOLNSHIRE,28,29,22,867,337,64,30,0,90,1206,185,2858,2014-02-28
NORTH HERTFORDSHIRE,27,29,19,737,340,5,34,0,95,1181,323,2790,2014-02-28
NORTH KESTEVEN,52,10,43,788,256,1,56,0,113,955,229,2503,2014-02-28
NORTH LINCOLNSHIRE,45,44,48,824,342,35,43,0,122,1610,240,3353,2014-02-28
NORTH NORFOLK,67,21,53,641,276,1,46,1,172,980,239,2497,2014-02-28
NORTH SOMERSET,55,26,50,1409,601,9,92,0,176,2256,555,5229,2014-02-28
NORTH TYNESIDE,32,54,45,1229,550,13,60,0,111,1948,331,4373,2014-02-28
NORTH WARWICKSHIRE,20,13,12,378,132,2,17,0,91,695,121,1481,2014-02-28
NORTH WEST LEICESTERSHIRE,23,28,36,651,207,10,43,0,88,874,173,2133,2014-02-28
NORTHAMPTON,60,44,94,1406,550,12,122,0,146,2020,515,4969,2014-02-28
NORTHUMBERLAND,111,59,137,1748,694,16,96,0,342,3148,566,6917,2014-02-28
NORWICH,9,51,28,824,321,4,33,0,90,1232,240,2832,2014-02-28
NUNEATON AND BEDWORTH,14,28,20,707,283,4,17,0,45,825,188,2131,2014-02-28
OADBY AND WIGSTON,16,2,4,251,95,3,2,0,27,400,74,874,2014-02-28
OLDHAM,30,63,48,1036,441,12,72,0,182,2160,287,4331,2014-02-28
OXFORD,14,35,17,645,258,1,28,0,83,1502,274,2857,2014-02-28
PEMBROKESHIRE,83,5,38,702,286,29,37,0,177,1044,215,2616,2014-02-28
PENDLE,36,23,21,455,174,5,13,1,90,773,100,1691,2014-02-28
POOLE,10,43,22,979,426,8,41,0,86,1622,380,3617,2014-02-28
PORTSMOUTH,32,58,6,1097,533,7,24,0,103,1935,318,4113,2014-02-28
POWYS,118,7,52,969,284,13,50,0,204,1256,200,3153,2014-02-28
PRESTON,19,49,13,643,282,8,32,0,115,1246,191,2598,2014-02-28
PURBECK,24,10,5,259,109,2,8,0,55,489,121,1082,2014-02-28
READING,11,57,17,1072,468,7,36,0,97,1980,370,4115,2014-02-28
REDBRIDGE,16,94,12,1467,627,17,48,0,97,2941,489,5808,2014-02-28
REDCAR AND CLEVELAND,19,24,48,680,223,3,31,0,62,1088,155,2333,2014-02-28
REDDITCH,13,14,8,489,246,3,12,0,76,745,191,1797,2014-02-28
REIGATE AND BANSTEAD,9,55,71,1060,453,6,77,1,142,1673,432,3979,2014-02-28
RHONDDA CYNON TAFF,66,19,50,1177,466,15,56,0,206,2021,230,4306,2014-02-28
RIBBLE VALLEY,36,15,11,302,131,0,22,0,118,565,81,1281,2014-02-28
RICHMOND UPON THAMES,8,146,16,1618,576,12,77,0,120,2834,558,5965,2014-02-28
RICHMONDSHIRE,39,6,24,354,96,0,20,0,55,471,84,1149,2014-02-28
ROCHDALE,18,89,60,934,457,8,30,0,190,2020,270,4076,2014-02-28
ROCHFORD,28,8,19,484,201,4,32,0,81,662,134,1653,2014-02-28
ROSSENDALE,14,3,23,392,226,5,17,0,85,716,124,1605,2014-02-28
ROTHER,12,25,25,651,297,8,35,0,131,1129,245,2558,2014-02-28
ROTHERHAM,24,77,72,1485,548,15,96,0,137,1982,444,4880,2014-02-28
RUGBY,13,23,47,621,230,8,63,0,76,958,204,2243,2014-02-28
RUNNYMEDE,0,16,14,525,201,1,25,0,67,1037,228,2114,2014-02-28
RUSHCLIFFE,26,16,28,710,288,5,36,0,153,939,237,2438,2014-02-28
RUSHMOOR,9,63,18,563,256,6,50,0,41,961,211,2178,2014-02-28
RUTLAND,12,4,14,272,99,1,37,0,42,391,77,949,2014-02-28
RYEDALE,34,11,40,333,105,0,26,0,89,506,68,1212,2014-02-28
SALFORD,32,64,73,1236,605,20,96,0,149,2672,645,5592,2014-02-28
SANDWELL,28,37,68,1443,531,21,67,0,137,2310,415,5057,2014-02-28
SCARBOROUGH,63,25,37,630,250,2,39,0,145,1117,201,2509,2014-02-28
SEDGEMOOR,62,19,53,722,268,4,47,0,124,936,237,2472,2014-02-28
SEFTON,110,72,38,1400,531,11,82,0,186,2547,382,5359,2014-02-28
SELBY,47,14,45,494,190,10,46,0,102,930,193,2071,2014-02-28
SEVENOAKS,9,14,48,744,314,4,29,0,103,1266,280,2811,2014-02-28
SHEFFIELD,118,103,86,3142,1338,27,105,0,425,4744,863,10951,2014-02-28
SHEPWAY,6,27,18,851,342,11,49,1,82,1205,223,2815,2014-02-28
SHROPSHIRE,152,22,89,1793,690,10,138,0,408,2928,792,7022,2014-02-28
SLOUGH,13,23,9,657,277,6,46,0,86,1460,353,2930,2014-02-28
SOLIHULL,27,45,54,1434,510,11,75,0,144,1951,398,4649,2014-02-28
SOUTH BUCKS,11,9,7,452,215,4,32,0,82,1020,215,2047,2014-02-28
SOUTH CAMBRIDGESHIRE,41,35,94,1050,374,10,122,1,140,1274,350,3491,2014-02-28
SOUTH DERBYSHIRE,11,16,44,579,245,6,84,0,94,875,211,2165,2014-02-28
SOUTH GLOUCESTERSHIRE,70,78,124,1621,707,13,97,1,187,2244,523,5665,2014-02-28
SOUTH HAMS,21,12,37,676,281,2,50,0,150,1239,270,2738,2014-02-28
SOUTH HOLLAND,24,10,28,526,233,4,47,0,90,676,149,1787,2014-02-28
SOUTH KESTEVEN,44,31,87,831,316,5,47,1,167,1112,265,2906,2014-02-28
SOUTH LAKELAND,95,26,28,723,298,4,43,0,212,1250,183,2862,2014-02-28
SOUTH NORFOLK,53,14,98,843,324,5,101,2,205,1208,265,3118,2014-02-28
SOUTH NORTHAMPTONSHIRE,27,11,38,632,233,1,53,0,70,888,192,2145,2014-02-28
SOUTH OXFORDSHIRE,19,57,101,894,369,13,76,0,153,1470,318,3470,2014-02-28
SOUTH RIBBLE,31,22,22,553,249,3,36,0,97,836,143,1992,2014-02-28
SOUTH SOMERSET,77,18,102,946,388,6,86,0,203,1417,349,3592,2014-02-28
SOUTH STAFFORDSHIRE,49,3,37,556,216,3,24,0,125,1276,483,2772,2014-02-28
SOUTH TYNESIDE,14,38,56,707,264,4,58,0,71,1186,175,2573,2014-02-28
SOUTHAMPTON,32,75,41,1212,550,21,65,0,128,2192,438,4754,2014-02-28
SOUTHEND-ON-SEA,26,48,11,1129,551,3,38,1,77,2127,452,4463,2014-02-28
SOUTHWARK,3,209,15,2192,893,12,189,0,249,5316,999,10077,2014-02-28
SPELTHORNE,0,27,8,658,266,3,19,0,54,1074,219,2328,2014-02-28
ST ALBANS,16,54,23,1000,393,6,71,3,86,1612,393,3657,2014-02-28
ST EDMUNDSBURY,40,23,24,618,266,4,35,0,80,882,255,2227,2014-02-28
ST HELENS,26,61,35,812,335,13,93,0,173,1729,299,3576,2014-02-28
STAFFORD,49,22,36,725,290,2,44,0,174,1223,279,2844,2014-02-28
STAFFORDSHIRE MOORLANDS,32,9,17,517,204,1,23,0,150,840,129,1922,2014-02-28
STEVENAGE,4,14,21,418,178,3,34,0,26,632,187,1517,2014-02-28
STOCKPORT,52,34,25,1640,697,11,41,0,226,2756,533,6015,2014-02-28
STOCKTON-ON-TEES,20,46,78,962,396,13,50,0,143,1789,364,3861,2014-02-28
STOKE-ON-TRENT,39,33,53,1250,467,18,74,0,133,2028,353,4448,2014-02-28
STRATFORD-ON-AVON,53,18,65,820,330,9,49,0,164,1479,312,3299,2014-02-28
STROUD,35,63,48,750,315,8,58,2,125,933,243,2580,2014-02-28
SUFFOLK COASTAL,51,27,42,741,317,6,56,0,186,1128,252,2806,2014-02-28
SUNDERLAND,25,75,79,1144,500,14,97,0,131,2026,362,4453,2014-02-28
SURREY HEATH,2,19,20,537,231,1,19,0,69,1004,200,2102,2014-02-28
SUTTON,16,76,18,1253,551,7,75,0,87,2063,454,4600,2014-02-28
SWALE,15,20,36,784,303,3,50,0,126,1471,301,3109,2014-02-28
SWANSEA,39,54,51,1227,496,13,67,0,217,2021,345,4530,2014-02-28
SWINDON,27,52,34,1398,534,19,66,0,163,2014,450,4757,2014-02-28
TAMESIDE,88,26,31,1086,451,12,35,0,152,1927,343,4151,2014-02-28
TAMWORTH,9,10,25,439,155,4,19,0,45,583,132,1421,2014-02-28
TANDRIDGE,5,31,27,648,237,4,30,0,93,1132,226,2433,2014-02-28
TAUNTON DEANE,34,21,69,691,286,6,90,0,138,1127,270,2732,2014-02-28
TEIGNBRIDGE,24,66,79,870,353,2,105,0,165,1404,276,3344,2014-02-28
TENDRING,56,26,20,831,347,4,53,0,222,1244,280,3083,2014-02-28
TEST VALLEY,37,26,72,751,251,4,61,0,124,985,259,2570,2014-02-28
TEWKESBURY,19,21,46,562,231,14,55,0,84,728,215,1975,2014-02-28
THANET,7,53,33,850,389,11,40,0,88,1380,281,3132,2014-02-28
THE VALE OF GLAMORGAN,19,27,26,738,305,3,23,0,114,1152,195,2602,2014-02-28
THREE RIVERS,7,16,49,519,233,109,31,9,269,880,169,2291,2014-02-28
THURROCK,13,37,35,872,394,7,31,1,98,1497,315,3300,2014-02-28
TONBRIDGE AND MALLING,9,30,64,732,359,10,61,0,110,1113,276,2764,2014-02-28
TORBAY,22,23,26,882,367,4,52,0,73,1264,268,2981,2014-02-28
TORFAEN,24,7,21,373,147,5,22,0,69,658,311,1637,2014-02-28
TORRIDGE,27,10,19,420,196,0,30,0,108,629,110,1549,2014-02-28
TOWER HAMLETS,5,230,21,1653,727,14,423,0,227,5415,1212,9927,2014-02-28
TRAFFORD,35,31,40,1330,643,7,45,1,154,2482,447,5215,2014-02-28
TUNBRIDGE WELLS,7,37,16,727,335,18,36,0,123,1739,336,3374,2014-02-28
UTTLESFORD,32,7,31,578,569,3,59,2,123,1015,193,2612,2014-02-28
VALE OF WHITE HORSE,44,22,59,761,276,8,75,0,129,1524,345,3243,2014-02-28
WAKEFIELD,45,77,115,1638,667,18,124,0,256,2867,516,6323,2014-02-28
WALSALL,26,32,72,1299,466,13,97,0,149,1963,382,4499,2014-02-28
WALTHAM FOREST,17,85,10,1454,616,15,93,0,117,2806,451,5664,2014-02-28
WANDSWORTH,5,417,19,3184,1171,8,148,0,197,6454,1279,12882,2014-02-28
WARRINGTON,35,63,27,1126,477,15,65,0,144,2201,415,4568,2014-02-28
WARWICK,10,35,24,872,365,6,39,0,105,1474,271,3201,2014-02-28
WATFORD,9,50,12,695,296,3,66,1,52,1345,231,2760,2014-02-28
WAVENEY,47,13,22,656,305,2,21,0,100,805,166,2137,2014-02-28
WAVERLEY,5,46,29,792,350,9,61,0,157,1531,329,3309,2014-02-28
WEALDEN,19,37,102,1046,447,6,83,6,164,1648,372,3930,2014-02-28
WELLINGBOROUGH,17,17,10,437,178,2,27,0,65,534,110,1397,2014-02-28
WELWYN HATFIELD,21,34,8,614,289,0,36,3,92,1002,252,2351,2014-02-28
WEST BERKSHIRE,8,51,50,1067,455,13,52,1,156,1784,410,4047,2014-02-28
WEST DEVON,32,8,30,345,143,3,15,0,84,581,140,1381,2014-02-28
WEST DORSET,43,29,26,644,244,1,55,0,132,1006,239,2419,2014-02-28
WEST LANCASHIRE,55,11,19,528,193,11,59,0,129,1192,135,2332,2014-02-28
WEST LINDSEY,47,14,36,579,212,7,33,0,128,836,176,2068,2014-02-28
WEST OXFORDSHIRE,31,14,31,690,252,8,37,0,117,1032,272,2484,2014-02-28
WEST SOMERSET,14,3,11,216,91,1,17,0,62,284,67,766,2014-02-28
WEYMOUTH AND PORTLAND,15,13,10,359,147,2,13,0,53,570,118,1300,2014-02-28
WIGAN,291,64,62,1672,691,11,67,0,348,2860,512,6578,2014-02-28
WILTSHIRE,142,102,193,2894,1080,23,227,0,594,4295,1002,10552,2014-02-28
WINCHESTER,46,30,37,711,280,8,63,0,158,1209,322,2864,2014-02-28
WINDSOR AND MAIDENHEAD,14,36,60,932,383,25,48,0,164,2100,375,4137,2014-02-28
WIRRAL,43,36,21,1624,679,16,51,0,159,2941,485,6055,2014-02-28
WOKING,0,71,14,731,327,11,108,0,63,1104,277,2706,2014-02-28
WOKINGHAM,8,53,39,1040,401,10,51,0,140,1848,385,3975,2014-02-28
WOLVERHAMPTON,48,49,47,1004,369,16,56,0,187,1726,339,3841,2014-02-28
WORCESTER,12,35,11,596,240,0,31,0,100,904,192,2121,2014-02-28
WREKIN,25,51,119,1490,403,6,95,0,159,1521,404,4273,2014-02-28
WORTHING,17,60,6,796,354,3,28,0,63,1274,231,2832,2014-02-28
WREXHAM,35,15,24,556,257,3,39,0,132,985,161,2207,2014-02-28
WYCHAVON,79,21,84,686,278,8,72,0,162,1282,239,2911,2014-02-28
WYCOMBE,53,50,37,1120,469,9,55,1,173,1680,442,4089,2014-02-28
WYRE,50,13,13,476,193,5,22,0,105,869,136,1882,2014-02-28
WYRE FOREST,55,17,36,478,194,7,43,0,96,822,126,1874,2014-02-28
YORK,69,37,32,1190,461,17,52,0,186,1700,360,4104,2014-02-28
Total,11768,19472,15091,402566,157381,2969,22555,152,53671,602907,116311,1404843,2014-01-31
ALL COUNTIES,10,0,0,0,0,0,0,0,0,3,51,64,2014-01-31
ADUR,14,31,4,485,167,1,3,0,42,559,93,1399,2014-01-31
ALLERDALE,61,6,60,689,291,3,35,0,161,985,126,2417,2014-01-31
AMBER VALLEY,50,13,49,748,333,3,31,0,155,985,162,2529,2014-01-31
ARUN,16,64,44,1204,514,3,60,0,166,1871,419,4361,2014-01-31
ASHFIELD,18,14,43,764,304,4,47,0,80,931,220,2425,2014-01-31
ASHFORD,6,16,60,842,464,3,42,0,174,1463,301,3371,2014-01-31
AYLESBURY VALE,31,64,129,1280,534,16,129,1,173,1821,432,4610,2014-01-31
BABERGH,40,4,55,563,238,3,22,0,141,794,149,2009,2014-01-31
BARKING AND DAGENHAM,4,47,24,895,374,4,68,0,92,1767,301,3576,2014-01-31
BARNET,74,190,15,2465,1081,5,166,0,221,5290,865,10372,2014-01-31
BARNSLEY,41,52,42,1580,578,4,67,0,220,2078,406,5068,2014-01-31
BARROW-IN-FURNESS,18,10,35,455,147,4,11,0,37,444,58,1219,2014-01-31
BASILDON,11,43,34,1274,455,8,76,4,139,1619,395,4058,2014-01-31
BASINGSTOKE AND DEANE,33,33,60,1179,536,2,52,0,145,1564,555,4159,2014-01-31
BASSETLAW,42,16,47,784,263,8,36,0,140,1059,218,2613,2014-01-31
BATH AND NORTH EAST SOMERSET,62,70,62,1306,551,2,99,0,204,2169,452,4977,2014-01-31
BEDFORD,28,68,113,1307,449,3,128,0,253,2290,475,5114,2014-01-31
BEXLEY,17,84,12,1660,725,5,81,0,107,2273,405,5369,2014-01-31
BIRMINGHAM,123,376,186,5617,2099,32,263,5,644,9860,1487,20692,2014-01-31
BLABY,31,11,52,675,244,2,41,0,62,739,163,2020,2014-01-31
BLACKBURN WITH DARWEN,16,82,37,1153,322,8,34,0,144,1307,195,3298,2014-01-31
BLACKPOOL,54,13,5,1002,391,9,22,0,119,1524,183,3322,2014-01-31
BLAENAU GWENT,20,14,10,377,138,2,10,0,51,580,68,1270,2014-01-31
BOLSOVER,13,8,29,430,214,1,26,0,67,741,118,1647,2014-01-31
BOLTON,40,104,44,2190,636,13,72,0,186,3261,544,7090,2014-01-31
BOSTON,25,10,12,358,144,12,15,0,82,684,100,1442,2014-01-31
BOURNEMOUTH,26,107,14,1391,599,10,99,0,86,2215,465,5012,2014-01-31
BRACKNELL FOREST,4,23,50,867,349,2,49,0,81,1241,298,2964,2014-01-31
BRADFORD,90,118,101,2762,1013,32,131,0,336,3880,593,9056,2014-01-31
BRAINTREE,41,22,46,1043,465,10,58,3,217,1533,500,3938,2014-01-31
BRECKLAND,61,20,72,971,377,8,84,3,200,1074,249,3119,2014-01-31
BRENT,1,179,10,1780,711,6,108,0,186,3767,621,7369,2014-01-31
BRENTWOOD,12,28,10,620,284,2,24,1,73,917,151,2122,2014-01-31
BRIDGEND,21,32,70,1011,365,8,29,0,139,1266,171,3112,2014-01-31
BRIGHTON AND HOVE,14,234,9,2423,1009,13,79,0,180,3676,770,8407,2014-01-31
BROADLAND,47,12,46,927,328,4,15,1,123,1023,188,2714,2014-01-31
BROMLEY,13,143,49,2503,1114,12,136,1,155,3687,721,8534,2014-01-31
BROMSGROVE,25,8,49,630,263,2,35,0,97,825,144,2078,2014-01-31
BROXBOURNE,7,27,12,619,305,0,24,0,71,984,181,2230,2014-01-31
BROXTOWE,16,17,6,666,265,5,15,0,196,977,149,2312,2014-01-31
BURNLEY,15,21,11,535,185,3,16,0,84,1324,139,2333,2014-01-31
BURY,45,42,22,1453,567,3,28,0,168,2021,376,4725,2014-01-31
CAERPHILLY,47,63,54,1086,395,12,42,1,154,1312,170,3336,2014-01-31
CALDERDALE,44,32,39,1239,545,7,69,1,244,1929,271,4420,2014-01-31
CAMBRIDGE,10,145,46,850,314,5,111,1,160,1267,219,3128,2014-01-31
CAMDEN,3,312,5,1971,844,32,213,0,273,5552,1017,10222,2014-01-31
CANNOCK CHASE,22,20,20,632,239,2,35,0,64,658,132,1824,2014-01-31
CANTERBURY,7,33,35,1099,512,3,63,0,154,1547,320,3773,2014-01-31
CARDIFF,49,66,42,2247,957,16,76,0,238,3637,628,7956,2014-01-31
CARLISLE,43,12,57,701,310,4,36,0,183,948,209,2503,2014-01-31
CARMARTHENSHIRE,123,7,63,1101,379,7,52,0,304,1647,226,3909,2014-01-31
CASTLE POINT,35,11,6,556,197,1,11,0,108,723,99,1747,2014-01-31
CENTRAL BEDFORDSHIRE,48,66,177,5691,816,4,146,4,249,2616,634,10451,2014-01-31
CEREDIGION,62,5,21,505,189,0,26,0,155,646,117,1726,2014-01-31
CHARNWOOD,37,16,78,956,375,8,51,0,110,1237,294,3162,2014-01-31
CHELMSFORD,32,43,28,1567,474,3,64,1,229,1788,328,4557,2014-01-31
CHELTENHAM,31,22,24,902,353,9,67,0,101,1295,285,3089,2014-01-31
CHERWELL,37,29,68,1121,497,4,82,0,168,1535,365,3906,2014-01-31
CHESHIRE EAST,114,95,87,2765,1133,58,108,4,486,4267,785,9902,2014-01-31
CHESHIRE WEST AND CHESTER,63,109,55,2176,933,10,184,0,397,3344,650,7921,2014-01-31
CHESTERFIELD,17,15,35,628,258,8,29,0,107,788,161,2046,2014-01-31
CHICHESTER,41,32,52,760,347,1,75,1,226,1586,371,3492,2014-01-31
CHILTERN,25,27,24,639,312,8,19,0,94,920,182,2250,2014-01-31
CHORLEY,61,75,40,669,358,5,68,0,132,982,179,2569,2014-01-31
CHRISTCHURCH,12,20,24,395,157,5,12,0,31,550,120,1326,2014-01-31
CITY OF BRISTOL,46,199,57,3179,1401,27,146,12,301,4699,1044,11111,2014-01-31
CITY OF DERBY,22,122,54,1360,625,8,147,0,102,2214,390,5044,2014-01-31
CITY OF KINGSTON UPON HULL,26,31,83,1313,565,16,98,0,107,1949,352,4540,2014-01-31
CITY OF LONDON,2,139,2,433,111,23,196,0,217,2901,428,4452,2014-01-31
CITY OF NOTTINGHAM,163,90,23,1528,676,18,75,0,190,3014,520,6297,2014-01-31
CITY OF PETERBOROUGH,53,516,140,1160,435,11,111,2,122,2539,419,5508,2014-01-31
CITY OF PLYMOUTH,21,84,50,1647,722,10,125,0,139,2218,457,5473,2014-01-31
CITY OF WESTMINSTER,15,448,15,4699,1127,56,267,2,575,11641,2478,21323,2014-01-31
COLCHESTER,55,42,94,1205,558,9,136,0,198,1724,448,4469,2014-01-31
CONWY,73,32,24,674,269,6,42,0,174,1080,188,2562,2014-01-31
COPELAND,28,9,17,577,192,0,19,0,135,618,135,1730,2014-01-31
CORBY,23,9,64,441,165,1,42,0,43,655,154,1597,2014-01-31
CORNWALL,302,156,287,4021,1629,16,289,5,966,6414,1204,15289,2014-01-31
COTSWOLD,39,25,68,717,264,5,72,1,165,1233,269,2858,2014-01-31
COUNTY DURHAM,75,94,220,4004,1169,48,131,0,531,4949,809,12030,2014-01-31
COVENTRY,49,80,70,1715,761,17,90,0,166,2617,389,5954,2014-01-31
CRAVEN,40,16,14,358,175,0,8,0,106,474,82,1273,2014-01-31
CRAWLEY,5,16,14,854,316,4,44,0,65,1063,268,2649,2014-01-31
CROYDON,5,162,10,2529,1107,29,116,0,206,4527,1083,9774,2014-01-31
DACORUM,31,41,30,941,445,6,48,0,109,1433,310,3394,2014-01-31
DARLINGTON,6,20,30,676,370,5,46,0,68,936,179,2336,2014-01-31
DARTFORD,6,52,47,768,288,3,41,1,80,1299,265,2850,2014-01-31
DAVENTRY,26,13,36,539,246,2,41,0,130,831,172,2036,2014-01-31
DENBIGHSHIRE,41,17,23,607,250,0,24,0,132,850,146,2090,2014-01-31
DERBYSHIRE DALES,38,23,23,444,162,3,37,0,165,695,133,1723,2014-01-31
DONCASTER,61,74,67,1681,732,12,88,0,230,2514,454,5913,2014-01-31
DOVER,9,11,21,791,350,7,34,0,110,1180,202,2715,2014-01-31
DUDLEY,53,65,79,1576,666,9,88,0,193,2407,450,5586,2014-01-31
EALING,4,194,24,2219,914,51,111,0,156,4059,660,8392,2014-01-31
EAST CAMBRIDGESHIRE,28,7,27,688,266,4,28,0,98,744,195,2085,2014-01-31
EAST DEVON,47,47,82,1143,476,13,90,0,184,1525,289,3896,2014-01-31
EAST DORSET,15,20,17,633,264,1,20,0,95,862,191,2118,2014-01-31
EAST HAMPSHIRE,27,31,51,922,358,1,57,3,169,1179,292,3090,2014-01-31
EAST HERTFORDSHIRE,29,49,64,1168,465,10,39,10,136,1491,350,3811,2014-01-31
EAST LINDSEY,83,23,33,893,368,4,52,0,254,1424,206,3340,2014-01-31
EAST NORTHAMPTONSHIRE,36,20,37,822,280,4,49,0,91,938,183,2460,2014-01-31
EAST RIDING OF YORKSHIRE,95,56,108,2162,867,9,110,0,349,3056,548,7360,2014-01-31
EAST STAFFORDSHIRE,45,20,29,679,298,7,38,0,152,1068,228,2564,2014-01-31
EASTBOURNE,1,87,10,788,359,5,41,0,42,1245,272,2850,2014-01-31
EASTLEIGH,14,31,46,990,378,9,46,0,82,1160,284,3040,2014-01-31
EDEN,69,22,25,433,182,3,25,0,86,575,88,1508,2014-01-31
ELMBRIDGE,9,79,27,1362,594,6,52,0,158,2065,459,4811,2014-01-31
ENFIELD,6,146,13,2078,761,18,108,0,148,3836,696,7810,2014-01-31
EPPING FOREST,31,34,23,968,388,7,33,0,159,1698,287,3628,2014-01-31
EPSOM AND EWELL,3,17,10,593,308,4,26,0,41,831,228,2061,2014-01-31
EREWASH,30,7,17,889,359,5,36,0,88,927,173,2531,2014-01-31
EXETER,12,31,42,973,334,3,56,0,98,1025,189,2763,2014-01-31
FAREHAM,26,37,27,781,287,6,14,0,79,921,205,2383,2014-01-31
FENLAND,50,16,43,677,269,3,36,7,115,823,156,2195,2014-01-31
FLINTSHIRE,69,26,37,812,326,2,58,0,177,1295,218,3020,2014-01-31
FOREST HEATH,12,9,40,444,193,1,57,0,78,618,190,1642,2014-01-31
FOREST OF DEAN,65,15,49,533,217,0,30,0,109,896,122,2036,2014-01-31
FYLDE,18,37,14,2291,231,1,45,0,95,1106,137,3975,2014-01-31
GATESHEAD,32,65,65,1627,525,14,58,0,151,1898,333,4768,2014-01-31
GEDLING,24,12,36,1377,339,4,38,0,81,996,168,3075,2014-01-31
GLOUCESTER,8,46,44,842,456,5,63,0,137,1101,257,2959,2014-01-31
GOSPORT,12,13,18,572,272,5,12,0,54,675,161,1794,2014-01-31
GRAVESHAM,6,17,13,594,251,6,29,0,64,935,160,2075,2014-01-31
GREAT YARMOUTH,36,20,22,756,260,9,18,0,91,834,154,2200,2014-01-31
GREENWICH,1,296,20,1767,711,17,230,1,120,3171,636,6970,2014-01-31
GUILDFORD,5,28,19,1137,431,2,36,0,192,1638,316,3804,2014-01-31
GWYNEDD,138,12,46,750,291,3,44,0,258,1188,144,2874,2014-01-31
HACKNEY,1,177,7,1553,668,17,140,0,170,3739,701,7173,2014-01-31
HALTON,21,36,27,758,258,4,30,0,76,1054,240,2504,2014-01-31
HAMBLETON,40,10,30,548,245,2,42,0,156,856,172,2101,2014-01-31
HAMMERSMITH AND FULHAM,0,177,20,1928,777,82,97,0,149,4211,854,8295,2014-01-31
HARBOROUGH,27,23,58,595,228,3,60,0,107,702,159,1962,2014-01-31
HARINGEY,4,161,10,1783,765,20,118,0,102,3466,575,7004,2014-01-31
HARLOW,4,16,32,491,209,1,47,0,54,799,241,1894,2014-01-31
HARROGATE,50,32,30,1080,487,5,57,0,213,1613,324,3891,2014-01-31
HARROW,3,97,15,1453,582,4,60,2,106,2567,442,5331,2014-01-31
HART,23,17,52,722,314,1,43,0,121,881,205,2379,2014-01-31
HARTLEPOOL,13,23,28,547,160,7,27,0,47,672,105,1629,2014-01-31
HASTINGS,5,47,17,687,324,4,23,0,73,1201,253,2634,2014-01-31
HAVANT,19,19,29,815,332,13,54,6,89,1038,252,2666,2014-01-31
HAVERING,30,75,76,1634,633,4,113,2,147,2380,416,5510,2014-01-31
HEREFORDSHIRE,75,29,67,1149,459,9,68,2,260,1618,355,4091,2014-01-31
HERTSMERE,8,51,23,669,359,6,37,0,69,1177,262,2661,2014-01-31
HIGH PEAK,34,7,13,700,232,2,13,0,163,1022,185,2371,2014-01-31
HILLINGDON,1,94,40,1663,748,6,137,1,216,2772,604,6282,2014-01-31
HINCKLEY AND BOSWORTH,35,21,72,796,310,6,57,0,88,1008,183,2576,2014-01-31
HORSHAM,32,45,63,1117,458,2,141,1,191,1537,342,3929,2014-01-31
HOUNSLOW,6,143,14,1662,701,16,83,0,149,3043,593,6410,2014-01-31
HUNTINGDONSHIRE,49,26,91,1519,541,8,77,1,166,1613,438,4529,2014-01-31
HYNDBURN,22,14,8,523,212,8,8,0,129,1027,141,2092,2014-01-31
IPSWICH,38,21,27,868,368,3,30,0,73,1209,190,2827,2014-01-31
ISLE OF ANGLESEY,77,7,27,518,190,1,16,0,100,563,75,1574,2014-01-31
ISLE OF WIGHT,51,28,44,1010,452,3,64,0,190,1427,343,3612,2014-01-31
ISLES OF SCILLY,2,0,1,11,4,0,6,0,3,30,2,59,2014-01-31
ISLINGTON,6,183,10,1624,734,24,195,0,173,3863,681,7493,2014-01-31
KENSINGTON AND CHELSEA,7,365,11,1993,886,50,116,0,343,5940,1147,10858,2014-01-31
KETTERING,34,26,33,676,332,4,21,0,68,899,207,2300,2014-01-31
KING'S LYNN AND WEST NORFOLK,63,47,72,1062,448,12,52,5,235,1465,270,3731,2014-01-31
KINGSTON UPON THAMES,2,67,6,1900,587,4,33,0,96,2056,401,5152,2014-01-31
KIRKLEES,79,85,76,2469,1005,14,119,1,319,3907,606,8680,2014-01-31
KNOWSLEY,14,36,30,764,239,17,44,0,104,1292,328,2868,2014-01-31
LAMBETH,8,307,15,2856,1184,87,239,0,195,5829,988,11708,2014-01-31
LANCASTER,67,31,10,909,329,10,39,0,180,1162,204,2941,2014-01-31
LEEDS,111,215,183,4326,1880,37,271,0,661,7028,1154,15866,2014-01-31
LEICESTER,16,52,29,1382,713,11,68,0,205,2082,454,5012,2014-01-31
LEWES,10,28,12,803,339,4,28,0,111,1125,210,2670,2014-01-31
LEWISHAM,0,263,18,2150,899,21,139,0,125,3758,815,8188,2014-01-31
LICHFIELD,19,22,20,653,310,10,33,3,102,912,165,2249,2014-01-31
LINCOLN,15,29,31,673,282,2,25,0,80,784,129,2050,2014-01-31
LIVERPOOL,85,313,73,3099,1090,104,173,0,328,5134,871,11270,2014-01-31
LUTON,19,33,14,1213,494,6,32,0,98,1978,308,4195,2014-01-31
MACCLESFIELD,0,0,0,0,0,1,0,0,0,0,0,1,2014-01-31
MAIDSTONE,5,33,39,1148,484,7,57,0,201,1811,367,4152,2014-01-31
MALDON,24,5,11,444,202,4,17,0,96,696,149,1648,2014-01-31
MALVERN HILLS,68,11,25,476,166,2,18,0,110,703,143,1722,2014-01-31
MANCHESTER,31,226,66,2836,1208,23,178,1,452,6520,1325,12866,2014-01-31
MANSFIELD,17,16,29,609,244,5,41,0,70,866,165,2062,2014-01-31
MEDWAY,9,72,31,1755,725,15,91,0,163,2873,509,6243,2014-01-31
MELTON,23,8,18,349,137,1,11,0,84,404,94,1129,2014-01-31
MENDIP,48,12,54,842,338,3,57,0,163,1131,249,2897,2014-01-31
MERTHYR TYDFIL,10,9,19,322,103,0,18,0,68,463,71,1083,2014-01-31
MERTON,3,92,30,1582,715,6,58,0,90,2706,521,5803,2014-01-31
MID DEVON,28,20,31,574,208,6,33,0,104,797,136,1937,2014-01-31
MID SUFFOLK,42,9,55,677,292,15,69,0,135,820,208,2322,2014-01-31
MID SUSSEX,15,94,75,1154,496,1,80,0,166,1542,367,3990,2014-01-31
MIDDLESBROUGH,16,47,20,802,274,7,41,0,69,1153,176,2605,2014-01-31
MILTON KEYNES,30,87,137,1768,676,11,198,1,185,2540,839,6472,2014-01-31
MOLE VALLEY,3,24,22,659,277,6,23,3,113,1061,252,2443,2014-01-31
MONMOUTHSHIRE,63,17,52,591,249,1,24,0,125,964,194,2280,2014-01-31
NEATH PORT TALBOT,38,25,69,792,285,5,28,0,175,1187,174,2778,2014-01-31
NEW FOREST,42,35,67,1263,553,10,51,0,138,1756,347,4262,2014-01-31
NEWARK AND SHERWOOD,36,18,70,823,329,3,50,0,150,1050,229,2758,2014-01-31
NEWCASTLE UPON TYNE,54,78,104,2228,692,14,54,0,219,2615,491,6549,2014-01-31
NEWCASTLE-UNDER-LYME,25,21,77,730,303,2,35,0,118,896,184,2391,2014-01-31
NEWHAM,10,241,33,1582,631,12,125,0,153,3421,587,6795,2014-01-31
NEWPORT,28,50,47,905,308,9,33,0,145,1641,180,3346,2014-01-31
NORTH CORNWALL,0,0,0,0,0,0,0,0,0,1,0,1,2014-01-31
NORTH DEVON,40,14,28,703,302,11,44,0,118,999,144,2403,2014-01-31
NORTH DORSET,30,13,30,486,217,1,31,0,104,550,134,1596,2014-01-31
NORTH EAST DERBYSHIRE,44,10,27,598,210,1,22,0,118,789,125,1944,2014-01-31
NORTH EAST LINCOLNSHIRE,23,37,41,992,387,11,47,0,120,1359,216,3233,2014-01-31
NORTH HERTFORDSHIRE,12,33,23,922,366,7,40,1,121,1245,348,3118,2014-01-31
NORTH KESTEVEN,66,12,68,799,304,2,27,0,153,1058,257,2746,2014-01-31
NORTH LINCOLNSHIRE,108,26,59,908,369,6,41,0,160,1600,226,3503,2014-01-31
NORTH NORFOLK,49,26,44,731,271,1,50,0,180,1006,213,2571,2014-01-31
NORTH SOMERSET,48,47,57,1576,753,10,121,0,220,2263,513,5608,2014-01-31
NORTH TYNESIDE,35,58,35,2099,558,5,58,0,128,1774,300,5050,2014-01-31
NORTH WARWICKSHIRE,20,6,19,481,171,4,35,3,78,673,98,1588,2014-01-31
NORTH WEST LEICESTERSHIRE,29,20,72,642,283,31,49,0,132,993,196,2447,2014-01-31
NORTHAMPTON,50,58,67,1651,678,5,108,0,157,2091,509,5374,2014-01-31
NORTHUMBERLAND,103,67,133,3469,698,15,111,0,368,3152,527,8643,2014-01-31
NORWICH,3,73,26,955,380,7,53,2,118,1276,244,3137,2014-01-31
NUNEATON AND BEDWORTH,21,18,18,726,308,11,26,0,78,935,185,2326,2014-01-31
OADBY AND WIGSTON,7,11,2,269,122,0,2,0,29,422,73,937,2014-01-31
OLDHAM,27,54,29,1599,498,6,54,0,225,2288,351,5131,2014-01-31
OXFORD,12,37,13,853,309,0,30,0,124,1424,230,3032,2014-01-31
PEMBROKESHIRE,83,9,45,941,272,3,32,1,203,1074,209,2872,2014-01-31
PENDLE,39,18,17,549,239,3,18,0,117,797,111,1908,2014-01-31
POOLE,9,58,23,1259,489,5,52,0,83,1554,334,3866,2014-01-31
PORTSMOUTH,36,62,14,1230,511,11,41,0,110,1954,371,4340,2014-01-31
POWYS,92,11,62,993,327,14,48,0,213,1366,203,3329,2014-01-31
PRESTON,17,110,18,1072,356,7,39,0,122,1279,303,3323,2014-01-31
PURBECK,18,13,7,282,102,0,7,0,60,485,107,1081,2014-01-31
READING,11,61,26,1217,571,16,61,0,96,2065,304,4428,2014-01-31
REDBRIDGE,19,84,9,1753,778,5,58,0,135,2816,448,6105,2014-01-31
REDCAR AND CLEVELAND,14,30,62,819,297,2,33,0,77,1021,173,2528,2014-01-31
REDDITCH,21,10,13,624,241,2,18,0,73,710,163,1875,2014-01-31
REIGATE AND BANSTEAD,3,62,55,1191,497,2,73,0,142,1847,459,4331,2014-01-31
RESTORMEL,0,0,0,0,0,0,0,0,0,1,0,1,2014-01-31
RHONDDA CYNON TAFF,99,28,59,1316,597,17,60,0,237,2123,290,4826,2014-01-31
RIBBLE VALLEY,34,12,18,397,160,0,12,0,138,549,101,1421,2014-01-31
RICHMOND UPON THAMES,2,140,18,1880,776,7,53,0,114,2796,502,6288,2014-01-31
RICHMONDSHIRE,38,8,20,358,200,0,14,0,70,423,63,1194,2014-01-31
ROCHDALE,15,70,56,1304,470,13,59,0,155,2116,310,4568,2014-01-31
ROCHFORD,29,16,18,580,257,2,38,0,103,633,95,1771,2014-01-31
ROSSENDALE,20,25,32,496,183,3,25,0,143,754,133,1814,2014-01-31
ROTHER,12,27,24,782,338,7,47,0,130,1283,267,2917,2014-01-31
ROTHERHAM,34,57,89,1497,609,14,89,0,183,2204,398,5174,2014-01-31
RUGBY,22,13,44,797,259,3,54,0,116,1039,217,2564,2014-01-31
RUNNYMEDE,5,12,29,627,267,0,23,0,55,973,204,2195,2014-01-31
RUSHCLIFFE,20,24,42,1166,327,2,45,0,117,929,196,2868,2014-01-31
RUSHMOOR,15,38,14,671,264,5,58,0,51,933,228,2277,2014-01-31
RUTLAND,16,9,15,587,87,1,21,0,50,358,81,1225,2014-01-31
RYEDALE,37,4,29,309,144,2,26,0,68,529,69,1217,2014-01-31
SALFORD,26,258,58,2492,560,16,101,0,241,2946,579,7277,2014-01-31
SANDWELL,18,55,68,1356,575,12,94,0,174,2532,500,5384,2014-01-31
SCARBOROUGH,55,23,51,664,305,9,22,0,138,955,285,2507,2014-01-31
SEDGEMOOR,52,26,47,866,341,20,89,0,158,1027,276,2902,2014-01-31
SEFTON,65,40,39,1566,678,14,63,0,146,2442,496,5549,2014-01-31
SELBY,35,5,37,583,260,4,25,0,158,1044,181,2332,2014-01-31
SEVENOAKS,3,32,39,875,391,1,26,0,120,1284,266,3037,2014-01-31
SHEFFIELD,123,90,107,3595,1436,16,133,0,512,4837,886,11735,2014-01-31
SHEPWAY,11,32,21,771,473,10,42,0,91,1206,235,2892,2014-01-31
SHROPSHIRE,169,44,140,1957,783,12,134,0,482,2870,570,7161,2014-01-31
SLOUGH,10,38,23,797,311,4,41,0,79,1656,345,3304,2014-01-31
SOLIHULL,24,42,53,1507,654,2,89,0,147,2076,350,4944,2014-01-31
SOUTH BUCKS,14,21,22,473,242,1,32,0,92,979,214,2090,2014-01-31
SOUTH CAMBRIDGESHIRE,40,46,112,1147,543,13,140,2,169,1398,335,3945,2014-01-31
SOUTH DERBYSHIRE,15,12,37,661,280,4,66,0,107,931,165,2278,2014-01-31
SOUTH GLOUCESTERSHIRE,75,75,116,1790,775,11,174,0,255,2178,509,5958,2014-01-31
SOUTH HAMS,16,19,51,725,309,9,49,0,148,1219,226,2771,2014-01-31
SOUTH HOLLAND,34,13,44,584,221,1,33,0,91,683,148,1852,2014-01-31
SOUTH KESTEVEN,58,31,58,975,402,5,64,3,157,1112,231,3096,2014-01-31
SOUTH LAKELAND,61,21,34,928,306,1,46,0,197,1276,218,3088,2014-01-31
SOUTH NORFOLK,49,14,133,907,389,8,78,3,177,1131,314,3203,2014-01-31
SOUTH NORTHAMPTONSHIRE,27,7,46,722,262,2,44,1,99,800,203,2213,2014-01-31
SOUTH OXFORDSHIRE,18,49,62,990,429,4,79,0,136,1476,389,3632,2014-01-31
SOUTH RIBBLE,49,20,29,733,283,4,32,0,142,946,131,2369,2014-01-31
SOUTH SOMERSET,55,25,75,1098,431,4,94,2,240,1425,329,3778,2014-01-31
SOUTH STAFFORDSHIRE,39,4,12,537,251,2,25,0,106,908,158,2042,2014-01-31
SOUTH TYNESIDE,11,30,45,900,301,13,48,0,67,1179,212,2806,2014-01-31
SOUTHAMPTON,34,85,35,1715,587,9,77,0,109,2209,437,5297,2014-01-31
SOUTHEND-ON-SEA,23,46,19,1356,561,3,63,0,81,2169,365,4686,2014-01-31
SOUTHWARK,5,264,16,2114,959,29,211,0,359,5543,903,10403,2014-01-31
SPELTHORNE,0,67,16,813,351,22,55,0,49,1040,210,2623,2014-01-31
ST ALBANS,18,79,47,1056,494,2,65,1,108,1564,350,3784,2014-01-31
ST EDMUNDSBURY,36,16,31,768,303,5,45,1,163,917,231,2516,2014-01-31
ST HELENS,34,64,20,1151,372,6,57,0,246,1834,300,4084,2014-01-31
STAFFORD,49,60,31,787,340,4,41,0,151,1027,228,2718,2014-01-31
STAFFORDSHIRE MOORLANDS,43,26,36,587,251,5,30,0,135,884,120,2117,2014-01-31
STEVENAGE,3,18,21,502,204,3,26,0,36,586,165,1564,2014-01-31
STOCKPORT,66,44,47,2904,805,7,30,0,232,2702,469,7306,2014-01-31
STOCKTON-ON-TEES,19,59,81,1182,444,4,43,0,132,1662,328,3954,2014-01-31
STOKE-ON-TRENT,36,28,54,1395,601,13,81,0,179,2245,340,4972,2014-01-31
STRATFORD-ON-AVON,53,20,54,955,389,9,52,1,220,1472,310,3535,2014-01-31
STROUD,39,44,74,786,328,6,98,0,163,1085,284,2907,2014-01-31
SUFFOLK COASTAL,57,22,32,884,341,13,50,0,211,1233,263,3106,2014-01-31
SUNDERLAND,29,84,108,1856,495,9,90,0,144,1843,318,4976,2014-01-31
SURREY HEATH,4,22,21,703,291,1,9,0,79,1028,172,2330,2014-01-31
SUTTON,4,93,16,1506,613,7,89,0,61,2097,488,4974,2014-01-31
SWALE,8,18,34,894,375,5,30,0,172,1383,311,3230,2014-01-31
SWANSEA,44,49,52,1733,554,21,65,0,267,2006,346,5137,2014-01-31
SWINDON,28,55,90,1469,670,9,83,0,140,1773,442,4759,2014-01-31
TAMESIDE,38,41,38,1866,491,6,92,0,171,1965,384,5092,2014-01-31
TAMWORTH,6,13,20,500,192,2,27,0,58,692,119,1629,2014-01-31
TANDRIDGE,4,18,35,727,292,2,31,0,117,1075,238,2539,2014-01-31
TAUNTON DEANE,42,25,77,817,327,2,86,0,130,1086,252,2844,2014-01-31
TEIGNBRIDGE,28,28,73,1044,410,9,98,2,183,1562,280,3717,2014-01-31
TENDRING,77,22,27,865,444,2,46,0,206,1228,222,3139,2014-01-31
TEST VALLEY,31,43,53,976,376,13,62,0,127,987,232,2900,2014-01-31
TEWKESBURY,19,19,53,635,323,4,64,0,93,836,183,2229,2014-01-31
THANET,5,38,19,940,393,7,38,0,90,1465,296,3291,2014-01-31
THE VALE OF GLAMORGAN,24,34,22,781,344,8,26,0,139,1319,217,2914,2014-01-31
THREE RIVERS,7,16,75,561,289,2,22,0,68,1064,162,2266,2014-01-31
THURROCK,20,32,37,1015,421,1,43,4,105,1890,395,3963,2014-01-31
TONBRIDGE AND MALLING,1,18,55,893,373,6,80,0,134,1226,282,3068,2014-01-31
TORBAY,20,37,21,968,395,4,40,0,107,1281,291,3164,2014-01-31
TORFAEN,18,24,26,454,182,4,18,0,73,694,182,1675,2014-01-31
TORRIDGE,44,23,31,533,206,7,29,2,113,690,113,1791,2014-01-31
TOWER HAMLETS,3,341,7,1996,875,12,510,1,260,5756,1193,10954,2014-01-31
TRAFFORD,48,34,19,1585,629,8,43,0,221,2481,453,5521,2014-01-31
TUNBRIDGE WELLS,2,29,19,932,386,7,48,0,121,1739,333,3616,2014-01-31
UTTLESFORD,31,11,70,534,289,1,41,3,134,1241,181,2536,2014-01-31
VALE OF WHITE HORSE,10,33,65,846,377,3,131,1,157,1622,285,3530,2014-01-31
WAKEFIELD,40,53,81,1678,700,14,124,0,263,3119,518,6590,2014-01-31
WALSALL,32,40,49,1271,542,13,87,0,162,2001,362,4559,2014-01-31
WALTHAM FOREST,24,131,29,1657,704,6,57,1,117,2966,534,6226,2014-01-31
WANDSWORTH,2,414,25,3202,1436,15,225,0,192,6756,1090,13357,2014-01-31
WARRINGTON,87,89,25,1366,574,4,93,0,210,2142,390,4980,2014-01-31
WARWICK,27,39,33,1103,421,7,35,0,149,1419,263,3496,2014-01-31
WATFORD,4,70,30,670,304,4,67,1,60,1187,261,2658,2014-01-31
WAVENEY,49,17,15,751,315,2,19,0,106,982,200,2456,2014-01-31
WAVERLEY,6,36,42,1056,394,3,50,0,198,1558,321,3664,2014-01-31
WEALDEN,40,38,72,1177,529,3,117,0,183,1655,403,4217,2014-01-31
WELLINGBOROUGH,27,17,16,533,207,3,20,0,71,637,136,1667,2014-01-31
WELWYN HATFIELD,13,33,13,663,310,2,31,2,91,1124,293,2575,2014-01-31
WEST BERKSHIRE,14,61,44,1200,510,5,61,0,188,1731,433,4247,2014-01-31
WEST DEVON,21,5,46,400,154,6,28,0,77,657,106,1500,2014-01-31
WEST DORSET,53,38,73,812,307,4,48,0,165,1051,254,2805,2014-01-31
WEST LANCASHIRE,48,16,29,699,218,30,32,0,133,1073,210,2488,2014-01-31
WEST LINDSEY,81,21,68,589,259,7,43,0,131,737,139,2075,2014-01-31
WEST OXFORDSHIRE,25,14,22,883,405,7,41,1,109,1125,263,2895,2014-01-31
WEST SOMERSET,20,5,21,259,95,0,8,0,69,351,66,894,2014-01-31
WEYMOUTH AND PORTLAND,25,9,9,425,163,1,16,1,57,569,101,1376,2014-01-31
WIGAN,84,88,45,2658,754,21,76,0,344,2913,498,7481,2014-01-31
WILTSHIRE,200,112,254,4843,1487,13,270,0,604,4224,980,12987,2014-01-31
WINCHESTER,41,47,42,880,382,4,81,0,128,1207,330,3142,2014-01-31
WINDSOR AND MAIDENHEAD,22,56,44,1287,521,20,63,1,189,2177,365,4745,2014-01-31
WIRRAL,38,91,24,1776,700,10,48,0,183,2892,496,6258,2014-01-31
WOKING,2,41,12,810,372,5,64,0,91,1212,276,2885,2014-01-31
WOKINGHAM,5,45,44,1286,550,14,88,0,97,1536,381,4046,2014-01-31
WOLVERHAMPTON,39,41,51,1044,528,6,73,0,176,1638,246,3842,2014-01-31
WORCESTER,21,28,16,701,297,8,31,0,88,890,195,2275,2014-01-31
WREKIN,31,52,57,1006,406,4,97,0,171,1495,380,3699,2014-01-31
WORTHING,11,63,10,936,374,2,21,0,49,1133,228,2827,2014-01-31
WREXHAM,27,23,26,690,253,7,32,0,146,1006,126,2336,2014-01-31
WYCHAVON,53,13,83,733,339,7,82,3,165,1251,275,3004,2014-01-31
WYCOMBE,47,30,35,1211,516,4,75,1,146,1810,394,4269,2014-01-31
WYRE,53,20,27,716,224,3,33,0,135,896,116,2223,2014-01-31
WYRE FOREST,52,29,35,580,205,3,33,0,96,655,132,1820,2014-01-31
YORK,64,67,54,1275,590,10,49,2,169,1529,329,4138,2014-01-31
Total,10211,14553,10607,348830,151582,2896,27668,126,39355,413936,81967,1101731,2013-12-31
ALL COUNTIES,32,0,0,1,0,0,0,0,0,15,39,87,2013-12-31
ADUR,11,15,8,432,188,6,15,0,19,364,78,1136,2013-12-31
ALLERDALE,47,7,31,852,237,6,64,0,121,588,102,2055,2013-12-31
AMBER VALLEY,44,8,15,759,320,1,40,0,110,770,119,2186,2013-12-31
ARUN,11,21,28,993,484,5,77,0,108,1314,260,3301,2013-12-31
ASHFIELD,22,14,26,603,350,6,80,0,55,637,139,1932,2013-12-31
ASHFORD,11,13,28,821,428,4,48,0,85,1056,249,2743,2013-12-31
AYLESBURY VALE,35,41,121,1219,486,38,240,7,182,1225,248,3842,2013-12-31
BABERGH,35,4,21,565,218,3,60,0,70,494,109,1579,2013-12-31
BARKING AND DAGENHAM,5,28,32,869,315,6,110,0,47,1272,231,2915,2013-12-31
BARNET,132,153,32,2165,951,15,130,0,157,3554,686,7975,2013-12-31
BARNSLEY,47,41,58,1207,537,7,95,0,146,1315,255,3708,2013-12-31
BARROW-IN-FURNESS,14,8,2,469,169,1,26,0,31,366,57,1143,2013-12-31
BASILDON,24,20,23,1160,412,3,71,1,84,1059,221,3078,2013-12-31
BASINGSTOKE AND DEANE,32,102,40,1106,460,15,90,0,136,1115,302,3398,2013-12-31
BASSETLAW,31,11,25,600,291,4,42,0,83,760,134,1981,2013-12-31
BATH AND NORTH EAST SOMERSET,51,36,44,1164,503,0,114,0,169,1543,293,3917,2013-12-31
BEDFORD,20,66,45,995,404,8,180,1,109,993,191,3012,2013-12-31
BEXLEY,9,80,16,1453,639,3,81,0,76,1452,249,4058,2013-12-31
BIRMINGHAM,87,274,96,4766,1922,40,342,0,509,6879,1050,15965,2013-12-31
BLABY,18,15,27,554,253,0,68,0,37,484,96,1552,2013-12-31
BLACKBURN WITH DARWEN,17,21,10,674,311,7,43,1,112,1107,198,2501,2013-12-31
BLACKPOOL,38,6,2,1609,345,6,6,0,93,1000,114,3219,2013-12-31
BLAENAU GWENT,22,11,4,355,146,1,10,0,61,452,41,1103,2013-12-31
BOLSOVER,14,7,20,506,192,2,33,0,46,436,85,1341,2013-12-31
BOLTON,31,65,28,1409,609,16,64,0,177,2240,340,4979,2013-12-31
BOSTON,20,10,10,339,164,3,11,0,58,417,69,1101,2013-12-31
BOURNEMOUTH,41,122,18,1381,541,8,82,0,134,1492,355,4174,2013-12-31
BRACKNELL FOREST,6,18,34,818,340,1,78,0,71,947,240,2553,2013-12-31
BRADFORD,83,122,106,2118,962,21,188,0,268,3004,443,7315,2013-12-31
BRAINTREE,35,8,33,948,444,6,37,1,139,1023,265,2939,2013-12-31
BRECKLAND,66,14,53,829,380,13,103,3,126,817,224,2628,2013-12-31
BRENT,0,148,3,1513,726,3,124,0,124,2612,493,5746,2013-12-31
BRENTWOOD,11,27,9,534,251,3,17,0,76,596,95,1619,2013-12-31
BRIDGEND,35,51,29,955,376,9,83,0,123,916,134,2711,2013-12-31
BRIGHTON AND HOVE,16,176,13,1939,979,12,100,0,128,2588,593,6544,2013-12-31
BROADLAND,57,9,24,820,337,2,30,0,122,729,135,2265,2013-12-31
BROMLEY,12,106,43,2290,965,11,143,0,136,2661,549,6916,2013-12-31
BROMSGROVE,21,8,33,581,274,1,35,0,67,634,115,1769,2013-12-31
BROXBOURNE,6,17,35,638,240,11,38,2,51,616,159,1813,2013-12-31
BROXTOWE,18,4,23,582,263,2,6,1,73,583,103,1658,2013-12-31
BURNLEY,13,14,19,1089,265,7,20,0,73,784,91,2375,2013-12-31
BURY,18,23,17,969,458,3,55,0,113,1399,259,3314,2013-12-31
CAERPHILLY,30,25,33,1011,456,18,72,0,101,1061,181,2988,2013-12-31
CALDERDALE,34,14,33,1058,544,10,81,0,147,1259,224,3404,2013-12-31
CAMBRIDGE,19,120,39,663,274,14,162,1,108,752,127,2279,2013-12-31
CAMDEN,0,173,3,1459,700,23,224,0,177,3914,711,7384,2013-12-31
CANNOCK CHASE,17,15,28,564,270,2,31,0,52,527,136,1642,2013-12-31
CANTERBURY,6,27,36,1040,455,9,38,0,93,1039,237,2980,2013-12-31
CARDIFF,26,113,19,2116,864,8,67,0,168,2677,469,6527,2013-12-31
CARLISLE,30,9,27,665,263,1,59,0,116,632,98,1900,2013-12-31
CARMARTHENSHIRE,97,18,41,1038,381,9,124,1,257,1132,193,3291,2013-12-31
CASTLE POINT,35,3,11,570,229,4,22,0,96,458,64,1492,2013-12-31
CENTRAL BEDFORDSHIRE,35,59,168,1867,2429,13,213,2,190,1686,416,7078,2013-12-31
CEREDIGION,47,4,11,362,150,2,12,0,95,498,49,1230,2013-12-31
CHARNWOOD,19,14,61,902,418,5,84,3,93,865,200,2664,2013-12-31
CHELMSFORD,27,53,22,1721,480,5,53,0,119,1136,244,3860,2013-12-31
CHELTENHAM,33,64,26,769,354,5,55,0,81,904,172,2463,2013-12-31
CHERWELL,26,37,33,881,439,8,79,1,114,959,299,2876,2013-12-31
CHESHIRE EAST,60,77,55,2429,1068,59,186,0,297,2653,536,7420,2013-12-31
CHESHIRE WEST AND CHESTER,46,101,58,2154,766,12,168,0,239,2292,458,6294,2013-12-31
CHESTER,0,0,0,0,0,0,0,0,1,0,0,1,2013-12-31
CHESTERFIELD,17,23,19,583,244,6,35,0,59,501,107,1594,2013-12-31
CHICHESTER,40,23,29,757,329,4,77,1,151,1102,214,2727,2013-12-31
CHILTERN,27,17,28,602,265,15,33,4,60,946,171,2168,2013-12-31
CHORLEY,29,34,18,610,239,5,94,0,104,707,119,1959,2013-12-31
CHRISTCHURCH,6,12,5,329,178,7,20,0,30,408,87,1082,2013-12-31
CITY OF BRISTOL,58,221,35,3419,1272,39,155,0,223,3220,742,9384,2013-12-31
CITY OF DERBY,18,23,42,1335,549,8,160,0,106,1573,281,4095,2013-12-31
CITY OF KINGSTON UPON HULL,26,31,51,1023,513,17,132,0,84,1170,209,3256,2013-12-31
CITY OF LONDON,10,136,1,361,178,174,97,0,126,1504,254,2841,2013-12-31
CITY OF NOTTINGHAM,128,90,24,1272,607,25,66,0,179,2062,303,4756,2013-12-31
CITY OF PETERBOROUGH,45,73,65,968,422,4,221,5,87,1425,292,3607,2013-12-31
CITY OF PLYMOUTH,26,39,30,1510,682,7,125,1,87,1632,362,4501,2013-12-31
CITY OF WESTMINSTER,7,370,17,2793,1267,23,280,4,452,8431,1853,15497,2013-12-31
COLCHESTER,23,25,59,1148,560,14,191,0,155,1142,295,3612,2013-12-31
CONWY,71,48,9,625,274,3,24,0,128,712,121,2015,2013-12-31
COPELAND,25,6,10,376,157,0,18,0,88,500,91,1271,2013-12-31
CORBY,7,3,37,348,182,2,87,0,37,462,125,1290,2013-12-31
CORNWALL,325,116,205,5258,1547,19,417,1,697,4051,859,13495,2013-12-31
COTSWOLD,24,11,42,623,281,3,73,0,120,748,213,2138,2013-12-31
COUNTY DURHAM,83,103,124,2905,1233,34,248,0,398,3254,642,9024,2013-12-31
COVENTRY,33,58,61,1438,634,10,116,0,140,1862,274,4626,2013-12-31
CRAVEN,29,7,17,341,155,2,16,0,61,317,68,1013,2013-12-31
CRAWLEY,5,9,16,630,253,9,42,0,32,811,180,1987,2013-12-31
CROYDON,11,135,14,2248,993,10,173,2,129,2894,638,7247,2013-12-31
DACORUM,25,20,28,1078,487,6,68,1,90,1120,233,3156,2013-12-31
DARLINGTON,14,17,11,716,348,9,19,0,41,602,151,1928,2013-12-31
DARTFORD,5,35,42,647,265,3,116,0,46,724,210,2093,2013-12-31
DAVENTRY,24,9,37,503,268,4,50,2,61,547,132,1637,2013-12-31
DENBIGHSHIRE,57,16,19,566,248,3,30,0,111,700,110,1860,2013-12-31
DERBYSHIRE DALES,46,7,19,433,187,8,34,0,166,543,145,1588,2013-12-31
DONCASTER,87,51,60,1549,685,10,109,0,186,1922,351,5010,2013-12-31
DOVER,8,7,16,702,332,11,25,0,77,756,122,2056,2013-12-31
DUDLEY,38,68,66,1424,619,13,94,0,173,1907,266,4668,2013-12-31
EALING,8,130,16,1977,870,25,105,0,129,2878,507,6645,2013-12-31
EAST CAMBRIDGESHIRE,29,3,20,558,255,5,35,0,79,508,117,1609,2013-12-31
EAST DEVON,38,36,68,945,412,7,164,0,133,990,189,2982,2013-12-31
EAST DORSET,14,23,14,588,249,0,23,0,75,603,118,1707,2013-12-31
EAST HAMPSHIRE,38,26,21,828,374,4,86,0,129,784,188,2478,2013-12-31
EAST HERTFORDSHIRE,30,68,44,1059,423,5,54,0,110,1053,207,3053,2013-12-31
EAST LINDSEY,70,11,20,1017,385,3,58,0,137,796,148,2645,2013-12-31
EAST NORTHAMPTONSHIRE,27,15,24,1418,245,2,76,0,67,595,109,2578,2013-12-31
EAST RIDING OF YORKSHIRE,94,77,73,2221,858,6,112,0,297,2345,329,6412,2013-12-31
EAST STAFFORDSHIRE,31,21,14,601,275,3,53,1,100,717,125,1941,2013-12-31
EASTBOURNE,2,73,4,675,296,5,44,0,36,885,224,2244,2013-12-31
EASTLEIGH,27,23,28,964,429,9,65,0,75,887,221,2728,2013-12-31
EDEN,41,10,31,378,129,2,28,0,91,460,75,1245,2013-12-31
ELMBRIDGE,13,34,27,1173,554,6,81,0,149,1387,342,3766,2013-12-31
ENFIELD,3,123,19,1697,799,4,66,3,86,2800,490,6090,2013-12-31
EPPING FOREST,11,52,17,1543,364,2,40,3,119,1049,177,3377,2013-12-31
EPSOM AND EWELL,4,20,10,517,230,1,31,0,26,595,128,1562,2013-12-31
EREWASH,11,23,20,783,383,2,43,0,59,635,126,2085,2013-12-31
EXETER,15,32,29,792,360,4,74,0,70,814,192,2382,2013-12-31
FAREHAM,22,19,26,827,338,1,57,0,60,716,153,2219,2013-12-31
FENLAND,33,4,21,637,283,5,60,3,97,626,135,1904,2013-12-31
FLINTSHIRE,50,28,24,818,329,5,58,0,150,866,142,2470,2013-12-31
FOREST HEATH,13,10,18,356,186,1,37,0,51,470,143,1285,2013-12-31
FOREST OF DEAN,70,5,21,487,212,2,36,6,78,482,83,1482,2013-12-31
FYLDE,15,26,9,536,235,1,49,0,78,736,120,1805,2013-12-31
GATESHEAD,14,59,68,1083,456,10,86,0,108,1249,211,3344,2013-12-31
GEDLING,13,11,23,647,374,1,56,0,53,666,121,1965,2013-12-31
GLOUCESTER,11,26,23,785,462,10,88,7,111,764,128,2415,2013-12-31
GOSPORT,11,9,5,546,237,7,19,0,24,437,126,1421,2013-12-31
GRAVESHAM,3,73,14,520,247,1,34,0,51,647,134,1724,2013-12-31
GREAT YARMOUTH,29,8,18,629,237,4,26,0,53,526,112,1642,2013-12-31
GREENWICH,1,214,27,1512,618,10,180,0,90,2291,549,5492,2013-12-31
GUILDFORD,5,31,13,911,410,11,56,1,127,1091,291,2947,2013-12-31
GWYNEDD,157,10,20,656,279,3,35,0,178,702,120,2160,2013-12-31
HACKNEY,2,120,11,1300,604,16,149,6,143,2602,506,5459,2013-12-31
HALTON,8,17,14,699,255,5,25,0,64,662,133,1882,2013-12-31
HAMBLETON,26,7,28,449,197,0,46,0,95,593,77,1518,2013-12-31
HAMMERSMITH AND FULHAM,2,120,9,1502,720,11,98,0,135,2568,823,5988,2013-12-31
HARBOROUGH,24,18,29,593,300,2,74,0,70,630,159,1899,2013-12-31
HARINGEY,2,129,4,1445,629,5,110,0,111,2383,390,5208,2013-12-31
HARLOW,1,12,25,479,180,1,46,0,26,514,105,1389,2013-12-31
HARROGATE,35,16,41,983,388,1,37,0,166,1097,204,2968,2013-12-31
HARROW,2,62,11,1276,573,2,57,0,63,1667,311,4024,2013-12-31
HART,14,18,50,601,274,16,58,0,78,584,155,1848,2013-12-31
HARTLEPOOL,9,30,15,446,173,1,39,0,30,480,48,1271,2013-12-31
HASTINGS,2,27,14,590,246,5,13,0,51,686,147,1781,2013-12-31
HAVANT,20,22,20,791,289,10,57,2,54,640,135,2040,2013-12-31
HAVERING,15,42,33,1599,630,6,127,2,90,1722,309,4575,2013-12-31
HEREFORDSHIRE,79,20,65,1051,458,6,59,0,228,1046,245,3257,2013-12-31
HERTSMERE,11,31,21,644,259,0,90,1,56,963,190,2266,2013-12-31
HIGH PEAK,39,7,23,563,234,6,18,0,95,610,134,1729,2013-12-31
HILLINGDON,8,65,24,1501,678,8,132,1,121,1936,406,4880,2013-12-31
HINCKLEY AND BOSWORTH,25,20,41,734,321,4,88,1,78,647,119,2078,2013-12-31
HORSHAM,24,28,51,896,396,12,114,0,173,983,237,2914,2013-12-31
HOUNSLOW,4,101,13,1555,646,46,93,0,117,2461,400,5436,2013-12-31
HUNTINGDONSHIRE,29,32,61,1132,520,4,136,0,153,1050,253,3370,2013-12-31
HYNDBURN,28,14,8,436,208,10,6,0,81,657,128,1576,2013-12-31
IPSWICH,25,62,9,794,317,6,40,0,54,811,141,2259,2013-12-31
ISLE OF ANGLESEY,72,5,15,618,165,2,22,0,62,378,69,1408,2013-12-31
ISLE OF WIGHT,51,32,53,890,452,7,79,0,127,991,240,2922,2013-12-31
ISLES OF SCILLY,1,3,1,11,1,0,1,0,4,11,2,35,2013-12-31
ISLINGTON,4,122,1,1350,676,13,180,0,122,3254,580,6302,2013-12-31
KENSINGTON AND CHELSEA,6,140,1,1541,798,6,135,0,192,3962,816,7597,2013-12-31
KETTERING,23,22,18,672,266,2,60,0,61,698,134,1956,2013-12-31
KING'S LYNN AND WEST NORFOLK,89,10,37,862,413,3,81,3,164,915,188,2765,2013-12-31
KINGSTON UPON THAMES,26,77,6,1126,541,5,60,0,71,1378,270,3560,2013-12-31
KIRKLEES,72,68,77,2015,926,15,145,0,273,2913,496,7000,2013-12-31
KNOWSLEY,11,48,17,525,230,12,43,0,85,836,120,1927,2013-12-31
LAMBETH,3,207,19,2253,1254,13,248,0,204,3756,743,8700,2013-12-31
LANCASTER,52,16,9,676,359,4,46,0,138,776,123,2199,2013-12-31
LEEDS,122,208,176,3851,1712,26,343,0,507,4906,913,12764,2013-12-31
LEICESTER,18,42,28,1205,834,10,57,0,173,1543,295,4205,2013-12-31
LEWES,14,27,11,678,303,12,32,0,66,683,141,1967,2013-12-31
LEWISHAM,4,181,12,1934,797,13,243,0,118,2684,509,6495,2013-12-31
LICHFIELD,11,16,27,601,259,1,49,0,54,668,144,1830,2013-12-31
LINCOLN,13,10,18,538,282,5,31,0,48,508,96,1549,2013-12-31
LIVERPOOL,30,209,40,2367,1001,24,287,0,205,3256,461,7880,2013-12-31
LUTON,24,27,8,1026,407,7,30,1,57,1150,219,2956,2013-12-31
MAIDSTONE,11,15,37,1048,450,5,55,0,166,1175,257,3219,2013-12-31
MALDON,19,3,5,379,157,8,14,0,70,391,86,1132,2013-12-31
MALVERN HILLS,49,16,18,428,193,2,41,0,89,533,90,1459,2013-12-31
MANCHESTER,20,178,39,3061,1079,24,289,0,335,4143,897,10065,2013-12-31
MANSFIELD,13,15,22,535,251,2,50,0,52,569,109,1618,2013-12-31
MEDWAY,8,45,42,1623,655,8,82,0,78,1738,399,4678,2013-12-31
MELTON,18,3,9,320,180,0,17,0,35,306,100,988,2013-12-31
MENDIP,52,14,45,645,360,1,73,0,131,800,162,2283,2013-12-31
MERTHYR TYDFIL,18,4,19,276,127,0,25,0,49,361,51,930,2013-12-31
MERTON,4,92,11,1371,658,5,37,1,71,1779,342,4371,2013-12-31
MID BEDFORDSHIRE,0,0,0,1,0,0,0,0,0,0,0,1,2013-12-31
MID DEVON,30,11,40,489,242,4,61,0,90,498,93,1558,2013-12-31
MID SUFFOLK,35,4,42,643,279,24,62,0,110,617,133,1949,2013-12-31
MID SUSSEX,9,16,39,1013,406,14,119,0,118,1144,306,3184,2013-12-31
MIDDLESBROUGH,13,19,16,799,252,6,53,0,53,785,125,2121,2013-12-31
MILTON KEYNES,38,68,111,1575,736,25,246,0,121,2237,848,6005,2013-12-31
MOLE VALLEY,1,17,13,574,248,9,27,1,75,714,193,1872,2013-12-31
MONMOUTHSHIRE,36,19,41,518,232,5,60,0,93,658,119,1781,2013-12-31
NEATH PORT TALBOT,34,16,37,758,295,9,65,0,106,807,142,2269,2013-12-31
NEW FOREST,28,22,71,1269,542,8,64,0,146,1274,232,3656,2013-12-31
NEWARK AND SHERWOOD,44,21,40,703,293,3,49,0,136,724,133,2146,2013-12-31
NEWCASTLE UPON TYNE,23,60,47,1397,591,11,112,0,156,1873,361,4631,2013-12-31
NEWCASTLE-UNDER-LYME,14,10,13,663,300,1,62,0,61,611,132,1867,2013-12-31
NEWHAM,6,275,11,1686,596,15,120,0,90,2980,452,6231,2013-12-31
NEWPORT,16,40,29,785,287,12,70,0,85,1053,146,2523,2013-12-31
NORTH CORNWALL,0,0,0,1,0,0,0,0,0,0,0,1,2013-12-31
NORTH DEVON,45,16,28,626,264,3,46,0,118,694,111,1951,2013-12-31
NORTH DORSET,39,8,19,463,187,7,29,0,73,396,124,1345,2013-12-31
NORTH EAST DERBYSHIRE,31,11,21,586,258,1,20,0,70,467,85,1550,2013-12-31
NORTH EAST LINCOLNSHIRE,34,34,26,943,370,6,35,0,55,880,141,2524,2013-12-31
NORTH HERTFORDSHIRE,26,18,20,832,386,4,37,0,71,761,222,2377,2013-12-31
NORTH KESTEVEN,44,11,31,942,313,5,79,0,133,738,169,2465,2013-12-31
NORTH LINCOLNSHIRE,113,29,27,808,342,3,66,0,94,1057,174,2713,2013-12-31
NORTH NORFOLK,58,9,38,614,301,4,63,0,130,684,152,2053,2013-12-31
NORTH SOMERSET,44,43,50,1420,649,22,130,0,141,1518,329,4346,2013-12-31
NORTH TYNESIDE,24,55,24,1237,508,7,51,0,84,1211,229,3430,2013-12-31
NORTH WARWICKSHIRE,17,4,15,385,192,6,29,0,45,410,70,1173,2013-12-31
NORTH WEST LEICESTERSHIRE,18,23,42,613,327,6,48,0,71,663,129,1940,2013-12-31
NORTHAMPTON,51,84,54,1431,780,9,141,0,117,1462,346,4475,2013-12-31
NORTHUMBERLAND,68,58,62,1923,732,14,151,0,302,1962,379,5651,2013-12-31
NORWICH,10,28,13,738,379,6,73,1,83,905,179,2415,2013-12-31
NUNEATON AND BEDWORTH,13,13,25,680,297,6,27,0,54,706,162,1983,2013-12-31
OADBY AND WIGSTON,10,5,1,250,116,3,5,0,29,269,51,739,2013-12-31
OLDHAM,31,41,34,1086,429,9,34,0,130,1491,284,3569,2013-12-31
OXFORD,6,26,13,628,308,10,35,0,107,1101,173,2407,2013-12-31
PEMBROKESHIRE,66,9,31,885,326,4,51,0,183,754,138,2447,2013-12-31
PENDLE,19,8,8,1138,251,11,17,0,107,646,96,2301,2013-12-31
PENWITH,0,0,0,0,0,0,0,0,1,0,0,1,2013-12-31
POOLE,16,55,22,1042,462,2,44,0,61,1186,262,3152,2013-12-31
PORTSMOUTH,36,42,7,1296,563,20,31,2,88,1461,198,3744,2013-12-31
POWYS,84,4,33,672,361,7,49,0,189,910,148,2457,2013-12-31
PRESTON,9,54,14,705,319,7,40,0,133,964,134,2379,2013-12-31
PURBECK,11,14,2,251,112,3,20,0,53,289,96,851,2013-12-31
READING,11,44,17,1055,503,16,85,0,81,1614,228,3654,2013-12-31
REDBRIDGE,15,57,11,1497,651,12,82,1,72,2064,350,4812,2013-12-31
REDCAR AND CLEVELAND,13,29,17,719,309,6,50,0,76,708,114,2041,2013-12-31
REDDITCH,11,11,13,448,245,3,19,0,40,540,128,1458,2013-12-31
REIGATE AND BANSTEAD,3,33,33,1091,499,3,91,0,75,1363,285,3476,2013-12-31
RHONDDA CYNON TAFF,66,19,26,1234,486,14,69,0,181,1554,153,3802,2013-12-31
RIBBLE VALLEY,18,13,19,319,146,1,36,0,118,391,82,1143,2013-12-31
RICHMOND UPON THAMES,2,133,26,1590,695,11,54,0,91,1777,346,4725,2013-12-31
RICHMONDSHIRE,23,7,15,233,205,3,28,0,55,304,72,945,2013-12-31
ROCHDALE,24,44,33,988,433,8,73,0,145,1389,254,3391,2013-12-31
ROCHFORD,28,8,13,575,234,2,32,0,59,479,87,1517,2013-12-31
ROSSENDALE,12,9,29,478,203,8,41,0,76,451,68,1375,2013-12-31
ROTHER,9,22,25,707,330,5,62,0,134,862,172,2328,2013-12-31
ROTHERHAM,29,46,66,1320,554,7,142,0,97,1361,323,3945,2013-12-31
RUGBY,17,25,24,673,291,5,70,0,61,647,111,1924,2013-12-31
RUNNYMEDE,3,9,6,649,303,1,21,0,60,695,147,1894,2013-12-31
RUSHCLIFFE,13,12,20,727,322,2,54,0,108,779,146,2183,2013-12-31
RUSHMOOR,14,33,16,608,273,2,54,0,49,615,163,1827,2013-12-31
RUTLAND,21,15,17,209,107,1,34,0,45,244,56,749,2013-12-31
RYEDALE,18,4,26,309,130,1,43,0,65,358,65,1019,2013-12-31
SALFORD,31,120,17,1323,581,20,127,0,137,2073,396,4825,2013-12-31
SANDWELL,25,53,68,1336,501,10,97,0,144,1615,242,4091,2013-12-31
SCARBOROUGH,35,30,32,576,293,5,53,0,97,637,120,1878,2013-12-31
SEDGEMOOR,38,12,50,752,378,8,113,0,113,713,146,2323,2013-12-31
SEFTON,35,38,15,1360,597,9,64,0,119,1541,380,4158,2013-12-31
SELBY,31,13,14,475,261,5,43,0,98,668,107,1715,2013-12-31
SEVENOAKS,6,14,20,758,341,5,39,0,82,819,169,2253,2013-12-31
SHEFFIELD,118,60,75,2834,1414,23,154,0,334,3370,653,9035,2013-12-31
SHEPWAY,5,18,13,669,425,4,27,0,80,975,159,2375,2013-12-31
SHROPSHIRE,147,54,109,1726,787,8,164,0,401,1833,406,5635,2013-12-31
SLOUGH,12,29,14,684,316,5,71,0,71,1079,232,2513,2013-12-31
SOLIHULL,21,78,58,1371,564,5,110,0,113,1279,257,3856,2013-12-31
SOUTH BUCKS,3,21,9,452,179,6,26,0,68,672,146,1582,2013-12-31
SOUTH CAMBRIDGESHIRE,47,40,55,1177,495,7,147,0,134,985,216,3303,2013-12-31
SOUTH DERBYSHIRE,15,24,39,681,290,3,78,0,72,552,138,1892,2013-12-31
SOUTH GLOUCESTERSHIRE,61,65,121,1707,692,14,222,2,170,1590,410,5054,2013-12-31
SOUTH HAMS,22,8,33,717,270,5,45,0,106,843,174,2223,2013-12-31
SOUTH HOLLAND,36,11,14,490,273,2,55,0,79,605,106,1671,2013-12-31
SOUTH KESTEVEN,36,20,37,855,398,7,88,0,139,847,179,2606,2013-12-31
SOUTH LAKELAND,35,16,16,1396,266,0,35,0,143,809,134,2850,2013-12-31
SOUTH NORFOLK,59,22,54,826,363,2,165,0,122,777,179,2569,2013-12-31
SOUTH NORTHAMPTONSHIRE,14,10,45,777,255,0,72,0,67,555,127,1922,2013-12-31
SOUTH OXFORDSHIRE,14,32,54,874,367,4,124,1,108,1037,208,2823,2013-12-31
SOUTH RIBBLE,37,24,21,650,265,4,43,0,69,588,105,1806,2013-12-31
SOUTH SOMERSET,66,22,47,1043,448,4,125,2,134,921,209,3021,2013-12-31
SOUTH STAFFORDSHIRE,24,6,14,564,228,1,38,0,73,579,127,1654,2013-12-31
SOUTH TYNESIDE,10,30,21,745,288,4,40,0,58,831,124,2151,2013-12-31
SOUTHAMPTON,32,144,17,1341,680,6,115,0,109,1722,269,4435,2013-12-31
SOUTHEND-ON-SEA,24,39,14,1257,551,10,46,1,53,1591,305,3891,2013-12-31
SOUTHWARK,3,206,21,1896,926,10,189,1,182,3620,628,7682,2013-12-31
SPELTHORNE,2,22,4,616,317,3,55,0,49,762,166,1996,2013-12-31
ST ALBANS,26,32,30,1027,472,3,116,0,97,1034,188,3025,2013-12-31
ST EDMUNDSBURY,29,13,22,660,312,3,18,0,107,647,153,1964,2013-12-31
ST HELENS,19,41,22,809,369,8,69,0,122,1210,185,2854,2013-12-31
STAFFORD,33,11,18,696,302,1,65,0,114,858,160,2258,2013-12-31
STAFFORDSHIRE MOORLANDS,29,11,18,499,214,2,41,0,108,592,85,1599,2013-12-31
STEVENAGE,2,11,9,481,216,0,26,1,26,449,126,1347,2013-12-31
STOCKPORT,32,37,21,2286,748,10,38,0,153,1995,399,5719,2013-12-31
STOCKTON-ON-TEES,15,48,70,1036,362,7,134,0,97,1406,221,3396,2013-12-31
STOKE-ON-TRENT,28,16,15,1295,521,8,57,0,116,1329,211,3596,2013-12-31
STRATFORD-ON-AVON,38,28,37,852,372,12,64,0,157,945,187,2692,2013-12-31
STROUD,44,18,64,708,298,4,84,1,142,790,182,2335,2013-12-31
SUFFOLK COASTAL,75,10,27,823,343,8,56,1,113,791,183,2430,2013-12-31
SUNDERLAND,26,44,28,1419,574,7,84,0,96,1340,235,3853,2013-12-31
SURREY HEATH,5,5,25,589,293,4,40,0,48,586,120,1715,2013-12-31
SUTTON,5,74,18,1281,637,3,41,0,62,1421,296,3838,2013-12-31
SWALE,7,20,33,783,353,5,60,0,121,1028,223,2633,2013-12-31
SWANSEA,33,65,27,1462,530,7,100,0,163,1418,200,4005,2013-12-31
SWINDON,27,38,74,1311,605,74,129,0,95,1395,328,4076,2013-12-31
TAMESIDE,75,21,29,1643,487,13,53,0,105,1350,285,4061,2013-12-31
TAMWORTH,5,8,5,417,167,2,17,0,54,431,83,1189,2013-12-31
TANDRIDGE,1,18,33,620,296,4,28,0,69,809,184,2062,2013-12-31
TAUNTON DEANE,33,22,47,722,326,3,142,0,125,756,168,2344,2013-12-31
TEIGNBRIDGE,24,29,49,893,401,8,155,0,133,994,191,2877,2013-12-31
TENDRING,74,10,27,855,393,15,58,0,170,895,176,2673,2013-12-31
TEST VALLEY,29,27,67,779,499,6,117,0,82,719,165,2490,2013-12-31
TEWKESBURY,16,11,39,1154,287,2,96,0,91,637,163,2496,2013-12-31
THANET,4,40,6,928,461,9,61,0,58,1016,228,2811,2013-12-31
THE VALE OF GLAMORGAN,24,13,21,779,346,9,26,0,87,924,153,2382,2013-12-31
THREE RIVERS,5,19,30,567,257,6,19,0,55,613,117,1688,2013-12-31
THURROCK,10,30,22,1076,363,7,90,0,91,1219,257,3165,2013-12-31
TONBRIDGE AND MALLING,3,11,37,839,398,3,89,0,95,921,246,2642,2013-12-31
TORBAY,22,30,19,882,411,3,61,0,67,863,195,2553,2013-12-31
TORFAEN,12,11,14,410,189,2,45,0,35,437,110,1265,2013-12-31
TORRIDGE,30,10,23,443,225,2,27,4,102,487,102,1455,2013-12-31
TOWER HAMLETS,3,205,11,1846,765,13,278,0,216,4017,719,8073,2013-12-31
TRAFFORD,26,42,12,1386,695,8,62,0,140,1631,370,4372,2013-12-31
TUNBRIDGE WELLS,7,18,29,913,382,4,55,0,113,1103,218,2842,2013-12-31
UTTLESFORD,25,6,44,529,207,5,72,3,97,648,135,1771,2013-12-31
VALE OF WHITE HORSE,13,34,40,779,342,6,138,2,108,1038,210,2710,2013-12-31
WAKEFIELD,50,53,75,1453,740,12,168,0,208,1992,375,5126,2013-12-31
WALSALL,26,56,67,1246,479,17,75,0,131,1331,262,3690,2013-12-31
WALTHAM FOREST,21,105,15,1750,603,4,89,0,88,2034,362,5071,2013-12-31
WANDSWORTH,2,211,14,2723,1253,13,346,1,182,4039,952,9736,2013-12-31
WARRINGTON,28,48,11,1311,550,4,153,0,92,1429,268,3894,2013-12-31
WARWICK,17,25,22,891,421,8,50,0,94,991,192,2711,2013-12-31
WATFORD,8,42,18,629,264,5,69,2,49,892,148,2126,2013-12-31
WAVENEY,49,8,14,647,287,4,20,0,85,638,174,1926,2013-12-31
WAVERLEY,9,20,18,890,405,11,86,0,206,1239,231,3115,2013-12-31
WEALDEN,20,31,53,1065,457,4,124,0,164,1208,301,3427,2013-12-31
WELLINGBOROUGH,19,10,13,466,207,4,25,1,65,469,86,1365,2013-12-31
WELWYN HATFIELD,21,34,10,993,253,4,43,1,78,716,161,2314,2013-12-31
WEST BERKSHIRE,12,55,43,1106,423,30,81,1,96,1562,273,3682,2013-12-31
WEST DEVON,23,3,19,367,148,4,31,0,53,352,68,1068,2013-12-31
WEST DORSET,53,11,37,650,301,3,55,0,135,669,197,2111,2013-12-31
WEST LANCASHIRE,26,20,22,541,248,6,66,0,101,726,106,1862,2013-12-31
WEST LINDSEY,56,29,26,556,264,3,70,1,89,546,97,1737,2013-12-31
WEST OXFORDSHIRE,30,21,30,740,435,13,49,0,102,776,186,2382,2013-12-31
WEST SOMERSET,14,3,12,170,108,3,22,0,65,259,67,723,2013-12-31
WEYMOUTH AND PORTLAND,14,15,5,390,184,19,11,0,33,367,110,1148,2013-12-31
WIGAN,66,35,44,1916,710,16,96,0,221,1997,356,5457,2013-12-31
WILTSHIRE,150,78,168,3037,1693,15,389,0,474,2968,685,9657,2013-12-31
WINCHESTER,36,28,35,788,363,8,77,0,134,963,217,2649,2013-12-31
WINDSOR AND MAIDENHEAD,19,52,39,1027,467,31,64,0,160,1363,292,3514,2013-12-31
WIRRAL,21,35,10,1549,687,11,138,0,125,1653,265,4494,2013-12-31
WOKING,4,34,8,667,311,10,62,1,60,849,192,2198,2013-12-31
WOKINGHAM,7,21,48,1132,496,14,96,0,79,1097,268,3258,2013-12-31
WOLVERHAMPTON,38,37,43,1053,389,6,63,0,117,1184,166,3096,2013-12-31
WORCESTER,17,11,9,578,263,3,27,0,82,660,157,1807,2013-12-31
WREKIN,32,47,55,903,414,2,122,0,125,1008,244,2952,2013-12-31
WORTHING,11,34,6,778,351,6,34,0,66,876,198,2360,2013-12-31
WREXHAM,32,32,20,612,245,9,43,0,72,611,107,1783,2013-12-31
WYCHAVON,44,15,40,779,323,1,122,4,136,894,180,2538,2013-12-31
WYCOMBE,54,32,34,1102,450,23,65,0,122,1168,287,3337,2013-12-31
WYRE,55,16,12,624,273,6,20,0,89,562,65,1722,2013-12-31
WYRE FOREST,28,10,26,445,207,5,64,0,87,469,101,1442,2013-12-31
YORK,34,24,27,1148,531,4,75,2,138,1284,222,3489,2013-12-31
ALL COUNTIES,13,0,0,0,0,0,0,0,0,6,59,78,2013-11-30
ADUR,12,24,6,448,219,3,23,0,42,597,126,1500,2013-11-30
ALLERDALE,43,8,39,685,352,8,74,0,183,846,187,2425,2013-11-30
AMBER VALLEY,68,11,29,683,310,6,38,0,178,977,184,2484,2013-11-30
ARUN,20,32,22,1076,537,6,81,0,153,1848,554,4329,2013-11-30
ASHFIELD,19,16,25,729,284,18,63,0,78,896,175,2303,2013-11-30
ASHFORD,5,10,26,818,402,5,53,0,160,1445,306,3230,2013-11-30
AYLESBURY VALE,51,62,125,1239,609,27,155,9,192,1569,440,4478,2013-11-30
BABERGH,22,6,27,555,283,5,45,0,87,694,156,1880,2013-11-30
BARKING AND DAGENHAM,7,44,18,782,366,4,124,0,72,1732,407,3556,2013-11-30
BARNET,73,188,34,2283,1041,13,145,2,223,4845,934,9781,2013-11-30
BARNSLEY,40,37,64,1110,558,11,100,0,201,2133,369,4623,2013-11-30
BARROW-IN-FURNESS,18,5,7,371,219,5,12,0,45,499,60,1241,2013-11-30
BASILDON,16,37,28,1107,624,4,58,1,139,1899,375,4288,2013-11-30
BASINGSTOKE AND DEANE,25,29,54,1217,536,3,113,0,160,1510,413,4060,2013-11-30
BASSETLAW,51,21,35,641,310,8,44,0,126,914,202,2352,2013-11-30
BATH AND NORTH EAST SOMERSET,52,64,45,1179,584,5,106,0,229,2044,408,4716,2013-11-30
BEDFORD,17,47,65,1006,479,3,148,0,142,1550,317,3774,2013-11-30
BEXLEY,10,65,19,1391,666,10,86,0,98,1971,385,4701,2013-11-30
BIRMINGHAM,100,290,138,5184,2362,64,350,0,716,9242,1516,19962,2013-11-30
BLABY,30,16,16,567,277,2,43,0,76,717,153,1897,2013-11-30
BLACKBURN WITH DARWEN,17,46,15,628,313,16,51,0,139,1305,227,2757,2013-11-30
BLACKPOOL,43,7,3,1183,443,23,18,0,141,1509,194,3564,2013-11-30
BLAENAU GWENT,24,22,8,335,154,13,3,0,90,537,104,1290,2013-11-30
BOLSOVER,19,9,20,441,199,12,29,0,67,553,110,1459,2013-11-30
BOLTON,30,69,41,1290,694,20,70,0,184,3033,446,5877,2013-11-30
BOSTON,29,8,16,354,165,3,21,0,87,546,72,1301,2013-11-30
BOURNEMOUTH,35,141,18,1376,633,6,113,0,116,2177,461,5076,2013-11-30
BRACKNELL FOREST,2,17,43,739,383,10,62,0,82,1068,314,2720,2013-11-30
BRADFORD,59,130,114,2451,1121,30,142,0,432,4339,708,9526,2013-11-30
BRAINTREE,39,7,33,934,494,5,43,5,201,1329,314,3404,2013-11-30
BRECKLAND,50,8,42,801,383,3,109,1,198,1097,276,2968,2013-11-30
BRENT,5,129,11,1471,743,14,151,1,150,3432,670,6777,2013-11-30
BRENTWOOD,9,28,11,548,290,8,28,0,81,893,182,2078,2013-11-30
BRIDGEND,26,36,68,5357,432,9,57,0,125,1143,195,7448,2013-11-30
BRIGHTON AND HOVE,26,269,22,2068,1040,10,126,2,176,3678,746,8163,2013-11-30
BROADLAND,64,9,44,796,405,0,40,0,165,975,215,2713,2013-11-30
BROMLEY,10,135,59,2294,1132,6,112,0,161,3598,821,8328,2013-11-30
BROMSGROVE,22,16,31,615,279,2,51,1,117,866,156,2156,2013-11-30
BROXBOURNE,8,16,15,726,293,6,44,0,65,883,243,2299,2013-11-30
BROXTOWE,19,12,15,580,288,6,12,0,70,788,164,1954,2013-11-30
BURNLEY,11,7,9,643,248,12,29,0,104,1451,151,2665,2013-11-30
BURY,26,28,22,1065,532,7,38,0,221,1911,302,4152,2013-11-30
CAERPHILLY,40,22,46,931,441,8,43,0,196,1288,186,3201,2013-11-30
CALDERDALE,46,28,57,1269,561,18,70,0,233,1813,311,4406,2013-11-30
CAMBRIDGE,14,101,61,703,281,0,177,0,162,1075,223,2797,2013-11-30
CAMDEN,4,208,7,1702,748,24,203,0,246,5335,1066,9543,2013-11-30
CANNOCK CHASE,16,6,16,499,249,2,30,0,110,864,160,1952,2013-11-30
CANTERBURY,11,53,48,1253,534,2,57,0,132,1605,420,4115,2013-11-30
CARDIFF,51,83,30,2154,1009,29,61,0,228,3459,584,7688,2013-11-30
CARLISLE,28,18,34,666,345,3,54,0,170,950,199,2467,2013-11-30
CARMARTHENSHIRE,131,27,82,1111,434,2,91,0,364,1696,260,4198,2013-11-30
CARRICK,0,0,0,0,0,0,0,0,1,0,0,1,2013-11-30
CASTLE POINT,43,6,4,491,284,3,9,1,105,574,104,1624,2013-11-30
CENTRAL BEDFORDSHIRE,64,43,178,1782,1133,5,171,2,235,2439,641,6693,2013-11-30
CEREDIGION,55,6,39,420,197,2,32,0,136,603,85,1575,2013-11-30
CHARNWOOD,50,16,52,902,458,9,101,0,109,1207,270,3174,2013-11-30
CHELMSFORD,24,23,29,1792,520,4,85,1,175,1652,334,4639,2013-11-30
CHELTENHAM,35,36,23,769,406,5,52,0,88,1241,275,2930,2013-11-30
CHERWELL,43,21,37,952,444,8,83,0,185,1456,391,3620,2013-11-30
CHESHIRE EAST,91,44,59,2390,1228,42,141,0,408,3682,754,8839,2013-11-30
CHESHIRE WEST AND CHESTER,68,105,56,2251,836,149,135,0,406,3411,668,8085,2013-11-30
CHESTER,0,0,0,0,0,0,0,0,1,0,0,1,2013-11-30
CHESTERFIELD,11,6,16,544,301,5,38,0,66,840,146,1973,2013-11-30
CHICHESTER,36,50,25,766,371,6,62,0,239,1471,391,3417,2013-11-30
CHILTERN,27,26,24,562,306,28,43,1,84,836,171,2108,2013-11-30
CHORLEY,46,48,28,625,295,11,79,0,151,1060,200,2543,2013-11-30
CHRISTCHURCH,6,22,10,342,139,9,18,0,40,548,118,1252,2013-11-30
CITY OF BRISTOL,63,321,46,2754,1325,15,123,0,297,4369,963,10276,2013-11-30
CITY OF DERBY,28,30,28,1194,679,13,78,0,92,1939,357,4438,2013-11-30
CITY OF KINGSTON UPON HULL,32,42,51,1176,509,17,76,2,129,1544,279,3857,2013-11-30
CITY OF LONDON,4,172,3,340,126,173,238,1,129,1848,320,3354,2013-11-30
CITY OF NOTTINGHAM,261,73,42,1368,658,30,85,0,220,2877,753,6367,2013-11-30
CITY OF PETERBOROUGH,63,53,75,1098,432,8,114,0,122,1761,337,4063,2013-11-30
CITY OF PLYMOUTH,31,70,41,1372,649,53,103,1,134,2237,417,5108,2013-11-30
CITY OF WESTMINSTER,9,377,19,2748,1332,44,268,0,605,11366,2374,19142,2013-11-30
COLCHESTER,46,54,99,1061,528,5,115,3,188,1483,373,3955,2013-11-30
CONWY,64,28,14,745,327,7,60,0,158,1145,186,2734,2013-11-30
COPELAND,24,7,17,1167,224,1,14,0,121,681,106,2362,2013-11-30
CORBY,8,16,29,341,174,6,72,0,46,632,118,1442,2013-11-30
CORNWALL,564,162,259,3873,1774,23,355,2,995,5422,1158,14587,2013-11-30
COTSWOLD,41,21,47,664,291,5,81,0,152,1033,264,2599,2013-11-30
COUNTY DURHAM,99,115,133,3498,1345,31,196,1,468,4546,822,11254,2013-11-30
COVENTRY,42,55,78,1456,730,13,123,0,200,2419,391,5507,2013-11-30
CRAVEN,34,4,12,400,172,0,24,0,75,566,109,1396,2013-11-30
CRAWLEY,10,17,22,622,317,6,29,0,41,1101,249,2414,2013-11-30
CREWE AND NANTWICH,0,0,0,0,0,0,0,0,1,0,0,1,2013-11-30
CROYDON,8,195,22,2151,1080,10,106,1,186,4435,1028,9222,2013-11-30
DACORUM,38,37,49,902,511,12,42,2,127,1437,304,3461,2013-11-30
DARLINGTON,12,21,14,577,313,10,36,0,83,851,131,2048,2013-11-30
DARTFORD,6,25,45,588,299,4,63,0,59,987,250,2326,2013-11-30
DAVENTRY,21,9,34,511,270,2,45,0,89,852,246,2079,2013-11-30
DENBIGHSHIRE,65,5,15,511,250,3,27,0,157,955,132,2120,2013-11-30
DERBYSHIRE DALES,42,12,24,432,208,4,26,0,167,646,111,1672,2013-11-30
DERWENTSIDE,0,0,0,0,0,0,0,0,1,0,0,1,2013-11-30
DONCASTER,61,47,49,1495,750,17,101,0,245,2419,449,5633,2013-11-30
DOVER,7,6,30,692,343,6,31,0,83,1172,199,2569,2013-11-30
DUDLEY,58,62,89,1519,668,13,102,0,239,2448,390,5588,2013-11-30
DURHAM,0,0,0,0,0,0,0,0,1,0,0,1,2013-11-30
EALING,4,197,27,1879,868,5,101,2,168,3688,643,7582,2013-11-30
EAST CAMBRIDGESHIRE,25,9,19,583,267,0,28,2,117,775,170,1995,2013-11-30
EAST DEVON,52,46,89,976,527,50,107,0,239,1564,325,3975,2013-11-30
EAST DORSET,20,9,15,613,296,4,32,0,98,885,208,2180,2013-11-30
EAST HAMPSHIRE,36,33,37,743,411,4,81,2,178,1259,298,3082,2013-11-30
EAST HERTFORDSHIRE,25,40,37,1087,492,15,70,1,124,1431,321,3643,2013-11-30
EAST LINDSEY,76,27,38,1385,443,30,42,1,203,1229,176,3650,2013-11-30
EAST NORTHAMPTONSHIRE,26,26,34,1024,236,4,63,0,63,690,158,2324,2013-11-30
EAST RIDING OF YORKSHIRE,125,58,96,4216,1052,14,149,0,353,2886,515,9464,2013-11-30
EAST STAFFORDSHIRE,32,15,22,523,276,12,61,3,133,1424,188,2689,2013-11-30
EASTBOURNE,4,46,4,728,402,1,59,0,45,1408,369,3066,2013-11-30
EASTLEIGH,30,46,20,865,434,18,54,1,94,1137,324,3023,2013-11-30
EDEN,45,5,22,306,157,4,32,0,110,611,94,1386,2013-11-30
ELMBRIDGE,15,39,18,1151,620,4,72,0,157,1934,433,4443,2013-11-30
ENFIELD,11,123,16,1818,828,12,113,1,248,3849,685,7704,2013-11-30
EPPING FOREST,14,37,20,828,412,6,50,3,138,1545,246,3299,2013-11-30
EPSOM AND EWELL,2,34,13,504,233,3,33,0,60,842,184,1908,2013-11-30
EREWASH,20,15,30,753,332,5,22,0,79,941,163,2360,2013-11-30
EXETER,34,29,36,753,351,6,68,0,98,1095,230,2700,2013-11-30
FAREHAM,21,37,17,752,381,8,33,2,82,986,228,2547,2013-11-30
FENLAND,58,11,51,601,286,9,32,5,140,899,160,2252,2013-11-30
FLINTSHIRE,74,36,35,859,390,9,56,0,172,1215,191,3037,2013-11-30
FOREST HEATH,19,12,24,389,174,0,44,0,68,526,170,1426,2013-11-30
FOREST OF DEAN,39,10,36,490,248,6,30,6,126,641,126,1758,2013-11-30
FYLDE,10,22,8,6873,280,1,44,0,149,1313,171,8871,2013-11-30
GATESHEAD,29,44,47,1086,486,13,101,0,123,1657,354,3940,2013-11-30
GEDLING,20,13,30,735,364,3,38,0,78,811,156,2248,2013-11-30
GLOUCESTER,28,31,32,730,360,14,64,0,144,983,245,2631,2013-11-30
GOSPORT,11,16,10,500,240,0,13,0,43,733,151,1717,2013-11-30
GRAVESHAM,2,86,13,552,248,1,31,0,71,831,215,2050,2013-11-30
GREAT YARMOUTH,36,17,14,581,274,6,31,0,85,706,133,1883,2013-11-30
GREENWICH,1,188,26,1638,750,10,293,0,121,2778,630,6435,2013-11-30
GUILDFORD,12,27,13,906,476,3,48,0,231,2016,392,4124,2013-11-30
GWYNEDD,97,14,40,743,355,5,35,0,232,1099,176,2796,2013-11-30
HACKNEY,1,180,6,1336,709,15,171,0,147,3400,818,6783,2013-11-30
HALTON,13,19,18,610,344,5,36,0,126,1294,271,2736,2013-11-30
HAMBLETON,43,12,36,504,222,1,45,0,118,779,162,1922,2013-11-30
HAMMERSMITH AND FULHAM,3,183,7,1665,745,17,117,0,143,3816,937,7633,2013-11-30
HARBOROUGH,28,18,34,563,287,2,68,1,104,844,185,2134,2013-11-30
HARINGEY,2,141,20,1499,731,4,104,0,119,3361,577,6558,2013-11-30
HARLOW,3,10,16,423,192,0,61,0,30,573,164,1472,2013-11-30
HARROGATE,70,30,30,1061,536,3,59,0,192,1412,313,3706,2013-11-30
HARROW,4,108,10,1270,598,4,74,1,106,2326,435,4936,2013-11-30
HART,16,10,37,600,307,4,42,0,130,876,256,2278,2013-11-30
HARTLEPOOL,10,21,9,473,187,5,25,0,26,667,94,1517,2013-11-30
HASTINGS,1,28,7,570,313,7,29,0,58,1097,237,2347,2013-11-30
HAVANT,25,27,17,780,329,3,38,1,60,934,218,2432,2013-11-30
HAVERING,20,50,38,1452,729,5,85,0,145,2341,407,5272,2013-11-30
HEREFORDSHIRE,82,20,50,1018,491,3,71,1,279,1485,353,3853,2013-11-30
HERTSMERE,6,38,20,629,277,10,50,2,59,1076,212,2379,2013-11-30
HIGH PEAK,33,11,25,638,275,8,15,0,105,943,175,2228,2013-11-30
HILLINGDON,1,98,55,1570,765,6,194,1,159,2713,583,6145,2013-11-30
HINCKLEY AND BOSWORTH,41,15,49,662,306,9,58,0,104,979,198,2421,2013-11-30
HORSHAM,53,41,74,1004,480,15,94,0,199,1517,380,3857,2013-11-30
HOUNSLOW,4,130,16,1492,709,11,76,0,134,3080,568,6220,2013-11-30
HUNTINGDONSHIRE,37,39,78,1144,574,12,121,0,160,1437,375,3977,2013-11-30
HYNDBURN,25,9,6,495,248,4,15,0,100,903,126,1931,2013-11-30
IPSWICH,14,25,26,737,392,5,32,0,77,1130,187,2625,2013-11-30
ISLE OF ANGLESEY,78,4,39,4730,240,3,26,0,119,590,93,5922,2013-11-30
ISLE OF WIGHT,50,32,39,983,470,4,53,0,194,1409,322,3556,2013-11-30
ISLES OF SCILLY,0,0,1,9,9,0,1,0,1,20,0,41,2013-11-30
ISLINGTON,4,186,8,1470,764,16,201,1,164,4065,710,7589,2013-11-30
KENNET,0,0,0,0,0,0,0,0,1,0,0,1,2013-11-30
KENSINGTON AND CHELSEA,9,217,12,1647,835,22,143,1,273,6089,1172,10420,2013-11-30
KETTERING,27,13,38,716,290,5,54,0,77,863,163,2246,2013-11-30
KING'S LYNN AND WEST NORFOLK,72,33,56,950,456,0,76,2,244,1350,267,3506,2013-11-30
KINGSTON UPON THAMES,2,83,8,1212,560,8,84,1,99,2072,446,4575,2013-11-30
KIRKLEES,62,97,107,2178,1048,21,112,0,359,4139,650,8773,2013-11-30
KNOWSLEY,11,28,13,523,265,11,63,0,97,1114,192,2317,2013-11-30
LAMBETH,3,231,16,2365,1213,18,241,0,246,5242,951,10526,2013-11-30
LANCASTER,64,26,18,716,349,4,37,0,178,1105,173,2670,2013-11-30
LEEDS,90,252,186,4212,1985,64,317,0,630,6972,1223,15931,2013-11-30
LEICESTER,16,58,31,1239,571,17,70,0,206,2165,369,4742,2013-11-30
LEWES,20,28,20,710,345,1,23,0,98,1103,232,2580,2013-11-30
LEWISHAM,0,192,19,1896,928,9,156,0,114,3312,689,7315,2013-11-30
LICHFIELD,31,24,19,680,277,5,45,0,98,923,207,2309,2013-11-30
LINCOLN,17,23,14,627,294,7,35,0,76,785,164,2042,2013-11-30
LIVERPOOL,43,187,49,2013,1070,41,306,0,305,4599,756,9369,2013-11-30
LUTON,20,18,19,938,424,7,36,2,76,1664,296,3500,2013-11-30
MACCLESFIELD,0,0,0,0,0,0,0,0,0,1,1,2,2013-11-30
MAIDSTONE,3,17,47,1013,503,6,66,0,180,1565,300,3700,2013-11-30
MALDON,37,5,8,381,209,0,9,0,119,594,160,1522,2013-11-30
MALVERN HILLS,45,11,31,411,196,4,43,0,105,594,129,1569,2013-11-30
MANCHESTER,33,203,53,2854,1157,37,212,0,471,6197,1286,12503,2013-11-30
MANSFIELD,20,17,35,564,233,9,47,0,75,844,162,2006,2013-11-30
MEDWAY,12,64,46,1616,750,15,82,0,159,2243,484,5471,2013-11-30
MELTON,24,8,9,307,168,0,8,0,69,413,120,1126,2013-11-30
MENDIP,68,16,42,666,345,8,78,0,160,1013,233,2629,2013-11-30
MERTHYR TYDFIL,29,5,18,262,122,1,25,0,74,448,69,1053,2013-11-30
MERTON,7,69,20,1418,745,8,58,0,111,2477,559,5472,2013-11-30
MID DEVON,27,17,22,477,243,8,44,4,124,787,162,1915,2013-11-30
MID SUFFOLK,36,20,39,581,269,17,88,0,142,874,250,2316,2013-11-30
MID SUSSEX,17,29,51,988,531,2,73,1,177,1580,378,3827,2013-11-30
MIDDLESBROUGH,11,21,15,761,263,7,35,0,67,908,236,2324,2013-11-30
MILTON KEYNES,52,77,156,1551,714,11,214,0,179,3047,947,6948,2013-11-30
MOLE VALLEY,6,13,25,596,304,9,34,1,112,948,229,2277,2013-11-30
MONMOUTHSHIRE,33,15,49,541,252,2,38,0,160,799,169,2058,2013-11-30
NEATH PORT TALBOT,27,19,27,816,354,11,36,0,167,1114,149,2720,2013-11-30
NEW FOREST,52,29,38,1149,565,5,37,0,224,1772,387,4258,2013-11-30
NEWARK AND SHERWOOD,35,16,40,1122,334,8,89,0,175,1128,265,3212,2013-11-30
NEWBURY,0,0,0,0,0,0,0,0,0,1,0,1,2013-11-30
NEWCASTLE UPON TYNE,34,67,48,1237,694,21,80,0,182,2795,464,5622,2013-11-30
NEWCASTLE-UNDER-LYME,20,14,10,685,291,2,63,0,108,972,201,2366,2013-11-30
NEWHAM,6,84,6,1254,678,10,126,0,161,3238,562,6125,2013-11-30
NEWPORT,11,49,52,797,364,18,67,0,135,1487,206,3186,2013-11-30
NORTH CORNWALL,0,0,0,0,0,0,0,0,1,0,0,1,2013-11-30
NORTH DEVON,53,22,39,660,304,7,35,0,173,956,136,2385,2013-11-30
NORTH DORSET,39,15,35,432,220,0,29,1,115,612,172,1670,2013-11-30
NORTH EAST DERBYSHIRE,38,14,17,546,233,6,37,1,127,747,157,1923,2013-11-30
NORTH EAST LINCOLNSHIRE,32,35,41,914,448,59,50,0,98,1253,178,3108,2013-11-30
NORTH HERTFORDSHIRE,24,22,24,791,452,4,43,0,95,1163,280,2898,2013-11-30
NORTH KESTEVEN,49,17,55,850,386,2,49,0,175,999,215,2797,2013-11-30
NORTH LINCOLNSHIRE,83,51,53,834,416,23,58,0,136,1539,250,3443,2013-11-30
NORTH NORFOLK,64,14,39,728,347,2,47,0,170,892,205,2508,2013-11-30
NORTH SOMERSET,54,51,36,1354,701,8,97,0,172,1777,500,4750,2013-11-30
NORTH TYNESIDE,23,84,33,1259,593,10,45,0,122,1599,318,4086,2013-11-30
NORTH WARWICKSHIRE,27,6,11,383,168,3,21,0,102,657,90,1468,2013-11-30
NORTH WEST LEICESTERSHIRE,16,16,50,527,257,7,62,0,83,814,170,2002,2013-11-30
NORTHAMPTON,60,52,59,1258,623,9,105,0,164,1868,611,4809,2013-11-30
NORTHUMBERLAND,91,49,103,1686,761,25,109,0,346,2702,585,6457,2013-11-30
NORWICH,8,30,21,801,416,9,57,0,95,1107,248,2792,2013-11-30
NUNEATON AND BEDWORTH,12,29,22,642,310,11,28,0,74,910,203,2241,2013-11-30
OADBY AND WIGSTON,9,6,4,266,136,2,2,0,25,341,54,845,2013-11-30
OLDHAM,33,50,35,1307,512,5,58,0,217,2231,358,4806,2013-11-30
OXFORD,15,21,14,721,361,4,50,0,117,1538,227,3068,2013-11-30
PEMBROKESHIRE,101,13,38,1204,340,6,48,1,224,1077,209,3261,2013-11-30
PENDLE,31,9,17,775,243,6,17,0,123,947,157,2325,2013-11-30
POOLE,14,57,32,1147,539,4,51,0,89,1484,423,3840,2013-11-30
PORTSMOUTH,50,45,15,1178,548,10,50,1,134,1917,296,4244,2013-11-30
POWYS,91,8,40,3190,314,7,50,0,244,1197,223,5364,2013-11-30
PRESTON,20,31,17,705,342,12,79,0,113,1257,213,2789,2013-11-30
PURBECK,24,7,11,364,127,1,18,0,83,560,98,1293,2013-11-30
READING,14,61,48,1016,593,6,42,0,99,1949,402,4230,2013-11-30
REDBRIDGE,24,58,6,1388,790,20,22,0,113,3085,461,5967,2013-11-30
REDCAR AND CLEVELAND,19,27,28,681,343,4,47,0,69,897,162,2277,2013-11-30
REDDITCH,24,17,12,506,226,0,19,0,47,709,152,1712,2013-11-30
REIGATE AND BANSTEAD,4,48,29,1054,586,3,97,0,145,1750,444,4160,2013-11-30
RESTORMEL,0,0,0,0,0,0,0,0,0,1,0,1,2013-11-30
RHONDDA CYNON TAFF,83,31,59,1312,596,16,72,0,228,1959,232,4588,2013-11-30
RIBBLE VALLEY,20,8,10,332,170,3,24,0,129,669,103,1468,2013-11-30
RICHMOND UPON THAMES,2,125,12,1565,824,16,81,0,164,2684,529,6002,2013-11-30
RICHMONDSHIRE,69,4,20,283,125,1,27,0,94,433,67,1123,2013-11-30
ROCHDALE,17,71,45,966,443,17,55,0,165,2032,263,4074,2013-11-30
ROCHFORD,26,6,14,511,264,4,33,0,92,661,153,1764,2013-11-30
ROSSENDALE,16,1,14,367,231,1,26,0,186,701,113,1656,2013-11-30
ROTHER,14,22,23,694,340,1,34,1,129,1177,273,2708,2013-11-30
ROTHERHAM,41,55,93,1402,675,31,94,0,159,2017,348,4915,2013-11-30
RUGBY,19,12,53,651,340,4,73,0,92,930,221,2395,2013-11-30
RUNNYMEDE,0,14,28,614,335,1,23,0,73,1005,202,2295,2013-11-30
RUSHCLIFFE,14,10,27,720,387,3,51,0,129,1000,214,2555,2013-11-30
RUSHMOOR,13,39,10,612,282,9,74,0,53,890,235,2217,2013-11-30
RUTLAND,16,10,17,214,103,0,23,0,62,330,71,846,2013-11-30
RYEDALE,24,11,16,337,159,5,34,0,86,547,78,1297,2013-11-30
SALFORD,27,180,29,1276,788,22,176,0,208,2767,564,6037,2013-11-30
SANDWELL,35,61,67,1338,706,21,112,0,144,2218,484,5186,2013-11-30
SCARBOROUGH,45,34,16,664,295,3,46,0,137,894,195,2329,2013-11-30
SEDGEFIELD,0,0,0,1,0,0,0,0,0,0,0,1,2013-11-30
SEDGEMOOR,69,22,45,765,376,3,112,0,180,1088,219,2879,2013-11-30
SEFTON,43,45,22,1404,643,16,56,0,173,2319,368,5089,2013-11-30
SELBY,33,6,21,581,226,4,26,0,116,1025,232,2270,2013-11-30
SEVENOAKS,2,17,24,809,377,5,40,0,88,1192,265,2819,2013-11-30
SHEFFIELD,128,94,74,2953,1495,19,138,0,412,4846,927,11086,2013-11-30
SHEPWAY,2,21,23,812,394,10,34,0,77,1251,254,2878,2013-11-30
SHREWSBURY AND ATCHAM,0,0,0,0,0,0,0,0,1,0,0,1,2013-11-30
SHROPSHIRE,145,42,118,1813,807,10,138,1,505,3018,638,7235,2013-11-30
SLOUGH,7,62,5,730,300,5,42,0,81,1423,316,2971,2013-11-30
SOLIHULL,35,54,61,1235,745,7,99,0,146,1975,372,4729,2013-11-30
SOUTH BEDFORDSHIRE,0,0,0,0,0,0,0,0,1,0,0,1,2013-11-30
SOUTH BUCKS,6,24,19,501,221,3,28,0,77,913,181,1973,2013-11-30
SOUTH CAMBRIDGESHIRE,36,30,73,994,449,6,123,2,196,1296,289,3494,2013-11-30
SOUTH DERBYSHIRE,27,24,36,575,293,11,58,0,105,860,191,2180,2013-11-30
SOUTH GLOUCESTERSHIRE,58,57,100,1652,754,10,145,0,258,2261,568,5863,2013-11-30
SOUTH HAMS,27,14,59,720,336,58,50,0,181,1146,263,2854,2013-11-30
SOUTH HOLLAND,35,12,32,482,264,4,42,0,109,751,144,1875,2013-11-30
SOUTH KESTEVEN,55,19,68,877,394,9,94,0,150,1014,234,2914,2013-11-30
SOUTH LAKELAND,64,12,31,705,327,6,44,0,210,1118,251,2768,2013-11-30
SOUTH NORFOLK,56,28,93,822,424,1,106,1,154,1076,250,3011,2013-11-30
SOUTH NORTHAMPTONSHIRE,33,11,47,580,270,4,57,0,100,808,175,2085,2013-11-30
SOUTH OXFORDSHIRE,21,42,63,940,420,6,80,1,149,1471,315,3508,2013-11-30
SOUTH RIBBLE,32,21,17,555,340,7,24,0,89,863,141,2089,2013-11-30
SOUTH SOMERSET,105,33,70,1050,519,4,112,2,224,1352,305,3776,2013-11-30
SOUTH STAFFORDSHIRE,42,5,22,528,242,2,36,0,102,897,163,2039,2013-11-30
SOUTH TYNESIDE,14,36,27,725,343,6,40,0,64,1067,192,2514,2013-11-30
SOUTHAMPTON,45,70,25,1214,620,12,80,0,131,2230,425,4852,2013-11-30
SOUTHEND-ON-SEA,33,50,15,1354,584,7,41,0,79,2152,306,4621,2013-11-30
SOUTHWARK,3,193,28,1873,997,15,228,1,235,4608,1159,9340,2013-11-30
SPELTHORNE,0,32,8,702,336,3,58,0,71,1097,272,2579,2013-11-30
ST ALBANS,24,62,33,1037,496,6,77,0,149,1619,298,3801,2013-11-30
ST EDMUNDSBURY,45,18,21,652,304,2,44,1,140,939,188,2354,2013-11-30
ST HELENS,25,34,36,803,401,14,53,0,173,1476,264,3279,2013-11-30
STAFFORD,38,42,16,702,404,3,31,0,171,1028,215,2650,2013-11-30
STAFFORDSHIRE MOORLANDS,45,13,30,463,233,3,25,0,160,786,114,1872,2013-11-30
STEVENAGE,3,21,16,477,224,2,34,1,17,515,137,1447,2013-11-30
STOCKPORT,47,48,22,2057,893,10,45,0,238,2921,503,6784,2013-11-30
STOCKTON-ON-TEES,18,52,42,1087,476,16,86,0,145,1568,259,3749,2013-11-30
STOKE-ON-TRENT,32,26,50,1396,585,24,63,0,172,1930,261,4539,2013-11-30
STRATFORD-ON-AVON,53,18,44,809,398,4,43,0,207,1335,295,3206,2013-11-30
STROUD,70,10,52,778,384,3,63,2,159,1052,236,2809,2013-11-30
SUFFOLK COASTAL,58,23,31,856,399,8,48,0,172,1116,255,2966,2013-11-30
SUNDERLAND,13,57,47,1324,576,16,97,0,122,1885,419,4556,2013-11-30
SURREY HEATH,4,17,20,596,298,2,41,0,83,885,216,2162,2013-11-30
SUTTON,1,79,25,1279,640,2,70,0,74,1977,436,4583,2013-11-30
SWALE,7,17,31,843,368,7,53,0,110,1250,248,2934,2013-11-30
SWANSEA,65,43,51,1649,686,7,46,0,306,2033,326,5212,2013-11-30
SWINDON,26,43,56,1326,646,8,113,0,136,1801,393,4548,2013-11-30
TAMESIDE,113,119,22,2389,526,9,42,0,135,1988,365,5708,2013-11-30
TAMWORTH,9,14,17,432,179,3,35,0,56,575,117,1437,2013-11-30
TANDRIDGE,4,14,18,610,318,1,31,0,103,1013,225,2337,2013-11-30
TAUNTON DEANE,38,33,68,658,309,7,115,1,170,1081,211,2691,2013-11-30
TEIGNBRIDGE,30,37,75,873,434,1,120,0,199,1349,312,3430,2013-11-30
TENDRING,70,21,25,761,439,5,47,1,197,1283,251,3100,2013-11-30
TEST VALLEY,32,29,44,714,368,11,78,0,164,1024,256,2720,2013-11-30
TEWKESBURY,25,26,41,588,1054,14,59,6,136,896,203,3048,2013-11-30
THANET,7,36,17,900,438,10,24,0,91,1378,230,3131,2013-11-30
THE VALE OF GLAMORGAN,23,17,19,783,373,9,34,0,173,1209,229,2869,2013-11-30
THREE RIVERS,7,20,10,580,255,12,25,0,57,845,187,1998,2013-11-30
THURROCK,10,44,37,992,458,4,52,1,95,1583,373,3649,2013-11-30
TONBRIDGE AND MALLING,4,7,35,820,407,2,82,1,150,1253,326,3087,2013-11-30
TORBAY,25,47,30,941,463,7,38,0,113,1221,253,3138,2013-11-30
TORFAEN,29,24,26,503,183,5,26,0,71,806,141,1814,2013-11-30
TORRIDGE,37,12,28,517,249,3,37,1,100,665,152,1801,2013-11-30
TOWER HAMLETS,1,259,9,1738,970,23,358,1,267,5414,1259,10299,2013-11-30
TRAFFORD,49,41,20,1417,730,12,44,0,199,2391,521,5424,2013-11-30
TUNBRIDGE WELLS,6,26,14,831,465,12,31,0,179,1572,326,3462,2013-11-30
UTTLESFORD,24,7,57,492,263,0,63,0,147,939,247,2239,2013-11-30
VALE OF WHITE HORSE,22,55,35,748,382,8,118,0,152,1395,294,3209,2013-11-30
VALE ROYAL,0,0,0,0,0,0,0,0,2,0,0,2,2013-11-30
WAKEFIELD,36,105,80,1540,720,16,131,0,243,2615,439,5925,2013-11-30
WALSALL,32,43,59,1219,526,8,69,2,190,1923,351,4422,2013-11-30
WALTHAM FOREST,19,76,14,1405,729,10,96,0,126,2766,497,5738,2013-11-30
WANDSWORTH,2,205,15,2820,1415,36,277,0,229,6550,1564,13113,2013-11-30
WARRINGTON,118,49,16,1300,607,8,78,1,145,2307,467,5096,2013-11-30
WARWICK,21,48,21,968,440,8,53,0,95,1518,418,3590,2013-11-30
WATFORD,13,62,15,640,290,2,70,0,68,1341,254,2755,2013-11-30
WAVENEY,61,29,23,718,338,7,15,0,102,880,155,2328,2013-11-30
WAVERLEY,9,35,14,886,461,5,45,0,186,1388,296,3325,2013-11-30
WEALDEN,28,32,79,1051,573,2,143,0,197,1717,422,4244,2013-11-30
WELLINGBOROUGH,32,16,15,410,197,3,18,0,55,555,141,1442,2013-11-30
WELWYN HATFIELD,32,30,25,661,292,2,37,2,70,1041,279,2471,2013-11-30
WEST BERKSHIRE,7,61,45,1093,541,3,83,0,148,1527,338,3846,2013-11-30
WEST DEVON,40,3,19,393,179,8,40,0,107,566,125,1480,2013-11-30
WEST DORSET,60,27,47,626,333,4,49,0,166,1138,230,2680,2013-11-30
WEST LANCASHIRE,31,17,17,500,262,4,38,0,123,856,132,1980,2013-11-30
WEST LINDSEY,54,20,39,616,305,5,56,0,141,807,170,2213,2013-11-30
WEST OXFORDSHIRE,31,22,28,702,347,4,35,0,136,949,262,2516,2013-11-30
WEST SOMERSET,16,6,14,188,77,1,34,0,97,497,95,1025,2013-11-30
WEST WILTSHIRE,0,0,0,0,0,0,0,0,0,1,0,1,2013-11-30
WEYMOUTH AND PORTLAND,18,15,21,411,197,1,23,0,51,708,98,1543,2013-11-30
WIGAN,94,43,61,1596,789,34,67,0,325,2923,466,6398,2013-11-30
WILTSHIRE,197,79,182,2829,1380,17,302,0,543,4017,966,10512,2013-11-30
WINCHESTER,38,31,59,790,393,7,45,0,206,1291,308,3168,2013-11-30
WINDSOR AND MAIDENHEAD,9,75,19,1038,490,27,98,0,151,2011,423,4341,2013-11-30
WIRRAL,31,56,33,1732,737,38,48,0,151,2440,352,5618,2013-11-30
WOKING,1,36,7,694,360,3,60,0,115,1094,258,2628,2013-11-30
WOKINGHAM,10,45,34,1166,546,20,88,2,109,1524,363,3907,2013-11-30
WOLVERHAMPTON,43,27,55,1006,512,14,94,0,177,1648,271,3847,2013-11-30
WORCESTER,16,23,28,694,302,12,17,1,95,855,206,2249,2013-11-30
WREKIN,31,49,43,787,413,6,112,2,153,1453,307,3356,2013-11-30
WORTHING,12,54,13,786,384,4,32,0,70,1154,273,2782,2013-11-30
WREXHAM,52,29,20,604,295,12,34,0,121,1027,163,2357,2013-11-30
WYCHAVON,63,15,56,832,370,16,118,1,183,1020,217,2891,2013-11-30
WYCOMBE,46,43,41,1025,483,21,85,0,180,1580,415,3919,2013-11-30
WYRE,55,18,14,504,299,6,18,0,118,924,126,2082,2013-11-30
WYRE FOREST,62,28,30,511,245,7,55,2,133,857,153,2083,2013-11-30
YORK,77,29,23,1170,595,5,70,0,214,1763,318,4264,2013-11-30
ALL COUNTIES,16,0,0,0,0,0,0,0,0,4,69,89,2013-10-31
ADUR,11,18,5,478,231,40,58,0,48,622,144,1655,2013-10-31
ALLERDALE,45,11,47,1435,309,9,60,0,218,1179,166,3479,2013-10-31
AMBER VALLEY,69,13,55,855,375,3,44,0,139,1066,218,2837,2013-10-31
ARUN,23,38,44,1276,562,4,71,0,157,1910,481,4566,2013-10-31
ASHFIELD,32,29,42,692,319,9,55,0,109,932,220,2439,2013-10-31
ASHFORD,10,13,25,888,439,8,53,0,161,1635,368,3600,2013-10-31
AYLESBURY VALE,37,41,157,1270,558,49,175,5,222,1875,573,4962,2013-10-31
BABERGH,34,3,32,599,260,4,37,0,108,737,174,1988,2013-10-31
BARKING AND DAGENHAM,11,62,26,849,339,9,63,0,70,1909,396,3734,2013-10-31
BARNET,42,243,25,2435,1107,21,141,2,237,5132,960,10345,2013-10-31
BARNSLEY,47,52,88,1220,566,12,87,0,224,2154,393,4843,2013-10-31
BARROW-IN-FURNESS,37,7,9,618,194,2,14,0,76,592,92,1641,2013-10-31
BASILDON,22,56,25,1123,492,5,76,0,113,1616,417,3945,2013-10-31
BASINGSTOKE AND DEANE,157,43,32,1209,574,4,119,0,189,1742,417,4486,2013-10-31
BASSETLAW,84,16,32,730,285,4,44,0,193,1201,188,2777,2013-10-31
BATH AND NORTH EAST SOMERSET,59,61,77,1732,575,9,97,2,251,2204,420,5487,2013-10-31
BEDFORD,18,46,67,1025,504,4,181,0,157,1808,375,4185,2013-10-31
BEXLEY,18,98,28,1524,685,12,90,0,96,2225,452,5228,2013-10-31
BIRMINGHAM,113,249,147,5135,2360,43,465,2,668,10717,1537,21436,2013-10-31
BLABY,18,15,44,549,283,1,40,0,92,759,154,1955,2013-10-31
BLACKBURN WITH DARWEN,9,14,23,764,300,13,49,0,179,1626,266,3243,2013-10-31
BLACKPOOL,30,7,3,856,437,18,17,0,156,1708,225,3457,2013-10-31
BLAENAU GWENT,20,17,10,325,142,7,18,0,43,523,76,1181,2013-10-31
BOLSOVER,25,11,18,448,194,4,23,0,59,630,133,1545,2013-10-31
BOLTON,23,58,31,1507,638,18,70,0,271,2929,483,6028,2013-10-31
BOSTON,26,12,21,376,191,3,24,0,100,535,96,1384,2013-10-31
BOURNEMOUTH,51,121,13,1452,620,13,62,0,108,2446,447,5333,2013-10-31
BRACKNELL FOREST,4,27,23,975,374,14,72,0,131,1306,313,3239,2013-10-31
BRADFORD,69,69,84,2373,1113,26,149,0,382,3797,677,8739,2013-10-31
BRAINTREE,33,16,33,1055,497,10,51,0,196,1456,370,3717,2013-10-31
BRECKLAND,43,12,48,794,398,8,95,1,214,1223,301,3137,2013-10-31
BRENT,4,142,14,1595,760,12,159,0,189,3579,690,7144,2013-10-31
BRENTWOOD,14,33,13,629,284,1,37,0,106,955,175,2247,2013-10-31
BRIDGEND,30,44,41,1693,415,13,72,0,137,1320,205,3970,2013-10-31
BRIDGNORTH,0,0,0,0,0,0,0,0,1,0,0,1,2013-10-31
BRIGHTON AND HOVE,21,189,21,2427,1048,13,116,0,207,3965,881,8888,2013-10-31
BROADLAND,64,23,28,863,409,3,42,1,154,1020,240,2847,2013-10-31
BROMLEY,12,116,115,2463,1165,8,92,0,182,3745,746,8644,2013-10-31
BROMSGROVE,22,8,22,667,317,2,37,0,127,954,201,2357,2013-10-31
BROXBOURNE,6,14,26,702,270,2,48,0,84,1053,256,2461,2013-10-31
BROXTOWE,25,17,20,580,269,1,17,0,98,910,154,2091,2013-10-31
BURNLEY,15,22,14,555,224,14,26,0,127,1360,153,2510,2013-10-31
BURY,17,32,23,1233,510,8,30,0,260,2047,345,4505,2013-10-31
CAERPHILLY,49,24,42,994,434,3,64,0,247,1436,227,3520,2013-10-31
CALDERDALE,47,17,43,1231,622,9,52,0,275,2176,334,4806,2013-10-31
CAMBRIDGE,11,87,57,714,289,4,156,0,152,1255,186,2911,2013-10-31
CAMDEN,3,393,6,1873,810,19,227,0,282,5874,1085,10572,2013-10-31
CANNOCK CHASE,14,11,21,635,252,2,34,0,83,874,147,2073,2013-10-31
CANTERBURY,16,96,34,1090,524,2,70,2,156,1725,366,4081,2013-10-31
CARDIFF,56,76,38,2323,1005,17,58,1,284,3953,652,8463,2013-10-31
CARLISLE,69,23,47,774,305,3,48,0,207,1205,198,2879,2013-10-31
CARMARTHENSHIRE,105,19,93,2079,460,15,84,0,410,1754,228,5247,2013-10-31
CASTLE MORPETH,0,0,0,0,0,0,0,0,1,0,0,1,2013-10-31
CASTLE POINT,31,9,1,592,247,1,19,0,117,763,129,1909,2013-10-31
CENTRAL BEDFORDSHIRE,51,79,212,1896,880,7,172,1,298,2648,691,6935,2013-10-31
CEREDIGION,65,9,38,463,184,0,23,0,151,782,103,1818,2013-10-31
CHARNWOOD,34,19,86,1034,439,5,66,1,136,1333,269,3422,2013-10-31
CHELMSFORD,37,51,29,1172,518,5,68,1,210,1689,394,4174,2013-10-31
CHELTENHAM,32,46,22,844,398,7,52,0,117,1242,285,3045,2013-10-31
CHERWELL,36,17,38,1188,497,56,61,0,214,1559,386,4052,2013-10-31
CHESHIRE EAST,81,57,69,2625,1196,26,138,0,511,4081,871,9655,2013-10-31
CHESHIRE WEST AND CHESTER,63,94,83,2588,999,11,169,0,379,3300,650,8336,2013-10-31
CHESTER,0,0,0,0,0,0,0,0,1,0,0,1,2013-10-31
CHESTERFIELD,20,12,14,560,288,16,40,1,73,811,145,1980,2013-10-31
CHICHESTER,38,45,44,848,382,5,61,0,244,1524,317,3508,2013-10-31
CHILTERN,34,35,19,666,295,22,55,0,138,1011,238,2513,2013-10-31
CHORLEY,40,58,37,687,316,3,83,0,165,1162,212,2763,2013-10-31
CHRISTCHURCH,5,20,11,410,173,7,27,0,41,574,167,1435,2013-10-31
CITY OF BRISTOL,60,170,36,2932,1404,14,138,0,343,4782,997,10876,2013-10-31
CITY OF DERBY,33,41,42,1286,602,12,70,0,135,2006,395,4622,2013-10-31
CITY OF KINGSTON UPON HULL,30,58,79,1477,552,20,96,0,145,1902,272,4631,2013-10-31
CITY OF LONDON,3,159,3,438,129,294,239,2,160,2101,361,3889,2013-10-31
CITY OF NOTTINGHAM,218,119,37,1392,709,27,75,0,195,3111,550,6433,2013-10-31
CITY OF PETERBOROUGH,66,71,69,1299,519,7,130,1,172,1647,396,4377,2013-10-31
CITY OF PLYMOUTH,38,83,65,1675,684,10,102,2,124,2289,429,5501,2013-10-31
CITY OF WESTMINSTER,12,459,36,3167,1338,28,324,0,609,12388,2461,20822,2013-10-31
COLCHESTER,48,54,95,1312,554,12,164,0,214,1752,399,4604,2013-10-31
CONGLETON,0,0,0,0,0,0,0,0,2,0,0,2,2013-10-31
CONWY,62,24,17,708,371,2,63,0,182,1164,218,2811,2013-10-31
COPELAND,31,9,18,414,197,4,19,0,118,680,124,1614,2013-10-31
CORBY,11,12,63,376,181,4,67,0,49,673,155,1591,2013-10-31
CORNWALL,337,240,281,4116,1748,25,364,0,1097,6003,1201,15412,2013-10-31
COTSWOLD,34,25,64,668,360,8,75,0,183,1203,299,2919,2013-10-31
COUNTY DURHAM,152,118,145,3374,1308,44,179,0,567,5938,954,12779,2013-10-31
COVENTRY,35,35,65,1564,714,8,102,2,193,2670,461,5849,2013-10-31
CRAVEN,28,7,10,338,172,0,16,0,118,562,132,1383,2013-10-31
CRAWLEY,3,28,30,630,300,4,38,0,58,1220,300,2611,2013-10-31
CROYDON,5,154,20,2368,1144,15,153,1,198,4560,932,9550,2013-10-31
DACORUM,30,40,54,997,513,16,60,1,120,1588,340,3759,2013-10-31
DARLINGTON,8,15,18,705,300,12,29,0,79,979,171,2316,2013-10-31
DARTFORD,5,50,16,714,292,4,113,0,86,1164,234,2678,2013-10-31
DAVENTRY,27,8,36,539,252,2,52,0,96,904,202,2118,2013-10-31
DENBIGHSHIRE,52,26,26,574,276,7,27,0,148,1030,175,2341,2013-10-31
DERBYSHIRE DALES,50,13,38,660,210,6,44,0,190,721,128,2060,2013-10-31
DONCASTER,95,37,39,1786,736,36,94,0,273,2558,509,6163,2013-10-31
DOVER,4,20,21,745,399,5,44,0,102,1087,229,2656,2013-10-31
DUDLEY,47,74,62,1550,753,15,85,0,263,2606,451,5906,2013-10-31
DURHAM,0,0,0,0,0,0,0,0,1,0,0,1,2013-10-31
EALING,2,215,17,2086,901,18,186,1,196,4164,898,8684,2013-10-31
EAST CAMBRIDGESHIRE,45,19,24,648,295,4,43,1,111,877,163,2230,2013-10-31
EAST DEVON,61,46,91,1062,449,23,131,0,219,1521,382,3985,2013-10-31
EAST DORSET,21,15,12,566,279,7,27,0,107,876,160,2070,2013-10-31
EAST HAMPSHIRE,47,39,57,874,408,6,60,0,179,1236,331,3237,2013-10-31
EAST HERTFORDSHIRE,30,42,61,1265,575,4,83,0,151,1780,397,4388,2013-10-31
EAST LINDSEY,94,24,41,1189,475,12,40,0,266,1302,224,3667,2013-10-31
EAST NORTHAMPTONSHIRE,21,15,33,612,297,3,47,0,84,837,176,2125,2013-10-31
EAST RIDING OF YORKSHIRE,138,72,78,3308,1054,14,122,0,385,2983,484,8638,2013-10-31
EAST STAFFORDSHIRE,43,19,25,597,265,2,25,0,161,953,181,2271,2013-10-31
EASTBOURNE,3,66,13,842,408,1,45,0,41,1343,341,3103,2013-10-31
EASTLEIGH,37,28,36,935,403,9,40,0,143,1473,315,3419,2013-10-31
EDEN,93,13,31,491,132,5,37,0,162,728,98,1790,2013-10-31
ELMBRIDGE,4,60,33,1313,616,8,62,0,154,2041,489,4780,2013-10-31
ENFIELD,6,124,15,2142,849,16,107,0,210,4282,657,8408,2013-10-31
EPPING FOREST,31,47,29,1024,429,1,49,2,166,1638,313,3729,2013-10-31
EPSOM AND EWELL,1,40,9,623,268,0,44,0,41,842,191,2059,2013-10-31
EREWASH,20,22,17,7468,371,4,37,0,93,1014,235,9281,2013-10-31
EXETER,27,28,43,840,385,9,59,0,109,1284,250,3034,2013-10-31
FAREHAM,37,35,25,846,367,9,43,1,76,1043,247,2729,2013-10-31
FENLAND,38,5,40,632,293,2,50,3,132,946,168,2309,2013-10-31
FLINTSHIRE,77,33,45,909,361,10,62,0,185,1372,285,3339,2013-10-31
FOREST HEATH,20,12,24,409,180,0,40,0,63,577,141,1466,2013-10-31
FOREST OF DEAN,29,9,27,437,200,7,48,0,125,684,152,1718,2013-10-31
FYLDE,7,16,17,3390,264,1,23,2,126,1028,206,5080,2013-10-31
GATESHEAD,27,58,73,1137,491,12,61,0,173,2380,404,4816,2013-10-31
GEDLING,30,17,13,698,317,5,35,0,75,974,219,2383,2013-10-31
GLOUCESTER,15,26,51,798,330,4,76,1,143,1305,295,3044,2013-10-31
GOSPORT,18,19,13,552,336,6,20,0,66,769,173,1972,2013-10-31
GRAVESHAM,6,129,12,520,264,0,17,0,77,1040,178,2243,2013-10-31
GREAT YARMOUTH,65,17,33,1526,273,3,12,0,103,892,145,3069,2013-10-31
GREENWICH,9,123,96,1720,721,19,253,0,146,2951,760,6798,2013-10-31
GUILDFORD,9,29,22,984,425,7,36,0,177,1800,389,3878,2013-10-31
GWYNEDD,131,18,50,683,312,1,48,0,297,1167,191,2898,2013-10-31
HACKNEY,1,198,9,1425,707,11,203,0,168,3662,923,7307,2013-10-31
HALTON,18,19,20,772,318,4,32,0,115,1266,220,2784,2013-10-31
HAMBLETON,55,4,33,589,266,4,31,0,175,886,157,2200,2013-10-31
HAMMERSMITH AND FULHAM,1,164,3,1953,829,14,94,0,157,4004,866,8085,2013-10-31
HARBOROUGH,21,30,35,577,289,4,68,1,119,873,196,2213,2013-10-31
HARINGEY,2,153,11,1649,746,26,110,2,131,3648,566,7044,2013-10-31
HARLOW,2,15,24,527,224,1,36,0,44,757,205,1835,2013-10-31
HARROGATE,52,26,20,1092,483,4,33,0,254,1606,297,3867,2013-10-31
HARROW,2,119,15,1409,638,11,80,0,139,2389,428,5230,2013-10-31
HART,22,31,53,761,334,5,45,1,125,979,244,2600,2013-10-31
HARTLEPOOL,9,26,15,505,200,11,16,0,50,797,133,1762,2013-10-31
HASTINGS,1,42,14,653,296,2,34,0,68,1330,258,2698,2013-10-31
HAVANT,31,19,26,799,410,9,37,0,68,1020,243,2662,2013-10-31
HAVERING,24,115,37,1518,712,8,121,1,132,2610,452,5730,2013-10-31
HEREFORDSHIRE,76,26,41,1055,507,6,89,1,277,1677,402,4157,2013-10-31
HERTSMERE,7,38,16,644,354,5,54,4,89,1251,245,2707,2013-10-31
HIGH PEAK,28,15,14,777,289,4,20,0,160,936,146,2389,2013-10-31
HILLINGDON,1,86,33,1610,757,6,126,0,147,3027,578,6371,2013-10-31
HINCKLEY AND BOSWORTH,30,21,39,756,352,5,57,0,122,1013,219,2614,2013-10-31
HORSHAM,34,44,75,980,498,75,98,0,260,1756,398,4218,2013-10-31
HOUNSLOW,6,121,8,1716,824,8,126,0,152,3268,628,6857,2013-10-31
HUNTINGDONSHIRE,51,23,97,1257,615,7,90,5,164,1615,460,4384,2013-10-31
HYNDBURN,26,19,0,464,248,6,24,0,143,907,167,2004,2013-10-31
IPSWICH,16,29,20,866,367,5,41,0,70,1191,226,2831,2013-10-31
ISLE OF ANGLESEY,89,10,27,3183,210,3,35,0,164,683,85,4489,2013-10-31
ISLE OF WIGHT,83,30,71,981,460,11,50,0,227,1501,362,3776,2013-10-31
ISLES OF SCILLY,0,2,2,9,12,3,1,0,3,5,2,39,2013-10-31
ISLINGTON,2,234,18,1589,763,41,153,0,167,3912,771,7650,2013-10-31
KENSINGTON AND CHELSEA,5,216,14,2013,791,13,136,2,334,6271,1241,11036,2013-10-31
KETTERING,16,23,34,659,286,4,42,0,60,930,191,2245,2013-10-31
KING'S LYNN AND WEST NORFOLK,127,38,53,1129,450,10,101,3,244,1422,369,3946,2013-10-31
KINGSTON UPON THAMES,6,97,12,1323,613,7,67,0,97,2017,385,4624,2013-10-31
KIRKLEES,64,52,71,2341,1155,21,112,0,355,4008,728,8907,2013-10-31
KNOWSLEY,13,42,18,683,246,8,50,0,125,1183,216,2584,2013-10-31
LAMBETH,2,272,20,2432,1204,121,203,0,256,5883,1105,11498,2013-10-31
LANCASTER,44,26,15,858,395,3,20,0,197,1235,203,2996,2013-10-31
LEEDS,126,208,133,4928,2060,39,328,0,709,7046,1236,16813,2013-10-31
LEICESTER,9,50,61,1480,521,7,52,0,195,2180,423,4978,2013-10-31
LEWES,16,20,13,793,363,0,25,0,114,1264,272,2880,2013-10-31
LEWISHAM,0,229,17,2075,913,7,225,1,179,3479,769,7894,2013-10-31
LICHFIELD,22,10,40,896,371,3,33,0,98,1155,232,2860,2013-10-31
LINCOLN,24,35,28,589,252,4,34,0,117,832,135,2050,2013-10-31
LIVERPOOL,64,190,53,6150,1096,35,509,0,333,5042,716,14188,2013-10-31
LUTON,22,32,13,994,450,7,44,0,95,1700,287,3644,2013-10-31
MAIDSTONE,9,24,35,1052,528,2,71,1,203,1739,454,4118,2013-10-31
MALDON,19,6,9,443,194,2,21,0,119,740,136,1689,2013-10-31
MALVERN HILLS,59,21,24,460,203,6,42,0,129,802,143,1889,2013-10-31
MANCHESTER,23,163,57,2520,1230,34,217,0,523,6881,1398,13046,2013-10-31
MANSFIELD,32,26,21,561,279,10,41,0,104,1011,234,2319,2013-10-31
MEDWAY,11,48,38,1676,782,10,98,0,166,2480,540,5849,2013-10-31
MELTON,20,8,15,334,144,2,22,0,75,482,121,1223,2013-10-31
MENDIP,51,15,49,754,378,3,60,0,204,1162,264,2940,2013-10-31
MERTHYR TYDFIL,11,7,21,296,119,1,31,0,57,487,86,1116,2013-10-31
MERTON,5,110,21,1619,740,1,88,0,112,2684,545,5925,2013-10-31
MID DEVON,48,10,34,535,229,2,33,0,150,773,151,1965,2013-10-31
MID SUFFOLK,35,7,53,706,322,12,77,0,150,963,209,2534,2013-10-31
MID SUSSEX,15,43,53,1146,511,26,110,0,175,1714,430,4223,2013-10-31
MIDDLESBROUGH,13,22,15,681,275,5,27,0,99,1152,187,2476,2013-10-31
MILTON KEYNES,50,102,130,1719,723,11,303,2,183,2657,774,6654,2013-10-31
MOLE VALLEY,7,28,34,661,273,3,39,2,123,1131,262,2563,2013-10-31
MONMOUTHSHIRE,27,33,51,583,255,3,36,0,147,893,210,2238,2013-10-31
NEATH PORT TALBOT,34,24,31,842,320,4,34,0,207,1335,187,3018,2013-10-31
NEW FOREST,43,35,37,1239,619,24,61,0,195,1954,404,4611,2013-10-31
NEWARK AND SHERWOOD,51,26,35,2499,333,5,32,0,200,1254,246,4681,2013-10-31
NEWCASTLE UPON TYNE,33,85,57,1517,619,25,86,0,197,2957,568,6144,2013-10-31
NEWCASTLE-UNDER-LYME,42,29,28,2460,264,3,39,0,118,1091,177,4251,2013-10-31
NEWHAM,7,86,7,1305,575,7,59,0,178,3681,675,6580,2013-10-31
NEWPORT,22,52,39,832,344,8,62,0,217,1742,228,3546,2013-10-31
NORTH CORNWALL,0,0,0,0,0,0,0,0,1,1,0,2,2013-10-31
NORTH DEVON,45,23,59,773,346,6,61,0,148,988,182,2631,2013-10-31
NORTH DORSET,39,11,28,517,201,5,49,0,107,656,202,1815,2013-10-31
NORTH EAST DERBYSHIRE,46,10,17,618,245,3,25,0,132,869,164,2129,2013-10-31
NORTH EAST LINCOLNSHIRE,29,36,28,988,474,13,50,0,169,1457,227,3471,2013-10-31
NORTH HERTFORDSHIRE,38,44,26,899,390,14,46,0,109,1278,349,3193,2013-10-31
NORTH KESTEVEN,62,19,55,812,390,5,47,0,260,1409,210,3269,2013-10-31
NORTH LINCOLNSHIRE,75,56,49,952,387,9,59,0,186,1557,204,3534,2013-10-31
NORTH NORFOLK,63,21,55,770,385,31,59,1,217,1043,275,2920,2013-10-31
NORTH SOMERSET,71,78,43,1552,732,8,96,0,185,1951,534,5250,2013-10-31
NORTH TYNESIDE,23,84,54,1419,595,8,64,0,124,1754,381,4506,2013-10-31
NORTH WARWICKSHIRE,18,7,11,383,178,5,18,0,81,725,134,1560,2013-10-31
NORTH WEST LEICESTERSHIRE,26,37,48,604,282,5,55,0,119,1015,198,2389,2013-10-31
NORTH WILTSHIRE,0,0,0,0,0,0,0,0,1,0,0,1,2013-10-31
NORTHAMPTON,67,40,56,1505,661,16,83,1,147,2268,521,5365,2013-10-31
NORTHUMBERLAND,99,52,115,2912,848,16,121,0,430,3282,713,8588,2013-10-31
NORWICH,11,53,31,873,364,4,63,1,120,1317,225,3062,2013-10-31
NUNEATON AND BEDWORTH,7,33,27,667,297,6,29,0,79,767,165,2077,2013-10-31
OADBY AND WIGSTON,10,9,1,276,116,2,11,0,34,375,73,907,2013-10-31
OLDHAM,19,52,34,1124,478,11,60,0,264,2392,348,4782,2013-10-31
OXFORD,12,33,18,809,330,25,61,0,143,1400,281,3112,2013-10-31
PEMBROKESHIRE,71,14,51,707,309,15,54,0,250,1104,218,2793,2013-10-31
PENDLE,23,11,15,515,211,7,16,0,146,905,109,1958,2013-10-31
PENWITH,0,0,0,1,0,0,0,0,1,0,0,2,2013-10-31
POOLE,15,50,30,1256,531,16,71,0,108,1644,370,4091,2013-10-31
PORTSMOUTH,44,65,22,1364,625,9,36,0,133,2084,332,4714,2013-10-31
POWYS,84,7,47,873,348,21,49,0,285,1632,203,3549,2013-10-31
PRESTON,14,17,11,764,344,8,62,0,160,1420,213,3013,2013-10-31
PURBECK,23,16,11,316,162,2,34,0,80,492,107,1243,2013-10-31
READING,21,75,22,1099,518,5,92,0,118,2303,479,4732,2013-10-31
REDBRIDGE,14,50,15,1603,688,15,28,0,122,2997,531,6063,2013-10-31
REDCAR AND CLEVELAND,16,35,46,744,330,6,43,0,90,1124,191,2625,2013-10-31
REDDITCH,19,18,3,576,260,2,26,0,77,962,178,2121,2013-10-31
REIGATE AND BANSTEAD,10,67,59,1118,524,2,83,0,206,1862,447,4378,2013-10-31
RHONDDA CYNON TAFF,81,37,63,1346,664,27,59,0,294,2406,324,5301,2013-10-31
RIBBLE VALLEY,24,32,22,371,171,5,23,0,155,636,109,1548,2013-10-31
RICHMOND UPON THAMES,7,162,18,1697,829,29,90,1,125,3005,586,6549,2013-10-31
RICHMONDSHIRE,38,8,31,299,131,1,14,0,101,426,72,1121,2013-10-31
ROCHDALE,16,55,37,1195,484,6,49,0,219,2007,287,4355,2013-10-31
ROCHFORD,30,5,9,568,241,2,28,1,92,735,145,1856,2013-10-31
ROSSENDALE,10,12,8,499,192,4,21,0,189,735,149,1819,2013-10-31
ROTHER,17,32,23,748,394,4,45,0,133,1276,298,2970,2013-10-31
ROTHERHAM,55,59,95,1450,610,30,122,0,167,2076,367,5031,2013-10-31
RUGBY,11,16,40,693,305,3,68,0,114,1053,220,2523,2013-10-31
RUNNYMEDE,7,16,21,667,302,1,20,0,102,1169,245,2550,2013-10-31
RUSHCLIFFE,16,25,36,765,344,4,39,0,152,1137,283,2801,2013-10-31
RUSHMOOR,27,42,22,618,330,14,47,0,65,865,264,2294,2013-10-31
RUTLAND,41,12,17,243,132,2,21,0,66,397,90,1021,2013-10-31
RYEDALE,24,6,28,350,199,2,32,0,90,569,94,1394,2013-10-31
SALFORD,23,128,23,1322,583,22,240,0,193,2919,701,6154,2013-10-31
SANDWELL,28,57,57,1302,658,8,85,0,175,2512,401,5283,2013-10-31
SCARBOROUGH,68,47,30,704,366,4,44,0,135,976,196,2570,2013-10-31
SEDGEMOOR,68,19,72,814,451,1,78,0,198,1111,280,3092,2013-10-31
SEFTON,66,51,30,1567,747,17,71,0,181,2451,393,5574,2013-10-31
SELBY,41,15,29,623,290,5,40,0,213,1012,185,2453,2013-10-31
SEVENOAKS,10,40,49,790,382,4,46,0,147,1498,438,3404,2013-10-31
SHEFFIELD,114,104,79,3002,1500,20,145,0,464,5192,935,11555,2013-10-31
SHEPWAY,7,17,22,782,405,4,32,0,116,1268,240,2893,2013-10-31
SHREWSBURY AND ATCHAM,0,0,0,0,0,0,0,0,1,0,0,1,2013-10-31
SHROPSHIRE,119,52,120,1928,848,7,160,0,510,3088,663,7495,2013-10-31
SLOUGH,15,29,26,800,348,5,33,0,67,1355,352,3030,2013-10-31
SOLIHULL,26,36,41,1412,594,23,87,0,151,2307,374,5051,2013-10-31
SOUTH BUCKS,18,32,19,511,252,3,31,0,70,1018,190,2144,2013-10-31
SOUTH CAMBRIDGESHIRE,37,103,210,1397,480,7,145,0,203,1574,350,4506,2013-10-31
SOUTH DERBYSHIRE,32,23,66,620,295,9,59,0,116,1007,218,2445,2013-10-31
SOUTH GLOUCESTERSHIRE,61,51,93,2169,762,10,161,0,269,2547,492,6615,2013-10-31
SOUTH HAMS,31,15,50,756,376,9,61,0,213,1261,261,3033,2013-10-31
SOUTH HOLLAND,55,9,35,605,266,11,44,0,131,798,178,2132,2013-10-31
SOUTH KESTEVEN,55,22,54,1015,465,9,86,0,218,1206,263,3393,2013-10-31
SOUTH LAKELAND,72,18,45,984,333,1,45,0,211,1154,206,3069,2013-10-31
SOUTH NORFOLK,89,10,69,839,412,11,99,2,197,1138,333,3199,2013-10-31
SOUTH NORTHAMPTONSHIRE,30,8,43,623,271,1,63,0,97,938,248,2322,2013-10-31
SOUTH OXFORDSHIRE,31,55,53,1074,486,7,75,0,181,1525,378,3865,2013-10-31
SOUTH RIBBLE,28,18,15,642,283,5,22,0,134,985,168,2300,2013-10-31
SOUTH SHROPSHIRE,0,0,0,0,0,0,0,0,1,0,0,1,2013-10-31
SOUTH SOMERSET,157,21,77,1282,518,8,78,0,231,1449,359,4180,2013-10-31
SOUTH STAFFORDSHIRE,44,8,22,498,257,3,29,0,126,796,165,1948,2013-10-31
SOUTH TYNESIDE,7,48,40,743,292,10,32,0,85,1250,214,2721,2013-10-31
SOUTHAMPTON,41,96,38,1422,641,11,190,0,144,2390,454,5427,2013-10-31
SOUTHEND-ON-SEA,25,66,18,1387,708,10,56,1,69,2227,399,4966,2013-10-31
SOUTHWARK,5,211,23,2256,978,23,201,0,254,5199,956,10106,2013-10-31
SPELTHORNE,0,23,13,667,355,5,57,0,77,1224,312,2733,2013-10-31
ST ALBANS,20,43,29,1025,500,7,65,1,132,1604,326,3752,2013-10-31
ST EDMUNDSBURY,39,17,30,759,342,5,29,0,153,944,248,2566,2013-10-31
ST HELENS,24,49,13,893,433,7,63,0,177,1731,298,3688,2013-10-31
STAFFORD,62,14,24,759,383,9,110,0,188,1158,250,2957,2013-10-31
STAFFORDSHIRE MOORLANDS,48,12,18,494,250,3,21,0,153,837,133,1969,2013-10-31
STEVENAGE,5,30,22,477,202,3,44,0,27,654,207,1671,2013-10-31
STOCKPORT,44,35,21,1868,868,11,45,0,333,3018,539,6782,2013-10-31
STOCKTON-ON-TEES,23,72,46,1090,471,13,85,1,129,1674,335,3939,2013-10-31
STOKE-ON-TRENT,42,29,33,1375,575,14,57,0,196,2273,373,4967,2013-10-31
STRATFORD-ON-AVON,43,26,45,814,476,5,67,1,230,1650,352,3709,2013-10-31
STROUD,83,20,43,773,391,3,105,0,154,1143,291,3006,2013-10-31
SUFFOLK COASTAL,57,21,42,849,390,4,76,0,217,1387,320,3363,2013-10-31
SUNDERLAND,21,48,47,1478,597,13,65,0,186,2137,406,4998,2013-10-31
SURREY HEATH,1,7,15,595,290,4,39,0,99,894,229,2173,2013-10-31
SUTTON,6,68,23,1431,633,4,71,0,102,2198,466,5002,2013-10-31
SWALE,9,27,29,910,392,8,59,0,143,1512,306,3395,2013-10-31
SWANSEA,59,46,38,2822,690,12,77,0,328,2347,324,6743,2013-10-31
SWINDON,38,46,65,1350,604,20,118,0,129,1948,473,4791,2013-10-31
TAMESIDE,27,118,26,2034,502,6,59,0,144,2115,357,5388,2013-10-31
TAMWORTH,10,17,27,490,207,2,42,0,69,639,113,1616,2013-10-31
TANDRIDGE,5,14,26,640,296,1,41,0,107,975,240,2345,2013-10-31
TAUNTON DEANE,229,24,70,1926,331,4,125,0,161,1176,255,4301,2013-10-31
TEIGNBRIDGE,44,53,83,1013,456,10,119,0,255,1374,347,3754,2013-10-31
TENDRING,61,17,24,878,429,5,55,0,272,1351,267,3359,2013-10-31
TEST VALLEY,29,41,62,765,356,28,86,0,153,1114,295,2929,2013-10-31
TEWKESBURY,48,16,39,675,256,5,43,14,113,836,348,2393,2013-10-31
THANET,5,28,5,867,443,3,38,0,109,1500,316,3314,2013-10-31
THE VALE OF GLAMORGAN,21,26,41,969,423,9,53,0,135,1305,243,3225,2013-10-31
THREE RIVERS,12,8,31,520,309,3,20,1,70,985,219,2178,2013-10-31
THURROCK,16,57,44,1071,404,11,50,0,124,1966,454,4197,2013-10-31
TONBRIDGE AND MALLING,7,23,20,853,433,5,82,0,173,1354,288,3238,2013-10-31
TORBAY,24,33,20,1007,469,4,33,0,119,1429,331,3469,2013-10-31
TORFAEN,16,17,25,584,219,5,36,0,81,645,121,1749,2013-10-31
TORRIDGE,46,9,39,525,257,1,36,0,133,705,157,1908,2013-10-31
TOWER HAMLETS,6,296,22,2029,877,11,323,1,280,5142,1144,10131,2013-10-31
TRAFFORD,35,46,11,1514,700,18,45,0,180,2907,543,5999,2013-10-31
TUNBRIDGE WELLS,4,36,19,926,463,8,31,0,162,1581,358,3588,2013-10-31
TYNEDALE,0,0,0,0,0,0,0,0,1,0,0,1,2013-10-31
UTTLESFORD,39,7,57,623,274,3,55,4,173,1037,209,2481,2013-10-31
VALE OF WHITE HORSE,13,42,47,856,361,4,108,0,168,1533,311,3443,2013-10-31
VALE ROYAL,0,0,0,0,0,0,0,0,1,0,0,1,2013-10-31
WAKEFIELD,56,56,55,1772,768,17,137,0,299,2723,444,6327,2013-10-31
WALSALL,30,29,65,1264,618,6,88,4,193,1996,395,4688,2013-10-31
WALTHAM FOREST,15,142,15,1553,701,6,70,0,125,3015,519,6161,2013-10-31
WANDSWORTH,7,307,43,3224,1533,12,154,0,197,6337,1256,13070,2013-10-31
WARRINGTON,40,81,17,1396,656,9,80,0,188,2276,434,5177,2013-10-31
WARWICK,23,57,32,1037,476,3,29,0,459,1460,301,3877,2013-10-31
WATFORD,13,51,19,693,296,3,60,1,51,1313,217,2717,2013-10-31
WAVENEY,45,9,24,703,374,1,25,0,157,982,189,2509,2013-10-31
WAVERLEY,11,28,37,1077,444,7,51,0,210,1902,370,4137,2013-10-31
WEALDEN,34,28,79,1144,574,10,90,0,259,2002,452,4672,2013-10-31
WELLINGBOROUGH,23,13,16,484,189,4,21,0,71,655,176,1652,2013-10-31
WELWYN HATFIELD,14,47,26,1456,353,6,42,0,93,1022,246,3305,2013-10-31
WEST BERKSHIRE,13,54,38,1312,526,3,84,0,126,1848,423,4427,2013-10-31
WEST DEVON,40,6,40,423,196,3,31,0,122,610,164,1635,2013-10-31
WEST DORSET,49,49,39,825,325,10,52,1,182,1047,306,2885,2013-10-31
WEST LANCASHIRE,31,11,21,549,266,6,31,0,122,960,141,2138,2013-10-31
WEST LINDSEY,52,14,27,655,270,4,54,0,184,862,135,2257,2013-10-31
WEST OXFORDSHIRE,34,17,58,833,366,2,39,0,150,1110,274,2883,2013-10-31
WEST SOMERSET,19,5,18,251,102,5,20,0,84,400,72,976,2013-10-31
WEST WILTSHIRE,0,0,0,0,0,0,0,0,2,0,0,2,2013-10-31
WEYMOUTH AND PORTLAND,22,21,17,573,251,1,29,0,53,626,157,1750,2013-10-31
WIGAN,83,30,31,1737,775,28,72,0,346,3216,541,6859,2013-10-31
WILTSHIRE,191,134,259,3178,1395,11,304,1,658,4296,1157,11584,2013-10-31
WINCHESTER,47,68,57,859,359,13,89,0,204,1444,340,3480,2013-10-31
WINDSOR AND MAIDENHEAD,28,70,22,1123,577,24,69,0,190,1973,419,4495,2013-10-31
WIRRAL,49,64,31,1828,818,27,58,0,188,2672,454,6189,2013-10-31
WOKING,1,68,8,849,340,0,44,0,90,1679,320,3399,2013-10-31
WOKINGHAM,8,88,41,1263,589,7,100,0,124,1950,428,4598,2013-10-31
WOLVERHAMPTON,43,32,39,923,507,5,93,0,248,1804,303,3997,2013-10-31
WORCESTER,13,25,19,670,364,7,34,0,95,881,167,2275,2013-10-31
WREKIN,33,46,57,951,378,5,99,1,190,1448,324,3532,2013-10-31
WORTHING,10,64,9,843,428,20,21,0,55,1283,316,3049,2013-10-31
WREXHAM,34,39,33,655,250,8,50,0,162,1068,152,2451,2013-10-31
WYCHAVON,61,15,47,861,352,8,62,0,225,1303,265,3199,2013-10-31
WYCOMBE,82,39,42,1236,496,5,61,0,226,1742,397,4326,2013-10-31
WYRE,24,16,11,572,233,4,31,0,156,1095,141,2283,2013-10-31
WYRE FOREST,48,24,36,520,245,15,57,0,129,822,173,2069,2013-10-31
YORK,66,25,34,1284,618,11,58,0,219,1552,330,4197,2013-10-31
ALL COUNTIES,2,0,0,0,0,0,0,0,0,4,67,73,2013-09-30
ADUR,11,16,10,411,216,1,10,0,42,569,136,1422,2013-09-30
ALLERDALE,257,11,50,597,249,4,57,0,207,1067,154,2653,2013-09-30
AMBER VALLEY,40,11,32,689,339,3,33,0,115,989,182,2433,2013-09-30
ARUN,15,35,27,969,526,7,48,0,120,2065,461,4273,2013-09-30
ASHFIELD,20,21,42,655,274,5,39,0,97,863,192,2208,2013-09-30
ASHFORD,7,7,25,793,320,5,34,0,155,1423,333,3102,2013-09-30
AYLESBURY VALE,48,38,154,1158,532,5,172,1,161,1765,497,4531,2013-09-30
BABERGH,49,7,33,438,231,0,28,0,115,699,161,1761,2013-09-30
BARKING AND DAGENHAM,7,142,20,751,344,16,61,0,66,1584,361,3352,2013-09-30
BARNET,10,164,21,2089,975,7,145,0,174,4308,862,8755,2013-09-30
BARNSLEY,32,50,67,1041,509,11,82,0,145,1705,337,3979,2013-09-30
BARROW-IN-FURNESS,24,7,10,368,187,5,14,0,36,494,67,1212,2013-09-30
BASILDON,12,41,31,1031,470,6,117,1,122,1457,341,3629,2013-09-30
BASINGSTOKE AND DEANE,75,22,51,1065,519,4,64,0,141,1545,374,3860,2013-09-30
BASSETLAW,40,16,30,660,264,3,38,0,133,909,163,2256,2013-09-30
BATH AND NORTH EAST SOMERSET,36,38,29,1133,505,3,86,0,262,1973,349,4414,2013-09-30
BEDFORD,22,37,76,894,425,1,151,0,150,1424,301,3481,2013-09-30
BEXLEY,15,43,15,1415,654,2,93,0,70,2084,404,4795,2013-09-30
BIRMINGHAM,110,180,150,4597,2098,42,305,2,636,8965,1325,18410,2013-09-30
BLABY,15,6,36,505,215,3,41,0,61,765,154,1801,2013-09-30
BLACKBURN WITH DARWEN,10,81,25,604,335,5,25,0,152,1213,193,2643,2013-09-30
BLACKPOOL,24,21,4,759,402,14,6,0,173,1424,177,3004,2013-09-30
BLAENAU GWENT,33,2,15,304,122,5,7,0,52,507,64,1111,2013-09-30
BOLSOVER,13,10,17,404,149,1,20,0,45,537,115,1311,2013-09-30
BOLTON,17,54,35,1347,591,12,88,0,229,2568,370,5311,2013-09-30
BOSTON,25,14,7,311,137,3,11,0,66,515,115,1204,2013-09-30
BOURNEMOUTH,23,79,9,1344,586,11,79,0,112,1828,427,4498,2013-09-30
BRACKNELL FOREST,4,18,34,810,380,4,41,1,117,1125,331,2865,2013-09-30
BRADFORD,45,29,48,2652,962,15,155,0,329,3611,617,8463,2013-09-30
BRAINTREE,26,24,25,886,428,4,39,1,156,1362,333,3284,2013-09-30
BRECKLAND,55,12,46,773,335,17,90,1,194,1128,268,2919,2013-09-30
BRENT,2,145,16,1432,608,9,97,0,106,3513,585,6513,2013-09-30
BRENTWOOD,9,25,19,553,298,0,55,1,89,1034,161,2244,2013-09-30
BRIDGEND,28,37,36,865,385,16,60,1,124,1182,207,2941,2013-09-30
BRIGHTON AND HOVE,11,173,14,1986,980,5,70,1,167,3293,755,7455,2013-09-30
BROADLAND,59,17,29,776,341,4,43,0,162,897,204,2532,2013-09-30
BROMLEY,8,124,125,2102,1060,7,119,0,153,3539,686,7923,2013-09-30
BROMSGROVE,18,7,25,624,271,1,18,2,115,772,146,1999,2013-09-30
BROXBOURNE,15,20,29,522,251,4,49,0,47,904,192,2033,2013-09-30
BROXTOWE,16,8,9,535,257,3,27,0,83,705,133,1776,2013-09-30
BURNLEY,8,21,11,423,221,5,34,0,107,1117,151,2098,2013-09-30
BURY,18,49,19,1023,500,10,28,0,171,1673,319,3810,2013-09-30
CAERPHILLY,41,18,60,803,384,6,58,1,169,1258,200,2998,2013-09-30
CALDERDALE,29,9,19,1099,534,6,46,0,218,1683,267,3910,2013-09-30
CAMBRIDGE,16,165,68,689,288,0,188,0,154,1050,178,2796,2013-09-30
CAMDEN,2,256,13,1563,713,16,152,0,249,5452,974,9390,2013-09-30
CANNOCK CHASE,16,26,12,504,214,4,29,0,81,731,124,1741,2013-09-30
CANTERBURY,11,41,31,945,516,6,62,0,101,1645,337,3695,2013-09-30
CARDIFF,51,64,44,1993,943,17,86,0,222,3055,552,7027,2013-09-30
CARLISLE,87,8,24,580,278,3,45,0,149,959,186,2319,2013-09-30
CARMARTHENSHIRE,84,19,75,937,483,10,86,0,277,1529,246,3746,2013-09-30
CASTLE MORPETH,0,0,0,0,0,0,0,0,1,0,0,1,2013-09-30
CASTLE POINT,35,6,1,497,241,2,10,0,118,613,95,1618,2013-09-30
CENTRAL BEDFORDSHIRE,51,45,167,1768,783,8,220,1,255,2360,513,6171,2013-09-30
CEREDIGION,50,2,36,362,174,2,25,0,147,628,86,1512,2013-09-30
CHARNWOOD,33,18,67,933,374,3,79,0,164,1469,249,3389,2013-09-30
CHELMSFORD,35,25,14,1027,497,3,52,0,168,1583,339,3743,2013-09-30
CHELTENHAM,30,37,13,736,374,2,49,0,114,1124,252,2731,2013-09-30
CHERWELL,32,29,21,1040,476,17,84,0,155,1386,392,3632,2013-09-30
CHESHIRE EAST,62,68,49,2305,1002,38,127,0,378,3613,821,8463,2013-09-30
CHESHIRE WEST AND CHESTER,60,72,41,3227,864,17,159,1,363,3153,586,8543,2013-09-30
CHESTERFIELD,15,14,10,510,212,8,23,0,76,727,162,1757,2013-09-30
CHICHESTER,38,32,34,733,334,2,68,0,226,1305,310,3082,2013-09-30
CHILTERN,15,17,28,639,275,19,21,0,104,1338,227,2683,2013-09-30
CHORLEY,24,50,30,568,274,5,93,0,157,934,172,2307,2013-09-30
CHRISTCHURCH,12,12,14,313,178,4,17,0,39,514,115,1218,2013-09-30
CITY OF BRISTOL,52,140,40,2691,1271,17,127,0,279,4259,973,9849,2013-09-30
CITY OF DERBY,18,32,31,1221,508,12,60,0,102,1899,340,4223,2013-09-30
CITY OF KINGSTON UPON HULL,11,36,50,1147,496,8,87,0,111,1551,264,3761,2013-09-30
CITY OF LONDON,6,61,0,347,139,152,320,0,144,2043,316,3528,2013-09-30
CITY OF NOTTINGHAM,158,114,24,1266,589,19,110,0,187,2297,404,5168,2013-09-30
CITY OF PETERBOROUGH,28,39,49,895,418,9,134,3,104,1556,351,3586,2013-09-30
CITY OF PLYMOUTH,27,48,47,1378,667,14,103,1,158,1853,389,4685,2013-09-30
CITY OF WESTMINSTER,11,355,18,2905,1241,26,293,0,515,10720,2186,18270,2013-09-30
COLCHESTER,60,35,56,1141,531,4,162,0,192,1605,372,4158,2013-09-30
CONWY,103,28,22,702,298,2,36,0,175,1064,216,2646,2013-09-30
COPELAND,23,7,18,399,149,2,19,0,108,619,95,1439,2013-09-30
CORBY,8,9,42,422,157,7,54,0,37,723,144,1603,2013-09-30
CORNWALL,278,147,230,3361,1459,25,292,1,1000,5652,1208,13653,2013-09-30
COTSWOLD,43,13,42,806,312,4,52,4,153,1130,280,2839,2013-09-30
COUNTY DURHAM,194,114,128,3974,1318,28,180,0,481,4675,762,11854,2013-09-30
COVENTRY,50,43,88,1345,639,8,100,0,191,2371,354,5189,2013-09-30
CRAVEN,14,5,8,341,132,1,15,0,94,516,104,1230,2013-09-30
CRAWLEY,5,11,9,661,273,0,29,0,50,937,229,2204,2013-09-30
CROYDON,5,129,18,1990,999,15,124,0,178,3931,758,8147,2013-09-30
DACORUM,23,45,36,865,390,2,50,1,93,1209,273,2987,2013-09-30
DARLINGTON,10,10,12,617,271,10,22,0,59,746,106,1863,2013-09-30
DARTFORD,5,52,19,607,308,8,85,0,87,979,233,2383,2013-09-30
DAVENTRY,13,5,17,502,227,2,32,0,96,834,181,1909,2013-09-30
DENBIGHSHIRE,41,4,11,558,221,2,23,0,140,781,148,1929,2013-09-30
DERBYSHIRE DALES,52,8,26,585,173,10,32,0,165,672,107,1830,2013-09-30
DERWENTSIDE,0,0,0,0,0,0,0,0,0,1,0,1,2013-09-30
DONCASTER,86,38,28,1501,668,13,80,0,252,2240,392,5298,2013-09-30
DOVER,11,14,18,647,324,2,32,0,120,1025,209,2402,2013-09-30
DUDLEY,56,48,58,1463,623,12,103,0,194,2286,374,5217,2013-09-30
DURHAM,0,0,0,0,0,0,0,0,1,0,0,1,2013-09-30
EALING,6,111,24,1867,845,16,173,1,150,3697,637,7527,2013-09-30
EAST CAMBRIDGESHIRE,24,6,26,521,278,4,25,2,112,773,175,1946,2013-09-30
EAST DEVON,34,38,53,985,513,9,90,0,196,1538,283,3739,2013-09-30
EAST DORSET,18,10,9,538,224,2,15,0,107,725,204,1852,2013-09-30
EAST HAMPSHIRE,29,25,66,753,357,5,67,1,201,1202,271,2977,2013-09-30
EAST HERTFORDSHIRE,26,70,71,1004,441,1,79,0,139,1488,372,3691,2013-09-30
EAST LINDSEY,69,28,37,693,351,7,28,0,221,1224,212,2870,2013-09-30
EAST NORTHAMPTONSHIRE,14,10,16,486,219,2,54,2,83,805,192,1883,2013-09-30
EAST RIDING OF YORKSHIRE,88,45,63,1906,880,25,121,0,331,3048,441,6948,2013-09-30
EAST STAFFORDSHIRE,39,11,13,585,228,3,31,0,121,1067,182,2280,2013-09-30
EASTBOURNE,0,36,16,670,356,1,64,0,30,1173,295,2641,2013-09-30
EASTLEIGH,6,27,45,850,388,9,37,0,115,1091,240,2808,2013-09-30
EDEN,49,6,15,512,148,0,33,0,128,586,114,1591,2013-09-30
ELMBRIDGE,13,86,20,1180,558,3,48,0,133,1789,411,4241,2013-09-30
ENFIELD,8,106,17,1590,727,7,94,0,218,3492,592,6851,2013-09-30
EPPING FOREST,26,21,20,803,389,2,39,2,157,1516,292,3267,2013-09-30
EPSOM AND EWELL,2,25,10,547,260,3,15,0,35,703,155,1755,2013-09-30
EREWASH,25,25,23,689,304,7,28,0,91,855,172,2219,2013-09-30
EXETER,14,24,30,784,389,7,40,0,88,1058,249,2683,2013-09-30
FAREHAM,21,28,40,723,322,3,36,0,77,1024,200,2474,2013-09-30
FENLAND,33,5,21,567,262,12,31,0,104,825,140,2000,2013-09-30
FLINTSHIRE,38,18,38,837,339,4,55,0,168,1161,203,2861,2013-09-30
FOREST HEATH,14,3,21,325,176,2,35,0,68,524,116,1284,2013-09-30
FOREST OF DEAN,32,9,32,472,167,8,42,5,96,613,135,1611,2013-09-30
FYLDE,27,22,10,535,232,1,33,0,97,965,150,2072,2013-09-30
GATESHEAD,34,51,58,1511,520,7,74,0,114,1781,294,4444,2013-09-30
GEDLING,17,14,14,667,283,4,25,0,70,825,205,2124,2013-09-30
GLOUCESTER,15,39,37,740,307,8,77,0,131,930,260,2544,2013-09-30
GOSPORT,14,18,11,492,212,1,16,0,50,717,146,1677,2013-09-30
GRAVESHAM,7,142,24,559,244,3,29,0,55,809,157,2029,2013-09-30
GREAT YARMOUTH,37,6,13,576,248,2,18,0,82,679,133,1794,2013-09-30
GREENWICH,1,133,32,1552,721,10,245,0,120,2657,636,6107,2013-09-30
GUILDFORD,9,27,18,932,446,1,35,0,146,1562,335,3511,2013-09-30
GWYNEDD,161,14,27,643,258,13,50,0,194,1073,170,2603,2013-09-30
HACKNEY,3,249,9,1384,658,53,183,1,131,3020,805,6496,2013-09-30
HALTON,19,14,16,852,285,5,46,0,106,2298,161,3802,2013-09-30
HAMBLETON,32,5,41,451,222,2,37,0,129,761,153,1833,2013-09-30
HAMMERSMITH AND FULHAM,2,204,20,1556,896,7,90,0,152,3588,697,7212,2013-09-30
HARBOROUGH,31,21,32,558,227,0,78,0,107,801,200,2055,2013-09-30
HARINGEY,10,141,23,1321,669,3,60,0,93,3095,504,5919,2013-09-30
HARLOW,3,8,18,424,187,1,28,0,42,665,194,1570,2013-09-30
HARROGATE,50,19,46,1037,442,3,51,0,206,1470,269,3593,2013-09-30
HARROW,3,78,9,1191,559,12,64,1,93,2440,382,4832,2013-09-30
HART,12,9,37,539,301,1,52,0,91,934,283,2259,2013-09-30
HARTLEPOOL,6,49,32,438,254,9,24,0,49,682,110,1653,2013-09-30
HASTINGS,2,24,20,563,287,3,35,0,61,966,192,2153,2013-09-30
HAVANT,21,25,23,694,243,0,39,0,76,993,216,2330,2013-09-30
HAVERING,19,32,34,1394,660,1,165,1,118,2331,377,5132,2013-09-30
HEREFORDSHIRE,61,17,66,962,441,8,68,2,261,1538,328,3752,2013-09-30
HERTSMERE,7,49,16,585,270,2,51,4,97,1010,209,2300,2013-09-30
HIGH PEAK,34,8,18,571,252,1,9,0,129,778,140,1940,2013-09-30
HILLINGDON,1,73,37,1496,673,8,87,0,154,2684,497,5710,2013-09-30
HINCKLEY AND BOSWORTH,32,23,22,1324,262,9,46,0,89,847,176,2830,2013-09-30
HORSHAM,21,36,33,916,424,4,116,0,226,1489,316,3581,2013-09-30
HOUNSLOW,3,141,13,1432,713,14,79,0,132,2910,507,5944,2013-09-30
HUNTINGDONSHIRE,32,22,58,1079,484,6,147,0,199,1442,363,3832,2013-09-30
HYNDBURN,13,15,4,408,236,5,10,0,147,903,157,1898,2013-09-30
IPSWICH,23,33,17,707,318,7,28,0,85,1054,197,2469,2013-09-30
ISLE OF ANGLESEY,189,4,31,388,176,2,34,0,168,641,115,1748,2013-09-30
ISLE OF WIGHT,36,40,54,910,408,4,65,0,195,1421,336,3469,2013-09-30
ISLES OF SCILLY,1,0,0,2,3,0,8,0,6,16,3,39,2013-09-30
ISLINGTON,0,196,18,1350,673,5,118,0,116,3157,619,6252,2013-09-30
KENSINGTON AND CHELSEA,5,151,8,1660,862,12,88,0,199,5363,1045,9393,2013-09-30
KETTERING,24,12,23,515,239,2,43,0,84,776,211,1929,2013-09-30
KING'S LYNN AND WEST NORFOLK,90,21,49,858,413,14,48,0,295,1334,280,3402,2013-09-30
KINGSTON UPON THAMES,4,104,9,1161,528,5,79,0,84,2037,472,4483,2013-09-30
KIRKLEES,51,66,75,2082,990,14,106,0,290,3616,567,7857,2013-09-30
KNOWSLEY,9,26,12,558,204,9,61,0,102,1018,168,2167,2013-09-30
LAMBETH,3,208,5,2076,1105,10,135,0,186,4499,921,9148,2013-09-30
LANCASTER,58,16,20,734,369,12,24,0,198,1084,185,2700,2013-09-30
LEEDS,90,184,165,3917,1672,29,326,0,638,6196,1154,14371,2013-09-30
LEICESTER,9,61,33,1527,555,17,66,0,202,2051,381,4902,2013-09-30
LEWES,11,18,15,689,301,3,30,0,138,1186,241,2632,2013-09-30
LEWISHAM,2,161,21,1699,896,11,196,0,101,3315,653,7055,2013-09-30
LICHFIELD,14,12,40,602,274,0,29,0,85,851,164,2071,2013-09-30
LINCOLN,25,23,21,559,231,5,28,0,95,717,121,1825,2013-09-30
LIVERPOOL,50,221,63,2048,1015,34,271,0,307,4542,767,9318,2013-09-30
LUTON,14,29,7,896,395,11,22,0,63,1517,303,3257,2013-09-30
MACCLESFIELD,0,0,0,0,0,0,0,0,0,2,0,2,2013-09-30
MAIDSTONE,6,23,35,983,449,5,58,0,192,1616,364,3731,2013-09-30
MALDON,18,3,11,529,174,3,13,0,100,560,107,1518,2013-09-30
MALVERN HILLS,33,6,25,408,175,2,35,0,130,682,132,1628,2013-09-30
MANCHESTER,21,178,41,2380,1017,25,205,0,374,5264,1235,10740,2013-09-30
MANSFIELD,15,17,33,524,206,5,38,0,95,724,163,1820,2013-09-30
MEDWAY,10,34,25,1587,660,14,115,0,137,2181,551,5314,2013-09-30
MELTON,22,7,12,280,125,0,15,0,70,363,101,995,2013-09-30
MENDIP,48,26,47,617,306,2,68,0,155,1152,244,2665,2013-09-30
MERTHYR TYDFIL,15,5,16,310,128,1,16,0,109,456,76,1132,2013-09-30
MERTON,2,55,13,1375,664,4,72,0,100,2404,465,5154,2013-09-30
MID BEDFORDSHIRE,0,0,0,0,0,0,0,0,0,1,0,1,2013-09-30
MID DEVON,17,12,30,469,267,4,35,0,114,653,163,1764,2013-09-30
MID SUFFOLK,44,5,30,566,245,13,81,1,153,867,217,2222,2013-09-30
MID SUSSEX,11,25,43,960,438,3,72,2,155,1612,355,3676,2013-09-30
MIDDLESBROUGH,7,11,15,564,416,1,37,0,58,894,139,2142,2013-09-30
MILTON KEYNES,50,117,114,1473,611,2,216,0,148,2229,594,5554,2013-09-30
MOLE VALLEY,7,11,19,586,282,0,17,1,84,936,191,2134,2013-09-30
MONMOUTHSHIRE,41,19,42,555,236,5,64,0,126,771,171,2030,2013-09-30
NEATH PORT TALBOT,31,19,22,658,306,5,33,0,153,1183,144,2554,2013-09-30
NEW FOREST,26,23,62,1053,525,6,29,0,177,1746,385,4032,2013-09-30
NEWARK AND SHERWOOD,40,15,25,1547,279,5,44,0,142,951,178,3226,2013-09-30
NEWCASTLE UPON TYNE,30,52,55,1340,621,21,89,0,173,2343,438,5162,2013-09-30
NEWCASTLE-UNDER-LYME,19,21,52,654,235,5,30,0,106,1151,153,2426,2013-09-30
NEWHAM,5,82,5,1182,518,4,95,0,171,3473,547,6082,2013-09-30
NEWPORT,20,71,53,825,360,13,64,0,149,1524,205,3284,2013-09-30
NORTH CORNWALL,0,0,0,0,0,0,0,0,0,1,0,1,2013-09-30
NORTH DEVON,44,18,35,580,295,2,40,0,144,972,152,2282,2013-09-30
NORTH DORSET,31,7,51,407,234,1,35,0,119,557,143,1585,2013-09-30
NORTH EAST DERBYSHIRE,33,10,17,481,238,1,10,0,109,685,148,1732,2013-09-30
NORTH EAST LINCOLNSHIRE,34,32,26,844,374,10,40,0,104,1180,185,2829,2013-09-30
NORTH HERTFORDSHIRE,26,45,20,867,391,5,52,1,95,1072,272,2846,2013-09-30
NORTH KESTEVEN,34,8,35,797,282,1,46,1,178,974,249,2605,2013-09-30
NORTH LINCOLNSHIRE,79,43,39,871,360,11,37,0,159,1237,189,3025,2013-09-30
NORTH NORFOLK,71,25,28,651,296,5,36,3,215,1031,236,2597,2013-09-30
NORTH SOMERSET,50,53,47,1364,639,5,82,0,177,1860,448,4725,2013-09-30
NORTH TYNESIDE,17,56,38,1273,622,11,63,0,114,1600,275,4069,2013-09-30
NORTH WARWICKSHIRE,18,10,5,407,139,2,14,1,79,591,119,1385,2013-09-30
NORTH WEST LEICESTERSHIRE,31,18,64,554,280,2,53,0,130,897,150,2179,2013-09-30
NORTHAMPTON,62,40,44,1420,578,15,96,0,141,1997,483,4876,2013-09-30
NORTHUMBERLAND,72,29,97,1743,682,11,104,0,317,2579,500,6134,2013-09-30
NORWICH,13,42,24,725,372,10,62,0,101,1115,201,2665,2013-09-30
NUNEATON AND BEDWORTH,8,24,12,618,267,3,35,0,74,838,179,2058,2013-09-30
OADBY AND WIGSTON,9,6,1,246,117,1,7,0,24,337,63,811,2013-09-30
OLDHAM,30,50,41,1100,467,4,38,0,189,1952,316,4187,2013-09-30
OXFORD,8,27,16,767,360,21,28,0,167,1394,234,3022,2013-09-30
PEMBROKESHIRE,71,16,59,699,285,7,50,0,277,1091,205,2760,2013-09-30
PENDLE,20,11,16,404,230,6,23,0,126,1008,95,1939,2013-09-30
PENWITH,0,0,0,0,0,0,0,0,1,0,0,1,2013-09-30
POOLE,17,54,15,1017,459,6,39,2,96,1553,365,3623,2013-09-30
PORTSMOUTH,44,43,7,1044,510,11,38,0,119,1889,274,3979,2013-09-30
POWYS,110,13,45,683,312,5,38,0,264,1240,205,2915,2013-09-30
PRESTON,12,20,10,795,303,6,22,0,110,1153,179,2610,2013-09-30
PURBECK,15,16,4,271,120,1,25,0,73,428,96,1049,2013-09-30
READING,10,67,34,936,526,3,87,0,94,1932,348,4037,2013-09-30
REDBRIDGE,16,41,6,1337,610,6,45,0,111,2570,410,5152,2013-09-30
REDCAR AND CLEVELAND,12,21,33,650,309,5,41,0,80,966,159,2276,2013-09-30
REDDITCH,15,28,16,525,205,4,9,0,66,721,152,1741,2013-09-30
REIGATE AND BANSTEAD,1,34,39,1043,504,5,81,0,159,1648,451,3965,2013-09-30
RHONDDA CYNON TAFF,89,22,47,1208,509,10,63,0,227,1968,278,4421,2013-09-30
RIBBLE VALLEY,16,31,17,315,160,1,20,0,124,531,80,1295,2013-09-30
RICHMOND UPON THAMES,2,99,13,1481,739,6,53,0,124,2395,470,5382,2013-09-30
RICHMONDSHIRE,17,1,11,418,109,1,11,0,64,407,67,1106,2013-09-30
ROCHDALE,18,81,62,939,383,10,59,0,174,1782,365,3873,2013-09-30
ROCHFORD,24,4,9,490,249,1,39,2,78,618,105,1619,2013-09-30
ROSSENDALE,5,11,22,365,194,2,24,0,157,723,109,1612,2013-09-30
ROTHER,13,21,20,647,266,7,41,0,142,1118,216,2491,2013-09-30
ROTHERHAM,28,50,83,1237,516,13,94,0,164,1781,319,4285,2013-09-30
RUGBY,15,13,28,611,302,7,60,0,88,913,211,2248,2013-09-30
RUNNYMEDE,6,13,24,526,260,2,28,0,67,853,172,1951,2013-09-30
RUSHCLIFFE,11,18,26,722,321,2,41,0,144,932,189,2406,2013-09-30
RUSHMOOR,11,12,13,574,262,11,36,0,62,806,221,2008,2013-09-30
RUTLAND,11,9,18,231,100,1,25,0,52,330,75,852,2013-09-30
RYEDALE,40,9,22,359,124,0,26,0,80,429,73,1162,2013-09-30
SALFORD,25,119,28,1377,582,21,125,0,150,2408,478,5313,2013-09-30
SANDWELL,20,52,70,1205,554,13,89,0,156,2244,352,4755,2013-09-30
SCARBOROUGH,52,31,29,632,297,3,25,0,98,1004,165,2336,2013-09-30
SEDGEFIELD,0,0,0,0,0,0,0,0,0,1,1,2,2013-09-30
SEDGEMOOR,40,21,49,630,297,2,58,0,159,981,191,2428,2013-09-30
SEFTON,34,39,40,1449,564,16,48,0,178,2241,331,4940,2013-09-30
SELBY,27,11,31,522,229,4,19,0,143,821,169,1976,2013-09-30
SEVENOAKS,6,38,26,865,355,4,33,0,123,1703,255,3408,2013-09-30
SHEFFIELD,70,87,80,3047,1300,13,124,0,426,4229,857,10233,2013-09-30
SHEPWAY,10,22,17,714,345,7,42,0,93,1071,218,2539,2013-09-30
SHROPSHIRE,129,28,111,1726,737,20,110,1,484,2888,609,6843,2013-09-30
SLOUGH,10,33,25,1563,294,6,41,0,74,1355,368,3769,2013-09-30
SOLIHULL,23,48,49,1284,594,11,83,0,104,1905,316,4417,2013-09-30
SOUTH BEDFORDSHIRE,0,0,0,0,0,0,0,0,1,0,0,1,2013-09-30
SOUTH BUCKS,17,31,6,449,207,2,29,0,64,863,199,1867,2013-09-30
SOUTH CAMBRIDGESHIRE,38,58,81,956,457,2,112,0,187,1277,312,3480,2013-09-30
SOUTH DERBYSHIRE,18,15,36,660,238,4,54,0,105,838,146,2114,2013-09-30
SOUTH GLOUCESTERSHIRE,180,36,66,5633,671,7,181,0,246,2339,528,9887,2013-09-30
SOUTH HAMS,30,24,30,636,304,2,21,0,174,1074,261,2556,2013-09-30
SOUTH HOLLAND,43,5,13,519,244,6,50,0,87,757,166,1890,2013-09-30
SOUTH KESTEVEN,54,37,41,829,395,2,95,1,203,1114,252,3023,2013-09-30
SOUTH LAKELAND,192,18,21,722,306,1,45,0,197,988,166,2656,2013-09-30
SOUTH NORFOLK,72,35,62,746,387,3,103,1,172,1070,247,2898,2013-09-30
SOUTH NORTHAMPTONSHIRE,24,13,35,509,232,1,55,0,84,765,162,1880,2013-09-30
SOUTH OXFORDSHIRE,21,17,43,915,421,7,85,0,167,1423,323,3422,2013-09-30
SOUTH RIBBLE,31,20,9,631,279,5,23,0,93,843,161,2095,2013-09-30
SOUTH SOMERSET,67,37,65,1511,471,9,98,2,231,1328,324,4143,2013-09-30
SOUTH STAFFORDSHIRE,42,9,18,496,212,4,23,0,111,802,148,1865,2013-09-30
SOUTH TYNESIDE,11,46,56,880,283,4,44,0,59,1204,222,2809,2013-09-30
SOUTHAMPTON,42,58,27,1236,559,6,62,0,113,2024,400,4527,2013-09-30
SOUTHEND-ON-SEA,14,63,12,1194,558,6,41,6,74,2057,327,4352,2013-09-30
SOUTHWARK,4,247,14,1770,893,10,174,2,184,4606,853,8757,2013-09-30
SPELTHORNE,2,27,4,689,304,3,49,0,72,989,224,2363,2013-09-30
ST ALBANS,18,37,19,961,447,5,64,4,88,1275,260,3178,2013-09-30
ST EDMUNDSBURY,57,19,18,651,295,4,30,0,162,899,211,2346,2013-09-30
ST HELENS,29,63,29,843,373,9,51,0,188,1560,195,3340,2013-09-30
STAFFORD,22,13,24,636,302,6,85,2,181,1106,240,2617,2013-09-30
STAFFORDSHIRE MOORLANDS,34,2,27,462,200,3,24,0,132,761,106,1751,2013-09-30
STEVENAGE,7,11,27,417,219,2,25,0,26,623,164,1521,2013-09-30
STOCKPORT,34,31,22,1669,688,12,40,0,237,2510,548,5791,2013-09-30
STOCKTON-ON-TEES,22,96,51,1013,500,8,80,0,141,1407,305,3623,2013-09-30
STOKE-ON-TRENT,24,13,37,1200,503,9,65,0,164,1995,253,4263,2013-09-30
STRATFORD-ON-AVON,27,19,31,774,327,0,59,0,209,1291,310,3047,2013-09-30
STROUD,59,13,45,643,321,4,68,1,142,1005,205,2506,2013-09-30
SUFFOLK COASTAL,61,15,34,744,371,3,54,0,209,1159,250,2900,2013-09-30
SUNDERLAND,21,58,55,1373,501,13,62,0,119,1664,344,4210,2013-09-30
SURREY HEATH,4,5,13,552,256,0,33,0,79,840,194,1976,2013-09-30
SUTTON,1,63,28,1236,595,3,73,0,57,1875,399,4330,2013-09-30
SWALE,12,19,37,833,382,8,49,1,122,1348,264,3075,2013-09-30
SWANSEA,42,35,46,1253,556,10,60,0,547,1850,306,4705,2013-09-30
SWINDON,20,40,58,1238,571,14,72,0,155,1821,514,4503,2013-09-30
TAMESIDE,26,24,27,970,463,14,41,0,144,1882,341,3932,2013-09-30
TAMWORTH,5,13,11,393,167,2,24,0,56,614,111,1396,2013-09-30
TANDRIDGE,2,11,61,631,292,1,51,0,74,980,225,2328,2013-09-30
TAUNTON DEANE,39,19,47,1175,334,4,82,0,156,1079,229,3164,2013-09-30
TEIGNBRIDGE,20,17,69,838,406,4,98,2,178,1323,328,3283,2013-09-30
TENDRING,56,17,21,778,352,4,39,0,212,1205,244,2928,2013-09-30
TEST VALLEY,25,34,49,685,291,26,77,0,102,938,218,2445,2013-09-30
TEWKESBURY,31,15,47,514,240,2,69,3,93,760,213,1987,2013-09-30
THANET,5,40,9,880,419,8,31,0,88,1347,291,3118,2013-09-30
THE VALE OF GLAMORGAN,25,43,15,886,333,4,34,0,128,1128,186,2782,2013-09-30
THREE RIVERS,11,8,10,548,217,7,6,0,62,823,157,1849,2013-09-30
THURROCK,9,41,37,931,393,8,47,1,119,1590,354,3530,2013-09-30
TONBRIDGE AND MALLING,1,23,36,769,327,3,74,0,142,1183,267,2825,2013-09-30
TORBAY,12,36,19,850,446,6,47,0,103,1302,259,3080,2013-09-30
TORFAEN,44,19,15,430,206,5,30,0,67,580,115,1511,2013-09-30
TORRIDGE,40,11,30,405,209,2,30,0,107,684,122,1640,2013-09-30
TOWER HAMLETS,3,324,23,1895,906,16,193,1,224,5308,1036,9929,2013-09-30
TRAFFORD,20,48,28,1360,639,5,50,0,155,2094,523,4922,2013-09-30
TUNBRIDGE WELLS,2,14,18,822,377,3,34,0,213,1645,291,3419,2013-09-30
UTTLESFORD,18,10,45,507,245,3,77,0,133,835,208,2081,2013-09-30
VALE OF WHITE HORSE,11,33,40,847,377,8,86,0,214,1421,282,3319,2013-09-30
VALE ROYAL,0,0,0,1,0,0,0,0,0,0,0,1,2013-09-30
WAKEFIELD,45,43,36,1528,677,8,125,0,213,2307,453,5435,2013-09-30
WALSALL,35,35,50,1095,497,16,77,0,147,1709,300,3961,2013-09-30
WALTHAM FOREST,19,110,15,1261,629,6,78,0,118,2587,437,5260,2013-09-30
WANDSWORTH,3,195,12,2688,1368,12,144,0,161,5721,1063,11367,2013-09-30
WANSBECK,0,0,0,0,0,0,0,0,2,0,0,2,2013-09-30
WARRINGTON,134,70,18,1243,553,4,78,0,171,1929,325,4525,2013-09-30
WARWICK,22,33,26,919,406,2,56,0,224,1399,291,3378,2013-09-30
WATFORD,12,72,24,639,265,4,56,1,56,1182,174,2485,2013-09-30
WAVENEY,57,9,19,652,290,6,22,0,122,830,192,2199,2013-09-30
WAVERLEY,1,26,20,866,462,0,51,0,182,1495,316,3419,2013-09-30
WEALDEN,31,24,68,1011,468,4,104,0,215,1678,378,3981,2013-09-30
WELLINGBOROUGH,25,12,12,412,172,2,16,0,88,620,120,1479,2013-09-30
WELWYN HATFIELD,14,36,24,626,274,17,39,0,71,886,206,2193,2013-09-30
WEST BERKSHIRE,9,33,24,1084,523,4,79,1,170,1623,414,3964,2013-09-30
WEST DEVON,18,7,21,383,154,6,32,0,111,526,117,1375,2013-09-30
WEST DORSET,32,30,28,613,306,2,51,0,157,911,268,2398,2013-09-30
WEST LANCASHIRE,14,19,8,527,197,7,37,0,128,954,102,1993,2013-09-30
WEST LINDSEY,44,11,28,505,238,4,51,0,148,763,137,1929,2013-09-30
WEST OXFORDSHIRE,30,13,17,755,321,3,38,0,165,970,254,2566,2013-09-30
WEST SOMERSET,14,1,21,203,99,1,8,0,52,355,74,828,2013-09-30
WEYMOUTH AND PORTLAND,16,15,14,434,183,1,23,0,67,565,98,1416,2013-09-30
WIGAN,108,57,54,1466,712,23,59,0,353,2607,447,5886,2013-09-30
WILTSHIRE,129,80,228,2865,1255,24,280,0,560,3716,967,10104,2013-09-30
WINCHESTER,21,43,49,748,348,6,77,0,170,1197,267,2926,2013-09-30
WINDSOR AND MAIDENHEAD,47,28,22,1103,491,23,105,0,156,1880,388,4243,2013-09-30
WIRRAL,31,50,7,1591,755,30,48,0,177,2339,402,5430,2013-09-30
WOKING,1,49,14,703,353,1,38,0,84,1323,270,2836,2013-09-30
WOKINGHAM,5,38,33,1023,488,11,94,0,115,1483,377,3667,2013-09-30
WOLVERHAMPTON,51,41,60,973,431,13,74,4,177,1542,263,3629,2013-09-30
WORCESTER,15,32,23,597,251,7,26,0,69,778,167,1965,2013-09-30
WREKIN,19,26,72,856,430,2,109,1,144,1366,277,3302,2013-09-30
WORTHING,3,33,10,781,337,9,16,0,79,1214,242,2724,2013-09-30
WREXHAM,34,10,21,583,236,6,34,1,119,1008,170,2222,2013-09-30
WYCHAVON,55,14,53,721,272,2,64,2,209,1155,252,2799,2013-09-30
WYCOMBE,66,45,44,1074,507,5,58,0,207,1604,409,4019,2013-09-30
WYRE,30,25,16,568,247,0,17,0,122,878,107,2010,2013-09-30
WYRE FOREST,50,19,45,507,196,7,54,0,110,685,134,1807,2013-09-30
YORK,55,18,30,1162,562,8,52,0,199,1557,300,3943,2013-09-30
Total,9024,12420,10033,341853,150017,2402,21814,109,51882,522059,102924,1224537,2013-08-31
ALL COUNTIES,7,0,0,0,0,0,0,0,0,4,57,68,2013-08-31
ADUR,9,13,6,360,172,0,15,0,40,550,124,1289,2013-08-31
ALLERDALE,104,13,35,591,239,4,36,0,175,792,137,2126,2013-08-31
ALNWICK,0,0,0,0,0,0,0,0,1,0,0,1,2013-08-31
AMBER VALLEY,31,9,17,614,335,3,36,0,124,890,176,2235,2013-08-31
ARUN,14,23,16,1072,518,4,48,0,166,1735,398,3994,2013-08-31
ASHFIELD,11,16,28,647,311,6,45,0,78,811,176,2129,2013-08-31
ASHFORD,15,14,30,820,371,9,35,0,126,1330,283,3033,2013-08-31
AYLESBURY VALE,37,41,121,1189,574,19,150,1,205,1993,463,4793,2013-08-31
BABERGH,33,6,27,445,245,3,37,0,95,673,149,1713,2013-08-31
BARKING AND DAGENHAM,4,53,11,769,352,5,92,0,86,1603,360,3335,2013-08-31
BARNET,15,176,24,2210,1010,12,162,0,187,4420,712,8928,2013-08-31
BARNSLEY,73,48,56,1286,536,9,97,0,146,1719,311,4281,2013-08-31
BARROW-IN-FURNESS,22,10,9,323,161,5,11,0,46,476,59,1122,2013-08-31
BASILDON,14,32,28,1062,457,7,82,3,106,1466,321,3578,2013-08-31
BASINGSTOKE AND DEANE,18,14,29,969,512,10,83,0,178,1553,378,3744,2013-08-31
BASSETLAW,21,7,21,704,288,3,34,0,100,818,169,2165,2013-08-31
BATH AND NORTH EAST SOMERSET,45,36,36,1055,541,4,72,0,324,1944,383,4440,2013-08-31
BEDFORD,24,31,74,922,404,8,114,0,155,1377,276,3385,2013-08-31
BEXLEY,14,80,8,1226,633,15,78,0,105,1847,384,4390,2013-08-31
BIRMINGHAM,88,157,114,4462,2076,42,327,3,761,8768,1245,18043,2013-08-31
BLABY,13,7,37,528,238,3,44,0,63,707,149,1789,2013-08-31
BLACKBURN WITH DARWEN,13,16,11,535,231,6,27,0,135,1149,167,2290,2013-08-31
BLACKPOOL,24,3,5,743,315,7,12,0,142,1267,173,2691,2013-08-31
BLAENAU GWENT,32,8,12,303,159,7,7,0,57,491,87,1163,2013-08-31
BOLSOVER,20,9,17,398,197,6,19,0,72,551,118,1407,2013-08-31
BOLTON,17,26,24,1292,628,15,74,0,212,2411,409,5108,2013-08-31
BOSTON,20,17,18,372,140,2,22,0,80,458,119,1248,2013-08-31
BOURNEMOUTH,28,64,11,1228,618,7,49,0,95,1945,391,4436,2013-08-31
BRACKNELL FOREST,1,25,24,747,366,3,65,0,95,1037,282,2645,2013-08-31
BRADFORD,33,23,24,2561,1063,13,119,0,343,3292,565,8036,2013-08-31
BRAINTREE,23,12,17,864,427,5,51,0,196,1424,314,3333,2013-08-31
BRECKLAND,30,6,22,721,378,10,58,0,183,1027,206,2641,2013-08-31
BRENT,1,92,10,1523,635,6,81,0,135,3617,580,6680,2013-08-31
BRENTWOOD,13,35,16,516,270,0,34,1,113,891,159,2048,2013-08-31
BRIDGEND,35,15,47,788,365,11,58,0,116,1093,156,2684,2013-08-31
BRIGHTON AND HOVE,13,193,11,1874,955,4,82,0,135,3229,746,7242,2013-08-31
BROADLAND,24,9,21,760,365,2,53,2,123,905,178,2442,2013-08-31
BROMLEY,10,78,268,2189,1058,18,104,0,156,3240,704,7825,2013-08-31
BROMSGROVE,10,12,16,595,268,3,32,2,100,834,150,2022,2013-08-31
BROXBOURNE,8,28,14,577,224,1,27,1,54,785,167,1886,2013-08-31
BROXTOWE,18,9,9,600,274,1,17,0,70,689,170,1857,2013-08-31
BURNLEY,6,11,1,460,184,16,15,0,104,1049,103,1949,2013-08-31
BURY,16,28,20,956,445,8,51,0,177,1757,322,3780,2013-08-31
CAERPHILLY,36,17,50,915,397,11,43,1,126,1155,188,2939,2013-08-31
CALDERDALE,22,6,20,1143,515,13,44,0,222,1672,303,3960,2013-08-31
CAMBRIDGE,21,69,37,686,293,1,186,0,118,980,164,2555,2013-08-31
CAMDEN,0,165,10,1589,655,9,188,0,302,5310,887,9115,2013-08-31
CANNOCK CHASE,12,15,10,528,210,7,37,0,65,659,132,1675,2013-08-31
CANTERBURY,17,34,31,952,495,7,77,0,116,1565,303,3597,2013-08-31
CARADON,0,0,0,0,0,0,0,0,1,0,0,1,2013-08-31
CARDIFF,33,64,27,2110,997,9,54,0,207,3228,549,7278,2013-08-31
CARLISLE,57,7,26,667,254,4,47,0,187,994,133,2376,2013-08-31
CARMARTHENSHIRE,83,14,56,1020,431,2,58,0,250,1452,220,3586,2013-08-31
CASTLE MORPETH,0,0,0,0,0,0,0,0,0,1,0,1,2013-08-31
CASTLE POINT,20,8,6,485,209,1,9,0,103,625,100,1566,2013-08-31
CENTRAL BEDFORDSHIRE,56,56,127,1768,825,10,196,2,210,2174,475,5899,2013-08-31
CEREDIGION,41,1,25,354,147,2,22,0,169,684,98,1543,2013-08-31
CHARNWOOD,35,15,58,810,389,6,86,0,132,1180,280,2991,2013-08-31
CHELMSFORD,24,34,24,1066,499,3,66,0,194,1751,461,4122,2013-08-31
CHELTENHAM,38,8,16,744,366,5,52,0,104,1032,227,2592,2013-08-31
CHERWELL,32,17,22,938,473,16,61,0,209,1414,337,3519,2013-08-31
CHESHIRE EAST,82,61,53,2249,1069,67,125,0,399,3446,631,8182,2013-08-31
CHESHIRE WEST AND CHESTER,48,65,59,1855,876,6,112,0,324,2781,553,6679,2013-08-31
CHESTERFIELD,11,13,20,492,240,8,18,0,60,654,154,1670,2013-08-31
CHICHESTER,32,34,28,793,408,4,52,1,168,1275,287,3082,2013-08-31
CHILTERN,25,29,33,591,306,6,41,0,108,1039,224,2402,2013-08-31
CHORLEY,23,28,29,552,294,2,87,0,122,893,150,2180,2013-08-31
CHRISTCHURCH,2,18,5,331,167,5,34,0,63,495,139,1259,2013-08-31
CITY OF BRISTOL,50,150,40,2917,1360,9,154,0,259,3929,929,9797,2013-08-31
CITY OF DERBY,8,27,29,1199,554,8,83,0,126,1695,318,4047,2013-08-31
CITY OF KINGSTON UPON HULL,15,38,55,1154,481,12,55,0,93,1476,278,3657,2013-08-31
CITY OF LONDON,7,34,9,343,89,5,252,0,148,1560,373,2820,2013-08-31
CITY OF NOTTINGHAM,21,101,14,1235,581,16,71,0,171,2052,448,4710,2013-08-31
CITY OF PETERBOROUGH,58,34,71,888,369,2,127,0,103,1645,348,3645,2013-08-31
CITY OF PLYMOUTH,26,32,22,1315,648,13,120,0,152,2055,359,4742,2013-08-31
CITY OF WESTMINSTER,8,253,16,2682,1247,38,295,0,500,9788,2074,16901,2013-08-31
COLCHESTER,43,37,71,1096,483,8,122,1,186,1685,369,4101,2013-08-31
CONWY,42,28,18,750,328,5,43,0,161,899,181,2455,2013-08-31
COPELAND,20,4,12,373,191,2,23,0,115,546,92,1378,2013-08-31
CORBY,6,11,36,310,137,1,66,0,56,609,140,1372,2013-08-31
CORNWALL,216,92,178,3487,1577,25,297,2,1007,5305,1067,13253,2013-08-31
COTSWOLD,37,15,35,624,300,2,57,1,197,1147,274,2689,2013-08-31
COUNTY DURHAM,201,124,129,3111,1129,33,144,0,441,4316,690,10318,2013-08-31
COVENTRY,29,25,57,1422,666,8,99,0,163,1970,377,4816,2013-08-31
CRAVEN,24,4,12,378,151,1,25,0,84,433,93,1205,2013-08-31
CRAWLEY,4,15,11,570,258,1,23,0,37,897,284,2100,2013-08-31
CREWE AND NANTWICH,0,0,0,0,0,0,0,0,1,0,0,1,2013-08-31
CROYDON,6,129,11,1988,905,6,135,0,141,3549,810,7680,2013-08-31
DACORUM,21,34,14,879,418,5,57,0,114,1267,289,3098,2013-08-31
DARLINGTON,9,6,11,582,327,14,18,0,69,761,120,1917,2013-08-31
DARTFORD,9,27,27,614,263,6,85,1,77,922,227,2258,2013-08-31
DAVENTRY,19,4,12,468,232,1,42,0,80,706,167,1731,2013-08-31
DENBIGHSHIRE,49,15,18,436,270,4,26,0,124,746,141,1829,2013-08-31
DERBYSHIRE DALES,39,3,29,419,194,4,47,0,143,595,129,1602,2013-08-31
DERWENTSIDE,0,0,0,1,0,0,0,0,0,0,0,1,2013-08-31
DONCASTER,51,41,47,1489,643,17,85,0,287,2011,368,5039,2013-08-31
DOVER,6,9,23,755,343,7,30,0,91,1023,191,2478,2013-08-31
DUDLEY,35,35,60,1527,612,8,94,1,200,2352,381,5305,2013-08-31
EALING,12,108,29,1921,869,6,119,0,162,3755,666,7647,2013-08-31
EASINGTON,0,0,0,0,0,0,0,0,1,0,0,1,2013-08-31
EAST CAMBRIDGESHIRE,21,7,22,525,282,0,43,0,100,688,119,1807,2013-08-31
EAST DEVON,39,39,53,895,433,6,107,0,230,1377,287,3466,2013-08-31
EAST DORSET,9,14,10,532,272,8,20,0,134,796,168,1963,2013-08-31
EAST HAMPSHIRE,48,19,42,732,361,4,73,1,181,995,246,2702,2013-08-31
EAST HERTFORDSHIRE,15,29,35,979,474,7,79,1,160,1363,295,3437,2013-08-31
EAST LINDSEY,43,22,23,780,313,4,37,0,213,1127,185,2747,2013-08-31
EAST NORTHAMPTONSHIRE,24,18,33,528,230,6,47,4,76,742,143,1851,2013-08-31
EAST RIDING OF YORKSHIRE,88,26,53,1763,859,20,107,2,328,2654,474,6374,2013-08-31
EAST STAFFORDSHIRE,30,10,18,591,282,1,38,0,140,925,171,2206,2013-08-31
EASTBOURNE,0,49,5,786,314,1,50,0,48,1572,403,3228,2013-08-31
EASTLEIGH,18,16,26,844,390,3,40,0,96,1101,289,2823,2013-08-31
EDEN,256,4,19,485,139,1,36,0,97,480,97,1614,2013-08-31
ELMBRIDGE,4,28,28,1075,540,6,59,1,161,1710,396,4008,2013-08-31
ENFIELD,1,83,9,1743,675,4,89,1,177,3134,557,6473,2013-08-31
EPPING FOREST,18,58,13,780,394,1,33,1,135,1394,290,3117,2013-08-31
EPSOM AND EWELL,4,26,16,560,281,2,32,0,54,745,161,1881,2013-08-31
EREWASH,10,11,16,639,299,23,36,0,117,850,153,2154,2013-08-31
EXETER,29,11,27,692,409,0,50,0,109,1106,213,2646,2013-08-31
FAREHAM,19,19,18,711,325,32,28,0,95,808,207,2262,2013-08-31
FENLAND,28,9,13,584,292,8,35,0,90,668,144,1871,2013-08-31
FLINTSHIRE,83,18,31,913,355,3,41,0,162,1187,245,3038,2013-08-31
FOREST HEATH,18,2,20,316,157,2,21,0,51,404,121,1112,2013-08-31
FOREST OF DEAN,26,6,21,484,259,3,33,3,114,651,140,1740,2013-08-31
FYLDE,9,11,5,709,259,2,33,0,98,886,116,2128,2013-08-31
GATESHEAD,23,47,61,1078,465,5,47,0,125,1429,255,3535,2013-08-31
GEDLING,12,10,17,652,339,3,32,0,89,748,150,2052,2013-08-31
GLOUCESTER,14,35,40,727,325,2,88,2,116,875,236,2460,2013-08-31
GOSPORT,12,12,6,457,213,2,20,0,63,752,147,1684,2013-08-31
GRAVESHAM,8,185,19,606,214,1,18,0,42,819,178,2090,2013-08-31
GREAT YARMOUTH,20,13,13,536,265,1,32,0,81,631,136,1728,2013-08-31
GREENWICH,4,67,17,1265,704,12,160,0,117,2579,547,5472,2013-08-31
GUILDFORD,2,22,26,927,424,5,36,0,158,1528,388,3516,2013-08-31
GWYNEDD,82,4,21,598,290,1,37,0,247,1052,166,2498,2013-08-31
HACKNEY,1,139,7,1522,655,12,152,1,130,2927,656,6202,2013-08-31
HALTON,41,19,18,2116,247,6,27,0,90,1051,155,3770,2013-08-31
HAMBLETON,15,7,37,588,231,1,13,1,133,709,146,1881,2013-08-31
HAMMERSMITH AND FULHAM,0,99,5,1438,743,5,109,0,110,3496,578,6583,2013-08-31
HARBOROUGH,16,37,49,502,270,3,47,0,124,768,177,1993,2013-08-31
HARINGEY,3,142,20,1390,635,5,70,1,112,2834,483,5695,2013-08-31
HARLOW,5,8,14,489,210,6,27,0,28,571,156,1514,2013-08-31
HARROGATE,40,32,22,1014,470,2,65,0,190,1374,261,3470,2013-08-31
HARROW,2,83,5,1139,545,9,83,0,136,2282,399,4683,2013-08-31
HART,9,9,17,572,286,4,55,0,100,889,210,2151,2013-08-31
HARTLEPOOL,9,15,22,435,200,6,15,0,43,537,89,1371,2013-08-31
HASTINGS,6,11,6,572,261,6,35,0,71,1111,184,2263,2013-08-31
HAVANT,17,31,15,667,344,7,30,0,74,908,214,2307,2013-08-31
HAVERING,11,44,20,1346,621,4,104,2,108,2237,402,4899,2013-08-31
HEREFORDSHIRE,57,17,33,999,475,4,85,0,283,1419,316,3688,2013-08-31
HERTSMERE,4,20,14,564,312,4,44,5,107,1135,256,2465,2013-08-31
HIGH PEAK,24,12,12,510,261,0,27,0,126,792,142,1906,2013-08-31
HILLINGDON,7,84,23,1456,682,1,87,0,146,2661,511,5658,2013-08-31
HINCKLEY AND BOSWORTH,29,12,37,675,357,10,35,3,115,1062,144,2479,2013-08-31
HORSHAM,12,29,30,900,400,1,77,0,179,1413,361,3402,2013-08-31
HOUNSLOW,4,155,30,1346,642,5,104,0,141,2519,468,5414,2013-08-31
HUNTINGDONSHIRE,36,15,63,1036,459,7,92,2,162,1413,331,3616,2013-08-31
HYNDBURN,22,6,1,367,183,2,3,0,114,894,149,1741,2013-08-31
IPSWICH,11,9,16,690,330,3,44,0,56,1135,192,2486,2013-08-31
ISLE OF ANGLESEY,76,2,12,351,176,1,31,0,119,550,88,1406,2013-08-31
ISLE OF WIGHT,58,30,39,825,444,6,89,0,179,1426,397,3493,2013-08-31
ISLES OF SCILLY,2,1,0,4,1,0,0,0,4,20,2,34,2013-08-31
ISLINGTON,1,125,13,1410,712,7,142,2,146,3321,678,6557,2013-08-31
KENSINGTON AND CHELSEA,7,145,6,1660,760,16,126,0,224,5353,933,9230,2013-08-31
KETTERING,23,17,30,606,266,10,41,0,67,818,192,2070,2013-08-31
KING'S LYNN AND WEST NORFOLK,76,7,46,882,380,1,90,4,261,1352,247,3346,2013-08-31
KINGSTON UPON THAMES,2,51,8,1170,569,2,75,0,73,1807,363,4120,2013-08-31
KIRKLEES,51,46,74,2224,973,20,87,1,393,3431,569,7869,2013-08-31
KNOWSLEY,9,18,12,563,238,6,39,0,92,1150,147,2274,2013-08-31
LAMBETH,7,229,1,2279,1023,5,139,0,204,4376,925,9188,2013-08-31
LANCASTER,41,13,14,758,377,12,16,0,174,1015,191,2611,2013-08-31
LEEDS,45,139,156,3602,2039,25,288,0,602,6211,1128,14235,2013-08-31
LEICESTER,8,52,33,1287,773,12,70,0,181,1856,311,4583,2013-08-31
LEWES,8,15,8,672,306,4,20,1,121,927,212,2294,2013-08-31
LEWISHAM,1,166,11,1647,804,6,174,0,104,3051,630,6594,2013-08-31
LICHFIELD,6,14,17,591,294,7,36,0,83,1244,180,2472,2013-08-31
LINCOLN,6,9,21,598,245,2,36,0,91,805,144,1957,2013-08-31
LIVERPOOL,30,217,42,2200,955,39,169,0,270,4181,700,8803,2013-08-31
LUTON,14,28,6,899,411,3,31,1,73,1366,223,3055,2013-08-31
MAIDSTONE,9,23,15,1165,444,5,50,0,196,1570,339,3816,2013-08-31
MALDON,12,2,12,352,170,1,12,1,95,493,97,1247,2013-08-31
MALVERN HILLS,34,12,22,395,152,2,36,0,116,679,124,1572,2013-08-31
MANCHESTER,27,98,40,2387,1146,22,211,0,441,5195,989,10556,2013-08-31
MANSFIELD,11,12,23,554,246,9,35,2,73,710,133,1808,2013-08-31
MEDWAY,6,19,50,1575,704,3,84,0,143,2127,479,5190,2013-08-31
MELTON,26,8,6,302,127,6,19,0,64,400,89,1047,2013-08-31
MENDIP,29,10,26,679,297,0,49,0,156,1046,207,2499,2013-08-31
MERTHYR TYDFIL,9,1,20,243,109,2,14,0,74,413,81,966,2013-08-31
MERTON,5,60,12,1384,677,10,52,0,93,2289,518,5100,2013-08-31
MID BEDFORDSHIRE,0,0,0,0,0,0,0,0,3,0,0,3,2013-08-31
MID DEVON,14,4,17,477,231,0,45,0,135,737,153,1813,2013-08-31
MID SUFFOLK,29,2,30,523,256,7,68,0,143,780,177,2015,2013-08-31
MID SUSSEX,3,121,51,911,473,3,83,0,245,1667,360,3917,2013-08-31
MIDDLESBROUGH,11,10,11,588,263,8,21,0,61,910,250,2133,2013-08-31
MILTON KEYNES,54,73,257,1516,694,12,203,4,132,2270,605,5820,2013-08-31
MOLE VALLEY,0,17,12,595,278,0,33,0,87,856,221,2099,2013-08-31
MONMOUTHSHIRE,30,11,25,540,272,4,39,0,187,840,171,2119,2013-08-31
NEATH PORT TALBOT,44,29,16,744,313,6,33,0,174,1108,154,2621,2013-08-31
NEW FOREST,26,20,30,1163,534,15,39,0,165,1496,364,3852,2013-08-31
NEWARK AND SHERWOOD,37,15,34,721,385,8,35,1,128,988,207,2559,2013-08-31
NEWCASTLE UPON TYNE,28,55,41,1302,585,13,61,0,202,2359,376,5022,2013-08-31
NEWCASTLE-UNDER-LYME,17,8,34,5529,272,5,35,4,83,882,140,7009,2013-08-31
NEWHAM,3,50,11,1072,511,12,75,0,164,3010,525,5433,2013-08-31
NEWPORT,31,25,44,771,325,16,60,0,127,1169,180,2748,2013-08-31
NORTH CORNWALL,0,0,0,0,0,0,0,0,2,1,1,4,2013-08-31
NORTH DEVON,21,8,32,572,295,8,46,0,106,961,136,2185,2013-08-31
NORTH DORSET,21,9,19,362,176,1,34,2,100,553,148,1425,2013-08-31
NORTH EAST DERBYSHIRE,28,4,19,491,246,0,17,0,120,751,143,1819,2013-08-31
NORTH EAST LINCOLNSHIRE,22,19,22,803,325,6,35,0,74,1161,140,2607,2013-08-31
NORTH HERTFORDSHIRE,20,53,26,840,445,3,62,1,121,1057,256,2884,2013-08-31
NORTH KESTEVEN,20,7,29,660,318,2,44,1,152,1010,283,2526,2013-08-31
NORTH LINCOLNSHIRE,36,26,38,823,368,10,45,0,209,1292,223,3070,2013-08-31
NORTH NORFOLK,40,8,28,677,340,9,33,0,167,1020,217,2539,2013-08-31
NORTH SOMERSET,47,30,42,1330,688,8,76,0,183,2229,496,5129,2013-08-31
NORTH TYNESIDE,22,138,45,1273,583,12,60,0,113,1602,282,4130,2013-08-31
NORTH WARWICKSHIRE,11,10,5,344,218,3,20,0,66,666,115,1458,2013-08-31
NORTH WEST LEICESTERSHIRE,21,17,45,518,246,2,49,0,118,985,161,2162,2013-08-31
NORTHAMPTON,18,38,59,1306,635,8,85,0,147,1840,445,4581,2013-08-31
NORTHUMBERLAND,95,48,103,1770,767,17,77,0,304,2725,521,6427,2013-08-31
NORWICH,0,29,9,767,381,7,57,0,88,1108,182,2628,2013-08-31
NUNEATON AND BEDWORTH,10,16,18,672,316,9,47,1,67,746,164,2066,2013-08-31
OADBY AND WIGSTON,7,6,1,281,120,0,3,0,32,271,48,769,2013-08-31
OLDHAM,15,21,16,1011,471,10,73,0,190,1899,317,4023,2013-08-31
OXFORD,9,21,7,732,383,4,48,0,121,1317,203,2845,2013-08-31
PEMBROKESHIRE,72,8,42,576,262,4,40,0,239,1066,202,2511,2013-08-31
PENDLE,19,3,9,402,226,3,25,0,109,735,105,1636,2013-08-31
POOLE,9,48,14,1030,461,7,56,1,91,1340,284,3341,2013-08-31
PORTSMOUTH,25,38,13,1019,526,11,38,0,133,1762,461,4026,2013-08-31
POWYS,105,9,26,707,267,8,53,0,193,1065,169,2602,2013-08-31
PRESTON,10,32,5,597,310,3,20,0,80,1135,169,2361,2013-08-31
PURBECK,17,5,9,240,113,2,6,0,67,405,116,980,2013-08-31
READING,9,76,31,906,448,4,125,0,105,1777,335,3816,2013-08-31
REDBRIDGE,12,69,2,1403,626,8,34,0,87,2452,398,5091,2013-08-31
REDCAR AND CLEVELAND,13,9,12,617,231,2,39,0,100,1015,158,2196,2013-08-31
REDDITCH,12,9,12,461,232,1,21,0,71,628,123,1570,2013-08-31
REIGATE AND BANSTEAD,4,68,48,987,488,3,92,0,119,1645,468,3922,2013-08-31
RHONDDA CYNON TAFF,77,35,57,1212,555,10,52,0,242,1975,256,4471,2013-08-31
RIBBLE VALLEY,15,8,19,379,156,0,40,0,109,489,74,1289,2013-08-31
RICHMOND UPON THAMES,4,72,7,1538,726,5,61,0,130,2370,479,5392,2013-08-31
RICHMONDSHIRE,15,3,14,243,124,4,28,0,80,354,76,941,2013-08-31
ROCHDALE,25,30,31,1205,410,7,52,0,111,1701,213,3785,2013-08-31
ROCHFORD,23,5,9,466,228,1,29,0,66,570,128,1525,2013-08-31
ROSSENDALE,7,7,4,360,172,3,14,0,103,624,119,1413,2013-08-31
ROTHER,9,24,29,646,358,6,39,0,113,1241,188,2653,2013-08-31
ROTHERHAM,24,57,40,1301,547,14,95,0,167,1748,325,4318,2013-08-31
RUGBY,14,24,32,603,287,8,50,0,97,947,187,2249,2013-08-31
RUNNYMEDE,3,10,13,560,266,1,24,0,68,849,168,1962,2013-08-31
RUSHCLIFFE,10,19,20,693,333,0,45,2,100,825,163,2210,2013-08-31
RUSHMOOR,10,27,15,513,251,6,28,0,69,799,182,1900,2013-08-31
RUTLAND,16,3,16,231,105,0,27,0,59,367,108,932,2013-08-31
RYEDALE,15,6,23,296,157,1,25,0,92,438,66,1119,2013-08-31
SALFORD,13,92,27,1308,713,19,86,0,173,2298,481,5210,2013-08-31
SANDWELL,19,34,41,1276,516,14,74,0,121,2140,351,4586,2013-08-31
SCARBOROUGH,43,47,18,586,310,2,34,0,146,893,129,2208,2013-08-31
SEDGEFIELD,0,0,0,0,0,0,0,0,1,1,0,2,2013-08-31
SEDGEMOOR,36,37,43,623,338,4,80,0,148,1009,219,2537,2013-08-31
SEFTON,36,22,6,1460,661,12,48,0,153,2197,350,4945,2013-08-31
SELBY,22,17,26,552,254,3,45,0,97,737,107,1860,2013-08-31
SEVENOAKS,4,12,29,769,367,2,53,0,145,1125,248,2754,2013-08-31
SHEFFIELD,53,136,56,3156,1368,26,121,0,420,4064,774,10174,2013-08-31
SHEPWAY,0,22,14,710,348,11,32,0,103,1044,250,2534,2013-08-31
SHREWSBURY AND ATCHAM,0,0,0,0,0,0,0,0,1,0,0,1,2013-08-31
SHROPSHIRE,109,73,80,1570,765,17,141,0,416,2690,609,6470,2013-08-31
SLOUGH,9,31,21,572,257,4,30,0,91,1257,267,2539,2013-08-31
SOLIHULL,15,64,41,1268,622,6,83,2,131,1952,289,4473,2013-08-31
SOUTH BEDFORDSHIRE,0,0,0,0,0,0,0,0,1,0,0,1,2013-08-31
SOUTH BUCKS,15,26,6,410,209,0,33,0,104,882,157,1842,2013-08-31
SOUTH CAMBRIDGESHIRE,30,22,50,951,474,6,95,0,199,1291,309,3427,2013-08-31
SOUTH DERBYSHIRE,17,8,20,588,265,6,49,0,110,879,160,2102,2013-08-31
SOUTH GLOUCESTERSHIRE,310,45,88,4377,775,5,107,0,245,1997,450,8399,2013-08-31
SOUTH HAMS,26,14,39,672,285,3,32,0,202,1081,247,2601,2013-08-31
SOUTH HOLLAND,28,5,24,543,245,13,30,1,85,630,190,1794,2013-08-31
SOUTH KESTEVEN,40,24,20,789,385,3,74,0,169,1058,234,2796,2013-08-31
SOUTH LAKELAND,70,12,27,906,281,5,42,0,187,1171,204,2905,2013-08-31
SOUTH NORFOLK,32,14,51,726,381,11,68,2,168,938,185,2576,2013-08-31
SOUTH NORTHAMPTONSHIRE,39,10,24,529,250,4,69,0,85,727,193,1930,2013-08-31
SOUTH OXFORDSHIRE,20,23,41,882,444,2,61,1,194,1293,303,3264,2013-08-31
SOUTH RIBBLE,27,12,15,575,258,2,19,0,106,798,142,1954,2013-08-31
SOUTH SOMERSET,65,30,41,984,476,4,101,0,202,1313,335,3551,2013-08-31
SOUTH STAFFORDSHIRE,17,13,8,497,243,0,15,0,88,721,129,1731,2013-08-31
SOUTH TYNESIDE,13,37,47,639,316,8,32,0,49,1070,171,2382,2013-08-31
SOUTHAMPTON,27,53,27,1237,596,25,68,0,120,1992,373,4518,2013-08-31
SOUTHEND-ON-SEA,16,48,15,1111,555,6,34,0,81,1923,294,4083,2013-08-31
SOUTHWARK,1,244,9,1786,825,8,190,0,220,4974,878,9135,2013-08-31
SPELTHORNE,3,32,7,619,303,3,42,0,46,899,197,2151,2013-08-31
ST ALBANS,20,43,27,997,493,0,69,2,118,1375,263,3407,2013-08-31
ST EDMUNDSBURY,26,9,16,632,324,0,35,1,132,853,206,2234,2013-08-31
ST HELENS,18,41,3,871,368,10,34,0,153,1370,206,3074,2013-08-31
ST MARY'S,0,0,0,0,0,0,0,0,0,1,0,1,2013-08-31
STAFFORD,31,15,28,708,293,4,52,0,192,1041,165,2529,2013-08-31
STAFFORDSHIRE MOORLANDS,21,15,10,464,192,3,27,0,119,713,113,1677,2013-08-31
STEVENAGE,1,4,23,398,165,1,24,1,35,562,139,1353,2013-08-31
STOCKPORT,36,44,17,1667,830,4,47,0,267,2537,484,5933,2013-08-31
STOCKTON-ON-TEES,18,60,61,1139,379,11,63,0,116,1364,256,3467,2013-08-31
STOKE-ON-TRENT,31,13,21,9607,470,8,42,0,167,1718,321,12398,2013-08-31
STRATFORD-ON-AVON,34,24,25,829,361,6,60,0,237,1412,272,3260,2013-08-31
STROUD,41,9,42,667,295,13,82,0,162,915,219,2445,2013-08-31
SUFFOLK COASTAL,32,22,31,735,344,5,49,0,166,976,221,2581,2013-08-31
SUNDERLAND,25,40,62,1337,455,8,62,0,139,1711,324,4163,2013-08-31
SURREY HEATH,1,7,13,548,284,6,17,0,81,765,192,1914,2013-08-31
SUTTON,2,57,25,1260,564,1,61,0,69,2095,391,4525,2013-08-31
SWALE,7,11,28,893,392,5,40,0,131,1299,326,3132,2013-08-31
SWANSEA,40,40,44,1375,561,11,64,0,291,1966,307,4699,2013-08-31
SWINDON,15,22,50,1202,570,8,92,0,178,1663,469,4269,2013-08-31
TAMESIDE,22,22,22,912,439,12,43,0,131,1677,315,3595,2013-08-31
TAMWORTH,6,23,9,373,165,3,13,0,38,468,95,1193,2013-08-31
TANDRIDGE,5,12,12,632,312,2,50,0,92,953,224,2294,2013-08-31
TAUNTON DEANE,22,25,74,1670,307,2,76,0,147,1007,189,3519,2013-08-31
TEIGNBRIDGE,6,19,46,816,424,3,102,0,143,1351,238,3148,2013-08-31
TENDRING,57,19,23,798,406,13,36,0,251,1305,197,3105,2013-08-31
TEST VALLEY,24,19,54,719,306,15,62,0,144,920,256,2519,2013-08-31
TEWKESBURY,13,7,23,553,273,6,49,0,100,716,186,1926,2013-08-31
THANET,4,20,14,842,421,5,8,0,107,1282,298,3001,2013-08-31
THE VALE OF GLAMORGAN,55,25,9,873,334,7,25,0,169,1091,200,2788,2013-08-31
THREE RIVERS,6,16,14,528,257,12,23,0,267,859,171,2153,2013-08-31
THURROCK,22,34,16,894,390,4,79,0,112,1617,302,3470,2013-08-31
TONBRIDGE AND MALLING,5,8,25,811,401,2,77,0,133,1196,280,2938,2013-08-31
TORBAY,11,30,11,768,402,5,38,1,82,1272,279,2899,2013-08-31
TORFAEN,13,15,27,454,197,3,29,0,61,577,105,1481,2013-08-31
TORRIDGE,23,7,33,446,219,2,37,0,126,625,148,1666,2013-08-31
TOWER HAMLETS,10,186,17,1823,776,25,277,1,252,4656,972,8995,2013-08-31
TRAFFORD,25,23,17,1278,655,13,51,0,125,1996,385,4568,2013-08-31
TUNBRIDGE WELLS,3,16,12,848,394,7,28,2,212,1496,324,3342,2013-08-31
UTTLESFORD,17,43,33,531,250,2,64,0,187,994,173,2294,2013-08-31
VALE OF WHITE HORSE,10,20,26,846,365,10,93,0,175,1370,293,3208,2013-08-31
WAKEFIELD,38,38,54,1666,640,15,95,0,265,2367,409,5587,2013-08-31
WALSALL,16,39,53,1144,494,11,64,0,188,1744,297,4050,2013-08-31
WALTHAM FOREST,17,83,39,1282,624,6,68,0,100,2492,407,5118,2013-08-31
WANDSWORTH,5,226,15,2913,1388,15,163,0,154,5089,1087,11055,2013-08-31
WARRINGTON,16,45,21,1207,540,5,129,0,183,1916,344,4406,2013-08-31
WARWICK,12,29,17,844,474,5,51,0,570,1228,257,3487,2013-08-31
WATFORD,9,51,6,602,291,7,54,1,71,1074,182,2348,2013-08-31
WAVENEY,38,8,20,577,296,2,25,0,119,802,151,2038,2013-08-31
WAVERLEY,7,22,23,888,425,11,43,0,191,1468,277,3355,2013-08-31
WEALDEN,19,20,58,1076,456,3,97,0,245,1601,368,3943,2013-08-31
WELLINGBOROUGH,33,6,12,841,175,3,21,2,75,551,120,1839,2013-08-31
WELWYN HATFIELD,12,14,28,605,295,1,61,1,108,864,202,2191,2013-08-31
WEST BERKSHIRE,8,58,30,1067,535,0,54,0,156,1450,353,3711,2013-08-31
WEST DEVON,26,2,33,356,164,2,21,0,84,608,134,1430,2013-08-31
WEST DORSET,30,25,32,582,275,3,54,0,171,854,210,2236,2013-08-31
WEST LANCASHIRE,15,20,14,564,254,9,41,0,109,778,137,1941,2013-08-31
WEST LINDSEY,32,8,25,603,250,1,29,0,100,706,122,1876,2013-08-31
WEST OXFORDSHIRE,20,18,24,685,322,5,37,0,136,983,234,2464,2013-08-31
WEST SOMERSET,14,5,8,217,99,8,27,0,69,296,67,810,2013-08-31
WEYMOUTH AND PORTLAND,6,12,15,387,196,0,25,0,56,509,104,1310,2013-08-31
WIGAN,33,38,19,1610,652,17,73,0,302,2409,392,5545,2013-08-31
WILTSHIRE,115,46,131,2580,1311,14,222,5,526,3650,922,9522,2013-08-31
WINCHESTER,17,19,37,717,361,8,87,0,163,1050,283,2742,2013-08-31
WINDSOR AND MAIDENHEAD,16,31,21,1166,543,18,63,0,175,1752,370,4155,2013-08-31
WIRRAL,31,41,20,1651,691,5,49,0,168,2285,367,5308,2013-08-31
WOKING,1,36,9,726,351,0,58,0,82,1191,301,2755,2013-08-31
WOKINGHAM,4,25,19,1023,497,6,83,0,121,1442,328,3548,2013-08-31
WOLVERHAMPTON,31,46,51,1001,410,3,67,1,209,1660,243,3722,2013-08-31
WORCESTER,17,16,16,609,288,6,35,0,91,829,178,2085,2013-08-31
WREKIN,17,24,31,794,397,5,78,1,165,1352,348,3212,2013-08-31
WORTHING,12,30,3,683,352,6,17,0,57,1130,251,2541,2013-08-31
WREXHAM,37,14,12,532,223,5,59,0,103,869,154,2008,2013-08-31
WYCHAVON,45,17,21,668,382,8,56,0,220,1206,264,2887,2013-08-31
WYCOMBE,42,38,37,1040,511,5,62,1,184,1641,428,3989,2013-08-31
WYRE,23,6,12,598,262,2,21,0,137,847,127,2035,2013-08-31
WYRE FOREST,29,19,23,454,188,3,38,0,99,692,145,1690,2013-08-31
YORK,39,17,32,1089,561,9,48,0,198,1413,275,3681,2013-08-31
ALL COUNTIES,1,0,0,0,0,0,0,0,0,0,49,50,2013-07-31
ADUR,13,5,3,358,192,2,8,0,74,617,121,1393,2013-07-31
ALLERDALE,111,10,46,521,275,3,33,0,187,918,191,2295,2013-07-31
AMBER VALLEY,41,18,14,660,293,5,42,0,152,993,177,2395,2013-07-31
ARUN,17,29,35,1023,501,30,40,1,136,1814,457,4083,2013-07-31
ASHFIELD,24,20,28,605,285,10,33,0,101,891,207,2204,2013-07-31
ASHFORD,11,14,36,776,361,3,40,2,197,1471,321,3232,2013-07-31
AYLESBURY VALE,61,30,94,1248,569,5,139,0,226,1786,447,4605,2013-07-31
BABERGH,34,4,37,594,239,0,46,0,125,856,146,2081,2013-07-31
BARKING AND DAGENHAM,4,48,20,796,342,9,104,1,61,1622,321,3328,2013-07-31
BARNET,36,159,24,2300,1118,6,182,0,217,4955,964,9961,2013-07-31
BARNSLEY,42,49,81,1212,525,16,105,0,154,1808,347,4339,2013-07-31
BARROW-IN-FURNESS,18,7,5,374,184,6,13,0,57,539,92,1295,2013-07-31
BASILDON,30,36,45,914,433,6,87,0,130,1723,372,3776,2013-07-31
BASINGSTOKE AND DEANE,57,24,36,1055,494,5,69,0,144,1572,358,3814,2013-07-31
BASSETLAW,41,9,30,629,312,2,40,5,121,928,188,2305,2013-07-31
BATH AND NORTH EAST SOMERSET,39,58,37,1185,556,5,86,0,270,1971,420,4627,2013-07-31
BEDFORD,28,34,75,974,463,7,113,1,180,1563,275,3713,2013-07-31
BEXLEY,13,89,25,1388,633,7,76,0,95,2036,375,4737,2013-07-31
BIRMINGHAM,106,234,135,5255,2299,51,263,1,749,9734,1343,20170,2013-07-31
BLABY,23,10,36,557,256,4,61,0,79,721,143,1890,2013-07-31
BLACKBURN WITH DARWEN,21,28,21,735,291,10,30,0,149,1319,197,2801,2013-07-31
BLACKPOOL,38,17,7,813,426,8,11,0,135,1347,195,2997,2013-07-31
BLAENAU GWENT,21,29,8,352,145,8,4,0,70,555,84,1276,2013-07-31
BOLSOVER,11,10,27,418,155,3,17,0,74,641,128,1484,2013-07-31
BOLTON,129,91,44,1466,681,18,60,0,273,2891,443,6096,2013-07-31
BOSTON,17,12,25,305,175,3,31,0,99,591,111,1369,2013-07-31
BOURNEMOUTH,41,108,10,1327,591,8,57,1,98,2175,417,4833,2013-07-31
BRACKNELL FOREST,3,26,32,792,390,5,45,0,109,1090,304,2796,2013-07-31
BRADFORD,72,62,54,2545,1066,27,206,0,348,3705,581,8666,2013-07-31
BRAINTREE,39,24,26,904,446,5,44,3,174,1392,340,3397,2013-07-31
BRECKLAND,48,12,55,779,373,4,51,1,197,1159,285,2964,2013-07-31
BRENT,1,152,6,1703,823,4,74,0,168,3452,649,7032,2013-07-31
BRENTWOOD,16,42,16,563,298,0,46,0,120,1002,178,2281,2013-07-31
BRIDGEND,30,25,51,942,396,11,62,0,145,1272,200,3134,2013-07-31
BRIGHTON AND HOVE,17,144,18,1993,1044,21,63,1,165,3625,852,7943,2013-07-31
BROADLAND,49,8,29,790,398,3,35,0,150,1535,206,3203,2013-07-31
BROMLEY,10,95,56,2269,1100,9,92,0,167,3566,778,8142,2013-07-31
BROMSGROVE,17,15,21,545,293,1,33,0,141,966,163,2195,2013-07-31
BROXBOURNE,11,30,19,645,265,2,33,0,67,941,258,2271,2013-07-31
BROXTOWE,28,23,25,656,249,1,15,0,83,749,147,1976,2013-07-31
BURNLEY,14,10,15,605,244,7,17,0,102,1125,132,2271,2013-07-31
BURY,50,38,26,1094,497,10,44,0,201,1978,304,4242,2013-07-31
CAERPHILLY,41,24,55,1002,441,8,34,0,158,1378,226,3367,2013-07-31
CALDERDALE,30,109,42,1235,610,13,60,0,220,1806,309,4434,2013-07-31
CAMBRIDGE,21,74,36,764,362,4,182,0,169,1165,193,2970,2013-07-31
CAMDEN,6,206,10,1999,868,17,233,0,239,5675,1105,10358,2013-07-31
CANNOCK CHASE,12,18,17,525,239,1,27,0,60,781,154,1834,2013-07-31
CANTERBURY,11,36,28,1049,520,2,55,2,133,1557,308,3701,2013-07-31
CARDIFF,71,87,39,2101,1006,15,68,0,261,3292,653,7593,2013-07-31
CARLISLE,101,12,35,1200,308,6,53,0,211,940,166,3032,2013-07-31
CARMARTHENSHIRE,81,17,106,1075,493,7,67,1,342,1690,250,4129,2013-07-31
CARRICK,0,0,0,0,0,0,0,0,1,0,0,1,2013-07-31
CASTLE MORPETH,0,0,0,1,0,0,0,0,0,0,0,1,2013-07-31
CASTLE POINT,36,8,9,487,236,2,8,0,98,678,108,1670,2013-07-31
CENTRAL BEDFORDSHIRE,64,54,179,1792,864,8,205,1,269,4281,555,8272,2013-07-31
CEREDIGION,40,5,16,383,178,3,41,0,128,588,84,1466,2013-07-31
CHARNWOOD,40,21,56,909,406,9,67,0,119,1217,271,3115,2013-07-31
CHELMSFORD,32,37,21,1093,597,10,69,1,190,1634,368,4052,2013-07-31
CHELTENHAM,30,29,18,756,404,4,38,0,93,1129,248,2749,2013-07-31
CHERWELL,25,27,45,1022,502,6,53,1,231,1724,398,4034,2013-07-31
CHESHIRE EAST,95,79,82,2570,1121,19,106,0,451,4023,765,9311,2013-07-31
CHESHIRE WEST AND CHESTER,60,49,67,2049,948,15,119,0,486,3291,720,7804,2013-07-31
CHESTER,0,0,0,0,0,0,0,0,1,0,0,1,2013-07-31
CHESTERFIELD,15,12,16,541,232,5,23,0,98,822,138,1902,2013-07-31
CHICHESTER,52,57,36,772,336,3,54,0,260,1549,352,3471,2013-07-31
CHILTERN,42,11,40,551,289,24,26,0,134,1018,220,2355,2013-07-31
CHORLEY,46,47,39,593,245,3,66,1,151,1005,158,2354,2013-07-31
CHRISTCHURCH,8,18,5,359,160,2,25,0,31,535,134,1277,2013-07-31
CITY OF BRISTOL,57,155,48,2820,1554,10,545,1,309,4639,1058,11196,2013-07-31
CITY OF DERBY,18,99,20,1331,648,8,45,0,123,2021,334,4647,2013-07-31
CITY OF KINGSTON UPON HULL,21,48,60,1217,574,17,76,0,123,1641,250,4027,2013-07-31
CITY OF LONDON,3,59,0,329,157,170,81,0,134,1921,347,3201,2013-07-31
CITY OF NOTTINGHAM,62,99,29,1352,663,21,83,3,171,2464,507,5454,2013-07-31
CITY OF PETERBOROUGH,58,47,78,1168,447,7,84,0,127,1748,383,4147,2013-07-31
CITY OF PLYMOUTH,32,61,49,1512,670,15,137,0,183,2208,421,5288,2013-07-31
CITY OF WESTMINSTER,6,329,22,2948,1352,45,342,2,529,11362,2320,19257,2013-07-31
COLCHESTER,51,44,103,1124,548,7,146,1,194,1711,359,4288,2013-07-31
CONWY,46,24,16,675,291,2,45,0,151,1016,188,2454,2013-07-31
COPELAND,31,8,15,366,215,2,23,0,103,518,116,1397,2013-07-31
CORBY,8,11,35,390,133,3,51,0,38,703,149,1521,2013-07-31
CORNWALL,279,134,242,3635,1692,45,356,2,1107,5808,1195,14495,2013-07-31
COTSWOLD,68,33,31,614,494,4,56,2,182,1262,271,3017,2013-07-31
COUNTY DURHAM,971,116,146,4190,1370,30,174,0,505,4682,819,13003,2013-07-31
COVENTRY,51,67,154,1380,688,10,94,0,197,2520,362,5523,2013-07-31
CRAVEN,16,8,19,370,216,1,23,0,93,545,90,1381,2013-07-31
CRAWLEY,6,16,18,624,288,3,31,0,98,1173,315,2572,2013-07-31
CREWE AND NANTWICH,0,0,0,0,0,0,0,0,1,0,0,1,2013-07-31
CROYDON,10,145,9,2121,954,23,143,0,219,3780,756,8160,2013-07-31
DACORUM,19,55,26,943,436,6,62,2,109,1402,299,3359,2013-07-31
DARLINGTON,30,15,16,657,274,1,23,0,78,755,153,2002,2013-07-31
DARTFORD,7,37,29,653,288,22,82,0,69,1059,256,2502,2013-07-31
DAVENTRY,18,5,10,489,233,3,39,2,124,831,198,1952,2013-07-31
DENBIGHSHIRE,65,18,19,566,250,3,31,0,163,870,141,2126,2013-07-31
DERBYSHIRE DALES,38,11,20,460,242,7,44,1,211,734,142,1910,2013-07-31
DONCASTER,54,52,37,1654,701,11,87,0,272,2365,419,5652,2013-07-31
DOVER,12,20,17,685,363,5,40,0,110,1103,203,2558,2013-07-31
DUDLEY,32,48,97,1484,733,9,109,0,225,2498,409,5644,2013-07-31
EALING,11,145,13,1856,980,19,130,0,230,4236,732,8352,2013-07-31
EAST CAMBRIDGESHIRE,23,12,25,530,272,0,50,0,116,787,158,1973,2013-07-31
EAST DEVON,38,66,68,969,436,7,67,0,226,1620,308,3805,2013-07-31
EAST DORSET,12,30,16,613,263,1,20,0,121,800,172,2048,2013-07-31
EAST HAMPSHIRE,25,18,25,755,380,20,64,3,240,1252,335,3117,2013-07-31
EAST HERTFORDSHIRE,24,41,35,946,479,11,61,4,189,1685,417,3892,2013-07-31
EAST LINDSEY,68,19,38,798,432,31,39,0,221,1276,174,3096,2013-07-31
EAST NORTHAMPTONSHIRE,27,15,27,597,301,3,44,0,70,842,163,2089,2013-07-31
EAST RIDING OF YORKSHIRE,94,65,67,2138,909,20,114,2,423,3218,476,7526,2013-07-31
EAST STAFFORDSHIRE,40,15,31,584,273,5,31,0,124,1011,154,2268,2013-07-31
EASTBOURNE,3,30,11,790,393,6,30,0,33,1430,330,3056,2013-07-31
EASTLEIGH,13,18,65,874,432,12,62,0,112,1186,302,3076,2013-07-31
EDEN,145,4,28,344,175,0,43,0,121,522,110,1492,2013-07-31
ELMBRIDGE,11,43,30,1220,617,2,105,0,168,2023,453,4672,2013-07-31
ENFIELD,9,125,19,1778,785,7,88,2,190,4128,644,7775,2013-07-31
EPPING FOREST,13,40,26,831,378,4,42,1,194,1692,294,3515,2013-07-31
EPSOM AND EWELL,1,40,21,611,266,1,27,0,45,857,167,2036,2013-07-31
EREWASH,13,81,16,719,337,3,43,0,111,1079,179,2581,2013-07-31
EXETER,17,10,14,786,361,3,47,0,99,1248,238,2823,2013-07-31
FAREHAM,12,16,38,705,399,8,45,0,138,981,252,2594,2013-07-31
FENLAND,44,10,28,643,289,6,55,2,112,889,212,2290,2013-07-31
FLINTSHIRE,80,19,39,1154,361,6,47,0,234,1241,216,3397,2013-07-31
FOREST HEATH,23,10,42,418,173,4,20,1,70,504,168,1433,2013-07-31
FOREST OF DEAN,55,11,37,554,242,7,32,6,123,668,155,1890,2013-07-31
FYLDE,18,23,7,526,287,4,25,0,166,1087,185,2328,2013-07-31
GATESHEAD,32,52,64,1175,510,8,85,0,158,1797,323,4204,2013-07-31
GEDLING,14,24,30,664,339,3,26,0,90,972,221,2383,2013-07-31
GLOUCESTER,24,59,52,825,389,4,67,0,128,1020,260,2828,2013-07-31
GOSPORT,14,27,7,491,221,1,10,0,45,657,155,1628,2013-07-31
GRAVESHAM,7,28,29,575,253,4,23,0,59,792,161,1931,2013-07-31
GREAT YARMOUTH,25,7,24,565,290,3,18,1,85,806,158,1982,2013-07-31
GREENWICH,1,149,24,1371,773,12,128,0,147,2887,725,6217,2013-07-31
GUILDFORD,2,39,25,1020,473,9,31,0,166,1805,326,3896,2013-07-31
GWYNEDD,106,10,42,681,311,6,39,0,273,1090,164,2722,2013-07-31
HACKNEY,1,193,9,1454,691,14,169,2,220,3513,851,7117,2013-07-31
HALTON,12,18,21,662,311,8,52,0,93,1012,208,2397,2013-07-31
HAMBLETON,46,14,35,507,235,1,32,0,109,878,153,2010,2013-07-31
HAMMERSMITH AND FULHAM,4,160,14,1492,789,13,152,0,163,3897,780,7464,2013-07-31
HARBOROUGH,27,16,39,552,254,1,46,0,104,746,174,1959,2013-07-31
HARINGEY,3,125,12,1794,691,3,69,2,112,3519,598,6928,2013-07-31
HARLOW,2,14,17,472,212,7,22,0,54,660,166,1626,2013-07-31
HARROGATE,72,26,25,1080,516,5,35,0,205,1496,285,3745,2013-07-31
HARROW,4,87,7,1325,570,3,68,0,129,2512,444,5149,2013-07-31
HART,14,7,42,532,270,4,29,0,111,1025,265,2299,2013-07-31
HARTLEPOOL,9,13,15,422,202,3,27,0,48,793,113,1645,2013-07-31
HASTINGS,2,24,10,635,277,8,30,0,57,1132,187,2362,2013-07-31
HAVANT,13,18,26,688,341,1,41,0,71,912,214,2325,2013-07-31
HAVERING,19,54,25,1348,652,3,101,0,141,2365,378,5086,2013-07-31
HEREFORDSHIRE,90,26,64,949,475,7,68,0,295,1719,387,4080,2013-07-31
HERTSMERE,2,20,11,639,266,2,49,2,90,1270,214,2565,2013-07-31
HIGH PEAK,30,12,21,540,264,3,29,0,138,904,154,2095,2013-07-31
HILLINGDON,4,89,40,1531,731,13,135,2,248,2896,559,6248,2013-07-31
HINCKLEY AND BOSWORTH,23,9,40,637,315,8,55,0,117,918,194,2316,2013-07-31
HORSHAM,27,36,58,994,536,3,82,0,211,1607,390,3944,2013-07-31
HOUNSLOW,1,94,18,1407,703,6,97,2,145,2951,563,5987,2013-07-31
HUNTINGDONSHIRE,37,37,66,1249,525,6,103,1,186,1540,382,4132,2013-07-31
HYNDBURN,32,7,9,456,198,5,2,0,124,1057,119,2009,2013-07-31
IPSWICH,18,21,20,761,346,3,53,0,56,1191,181,2650,2013-07-31
ISLE OF ANGLESEY,71,2,23,425,181,1,29,0,171,601,102,1606,2013-07-31
ISLE OF WIGHT,49,25,54,917,441,9,68,0,198,1598,361,3720,2013-07-31
ISLES OF SCILLY,0,1,0,32,1,0,1,0,12,34,4,85,2013-07-31
ISLINGTON,7,198,13,1645,756,24,155,0,184,3761,894,7637,2013-07-31
KENSINGTON AND CHELSEA,11,212,7,1799,878,19,118,0,344,5680,1173,10241,2013-07-31
KERRIER,0,0,0,0,0,0,0,0,0,2,0,2,2013-07-31
KETTERING,16,11,22,590,267,3,31,1,86,887,164,2078,2013-07-31
KING'S LYNN AND WEST NORFOLK,71,16,51,911,434,5,68,1,249,1418,257,3481,2013-07-31
KINGSTON UPON THAMES,6,53,19,1128,577,3,102,0,90,1941,447,4366,2013-07-31
KIRKLEES,47,47,110,2426,1077,16,81,0,387,3915,577,8683,2013-07-31
KNOWSLEY,13,39,28,711,274,6,39,0,96,1280,166,2652,2013-07-31
LAMBETH,4,242,17,2392,1069,9,173,0,246,4855,1157,10164,2013-07-31
LANCASTER,78,22,14,826,463,6,27,0,191,1205,185,3017,2013-07-31
LEEDS,90,191,117,4120,2304,41,328,0,667,6853,1123,15834,2013-07-31
LEICESTER,16,73,40,1335,617,22,57,0,204,2170,375,4909,2013-07-31
LEWES,10,42,18,690,331,3,19,0,128,1144,279,2664,2013-07-31
LEWISHAM,5,162,25,1656,890,13,150,0,145,3269,797,7112,2013-07-31
LICHFIELD,19,13,15,676,341,3,23,0,112,1058,166,2426,2013-07-31
LINCOLN,13,8,27,607,307,4,20,0,98,899,116,2099,2013-07-31
LIVERPOOL,53,212,38,2150,1220,32,351,0,327,4552,753,9688,2013-07-31
LUTON,15,39,8,926,433,8,19,1,91,1617,294,3451,2013-07-31
MACCLESFIELD,0,0,0,0,0,0,0,0,1,0,0,1,2013-07-31
MAIDSTONE,16,42,38,1083,519,2,67,0,200,1599,376,3942,2013-07-31
MALDON,26,0,13,405,203,0,14,0,95,650,126,1532,2013-07-31
MALVERN HILLS,37,15,23,473,190,1,49,0,156,675,146,1765,2013-07-31
MANCHESTER,25,138,58,2373,1376,42,195,0,504,6144,1175,12030,2013-07-31
MANSFIELD,8,18,18,650,255,7,37,0,84,933,181,2191,2013-07-31
MEDWAY,30,21,41,1604,803,8,78,0,183,2340,510,5618,2013-07-31
MELTON,17,7,8,272,150,4,17,0,44,388,105,1012,2013-07-31
MENDIP,34,13,50,694,346,5,52,0,212,1032,244,2682,2013-07-31
MERTHYR TYDFIL,25,6,24,285,110,1,25,0,77,438,59,1050,2013-07-31
MERTON,3,90,16,1434,736,7,70,0,132,2644,581,5713,2013-07-31
MID DEVON,22,8,44,506,253,6,33,1,187,753,169,1982,2013-07-31
MID SUFFOLK,38,10,31,605,262,9,47,2,150,887,253,2294,2013-07-31
MID SUSSEX,9,55,52,963,469,3,84,0,182,1736,452,4005,2013-07-31
MIDDLESBROUGH,18,15,35,693,301,9,12,0,89,1065,206,2443,2013-07-31
MILTON KEYNES,62,60,287,1648,720,13,214,3,176,2638,696,6517,2013-07-31
MOLE VALLEY,1,17,19,615,324,5,27,0,144,986,244,2382,2013-07-31
MONMOUTHSHIRE,37,11,40,558,270,0,46,0,154,872,188,2176,2013-07-31
NEATH PORT TALBOT,40,25,28,774,372,10,35,0,172,1216,155,2827,2013-07-31
NEW FOREST,27,27,32,1251,657,20,56,0,173,1814,400,4457,2013-07-31
NEWARK AND SHERWOOD,49,22,25,713,338,7,42,5,166,1094,218,2679,2013-07-31
NEWCASTLE UPON TYNE,28,93,103,1387,625,17,70,2,184,2863,466,5838,2013-07-31
NEWCASTLE-UNDER-LYME,37,15,40,681,323,3,37,0,149,999,153,2437,2013-07-31
NEWHAM,12,109,8,1222,571,6,75,1,162,3849,689,6704,2013-07-31
NEWPORT,25,46,23,868,384,16,66,0,141,1434,189,3192,2013-07-31
NORTH CORNWALL,0,0,0,0,0,0,0,0,5,0,0,5,2013-07-31
NORTH DEVON,35,18,37,664,317,4,38,0,132,956,184,2385,2013-07-31
NORTH DORSET,22,12,26,467,214,4,40,0,146,658,153,1742,2013-07-31
NORTH EAST DERBYSHIRE,23,8,22,501,235,2,19,0,111,788,127,1836,2013-07-31
NORTH EAST LINCOLNSHIRE,31,41,36,963,427,48,35,0,107,1453,204,3345,2013-07-31
NORTH HERTFORDSHIRE,24,42,26,796,382,3,83,0,130,1178,303,2967,2013-07-31
NORTH KESTEVEN,32,12,27,734,298,1,48,0,202,1082,204,2640,2013-07-31
NORTH LINCOLNSHIRE,47,25,34,978,438,18,47,0,197,1477,227,3488,2013-07-31
NORTH NORFOLK,47,17,30,727,329,2,33,0,204,1066,242,2697,2013-07-31
NORTH SOMERSET,78,31,48,1360,689,8,89,1,262,2565,740,5871,2013-07-31
NORTH TYNESIDE,35,64,41,1311,586,18,55,2,116,1769,357,4354,2013-07-31
NORTH WARWICKSHIRE,21,13,6,373,144,3,6,0,102,738,114,1520,2013-07-31
NORTH WEST LEICESTERSHIRE,23,14,53,593,270,3,61,0,129,853,205,2204,2013-07-31
NORTH WILTSHIRE,0,0,0,0,0,0,0,0,1,0,0,1,2013-07-31
NORTHAMPTON,133,34,79,1240,626,10,104,1,151,2121,416,4915,2013-07-31
NORTHUMBERLAND,83,57,105,1884,872,26,121,0,290,2760,535,6733,2013-07-31
NORWICH,9,38,15,754,380,1,50,0,132,1281,238,2898,2013-07-31
NUNEATON AND BEDWORTH,12,15,17,654,324,7,36,0,86,800,175,2126,2013-07-31
OADBY AND WIGSTON,7,10,6,318,142,0,6,0,22,322,67,900,2013-07-31
OLDHAM,32,38,54,1035,466,9,57,0,219,2098,343,4351,2013-07-31
OXFORD,10,33,6,745,410,22,31,0,108,1288,230,2883,2013-07-31
PEMBROKESHIRE,67,27,36,720,366,6,34,2,269,1134,212,2873,2013-07-31
PENDLE,38,8,11,505,228,2,21,0,138,816,150,1917,2013-07-31
PENWITH,0,0,0,0,0,0,0,0,1,0,0,1,2013-07-31
POOLE,10,44,22,1083,592,6,46,2,70,1536,321,3732,2013-07-31
PORTSMOUTH,34,46,16,1080,501,11,33,3,131,1871,297,4023,2013-07-31
POWYS,142,12,47,769,317,7,37,0,354,1195,206,3086,2013-07-31
PRESTON,30,33,7,668,341,7,20,0,151,1193,186,2636,2013-07-31
PURBECK,27,11,9,299,135,4,36,1,85,452,112,1171,2013-07-31
READING,4,81,29,1048,527,11,113,0,171,2040,341,4365,2013-07-31
REDBRIDGE,14,69,6,1459,748,8,37,0,103,2709,461,5614,2013-07-31
REDCAR AND CLEVELAND,20,21,30,747,288,4,31,0,127,1041,148,2457,2013-07-31
REDDITCH,13,11,21,528,244,2,31,0,58,676,117,1701,2013-07-31
REIGATE AND BANSTEAD,1,56,57,1040,511,4,112,0,145,1776,432,4134,2013-07-31
RHONDDA CYNON TAFF,75,27,59,1386,565,16,52,0,277,2438,390,5285,2013-07-31
RIBBLE VALLEY,40,15,18,574,165,1,27,0,141,555,99,1635,2013-07-31
RICHMOND UPON THAMES,2,92,20,1604,842,7,125,0,133,2771,538,6134,2013-07-31
RICHMONDSHIRE,22,4,18,275,111,0,25,0,75,434,84,1048,2013-07-31
ROCHDALE,28,36,35,1097,590,11,64,0,224,2086,305,4476,2013-07-31
ROCHFORD,29,4,17,463,244,2,25,3,78,641,126,1632,2013-07-31
ROSSENDALE,30,15,14,397,178,8,15,0,102,757,127,1643,2013-07-31
ROTHER,15,16,24,693,363,2,32,0,151,1250,241,2787,2013-07-31
ROTHERHAM,26,55,57,1386,580,7,94,0,175,1953,372,4705,2013-07-31
RUGBY,20,22,49,604,337,6,69,0,98,973,193,2371,2013-07-31
RUNNYMEDE,1,10,13,530,320,0,29,0,74,1051,251,2279,2013-07-31
RUSHCLIFFE,12,15,30,791,343,2,35,0,125,983,218,2554,2013-07-31
RUSHMOOR,16,31,9,564,289,6,51,0,76,898,189,2129,2013-07-31
RUTLAND,10,4,10,218,106,1,27,0,64,319,63,822,2013-07-31
RYEDALE,24,8,33,306,163,3,21,0,88,583,80,1309,2013-07-31
SALFORD,50,78,39,1274,717,15,95,0,221,3021,573,6083,2013-07-31
SALISBURY,0,0,0,1,0,0,0,0,0,0,0,1,2013-07-31
SANDWELL,18,61,63,1355,770,11,94,0,128,2404,370,5274,2013-07-31
SCARBOROUGH,52,24,31,801,370,6,56,0,136,1084,174,2734,2013-07-31
SEDGEFIELD,0,0,0,0,0,0,0,0,0,2,0,2,2013-07-31
SEDGEMOOR,57,14,45,747,305,7,57,0,205,1153,289,2879,2013-07-31
SEFTON,38,34,25,1528,762,14,65,0,211,2705,422,5804,2013-07-31
SELBY,36,17,36,604,268,6,34,0,121,790,165,2077,2013-07-31
SEVENOAKS,8,19,31,795,398,4,65,2,160,1384,292,3158,2013-07-31
SHEFFIELD,90,104,85,2947,1448,13,118,0,482,4674,941,10902,2013-07-31
SHEPWAY,8,29,10,738,312,7,44,0,76,1335,245,2804,2013-07-31
SHREWSBURY AND ATCHAM,0,0,0,0,0,0,0,0,1,0,0,1,2013-07-31
SHROPSHIRE,142,50,177,1704,808,11,136,2,474,3009,669,7182,2013-07-31
SLOUGH,11,47,21,706,289,9,26,0,102,1433,310,2954,2013-07-31
SOLIHULL,23,44,50,1431,683,9,89,0,144,1961,330,4764,2013-07-31
SOUTH BUCKS,12,22,12,442,221,1,42,1,88,937,181,1959,2013-07-31
SOUTH CAMBRIDGESHIRE,49,25,57,1063,473,7,124,2,210,1507,431,3948,2013-07-31
SOUTH DERBYSHIRE,21,16,34,609,280,4,79,0,112,879,171,2205,2013-07-31
SOUTH GLOUCESTERSHIRE,96,119,100,1804,823,6,166,0,217,2376,486,6193,2013-07-31
SOUTH HAMS,31,28,39,670,330,2,58,0,184,1301,275,2918,2013-07-31
SOUTH HOLLAND,27,6,19,584,293,29,33,1,144,844,218,2198,2013-07-31
SOUTH KESTEVEN,51,25,51,915,402,4,73,0,182,1346,311,3360,2013-07-31
SOUTH LAKELAND,67,23,34,829,371,10,43,0,203,1062,206,2848,2013-07-31
SOUTH NORFOLK,45,14,72,843,383,1,89,0,183,1111,310,3051,2013-07-31
SOUTH NORTHAMPTONSHIRE,27,11,29,567,255,0,58,0,116,971,212,2246,2013-07-31
SOUTH OXFORDSHIRE,21,12,54,925,468,6,76,0,175,1458,304,3499,2013-07-31
SOUTH RIBBLE,34,23,16,642,293,6,29,0,118,925,145,2231,2013-07-31
SOUTH SOMERSET,130,23,75,1023,468,3,74,0,248,1428,347,3819,2013-07-31
SOUTH STAFFORDSHIRE,42,5,30,597,246,1,27,0,107,756,136,1947,2013-07-31
SOUTH TYNESIDE,29,56,63,672,300,6,45,0,59,1146,209,2585,2013-07-31
SOUTHAMPTON,29,65,27,1292,617,15,71,0,128,2173,408,4825,2013-07-31
SOUTHEND-ON-SEA,21,50,26,1099,608,3,45,1,94,2062,340,4349,2013-07-31
SOUTHWARK,7,313,14,1885,970,13,254,0,306,5488,1109,10359,2013-07-31
SPELTHORNE,0,44,13,708,313,1,48,0,62,1065,239,2493,2013-07-31
ST ALBANS,13,112,29,1152,510,1,96,0,102,1420,299,3734,2013-07-31
ST EDMUNDSBURY,35,22,27,663,316,1,32,1,145,918,241,2401,2013-07-31
ST HELENS,42,61,32,993,438,9,47,0,169,1587,233,3611,2013-07-31
ST MARTIN'S,0,0,0,0,0,0,0,0,0,0,1,1,2013-07-31
STAFFORD,46,19,41,733,330,0,36,0,178,978,161,2522,2013-07-31
STAFFORDSHIRE MOORLANDS,45,15,21,491,274,5,35,0,140,881,126,2033,2013-07-31
STEVENAGE,4,13,27,451,222,2,23,0,29,550,159,1480,2013-07-31
STOCKPORT,44,34,37,1728,797,13,35,0,244,2792,516,6240,2013-07-31
STOCKTON-ON-TEES,95,70,84,1424,450,4,79,0,145,1741,310,4402,2013-07-31
STOKE-ON-TRENT,25,41,32,1605,574,13,61,0,180,1981,362,4874,2013-07-31
STRATFORD-ON-AVON,60,21,51,791,403,2,51,0,230,1446,311,3366,2013-07-31
STROUD,31,11,40,692,366,1,58,0,158,1069,238,2664,2013-07-31
SUFFOLK COASTAL,67,23,26,808,337,9,48,0,178,1200,232,2928,2013-07-31
SUNDERLAND,40,75,61,1408,589,12,51,0,143,2045,380,4804,2013-07-31
SURREY HEATH,4,18,14,643,285,3,22,0,125,966,223,2303,2013-07-31
SUTTON,4,43,11,1243,634,2,63,1,83,2014,476,4574,2013-07-31
SWALE,19,18,44,853,414,7,43,0,105,1345,304,3152,2013-07-31
SWANSEA,54,45,43,1502,648,17,66,0,306,2170,334,5185,2013-07-31
SWINDON,23,23,40,1341,573,7,73,0,127,1806,412,4425,2013-07-31
TAMESIDE,43,31,23,1045,457,12,149,0,141,1853,357,4111,2013-07-31
TAMWORTH,7,14,19,442,211,2,19,0,62,581,120,1477,2013-07-31
TANDRIDGE,7,14,139,612,302,8,31,0,98,1015,233,2459,2013-07-31
TAUNTON DEANE,218,23,52,977,376,3,99,0,141,921,233,3043,2013-07-31
TEIGNBRIDGE,29,28,64,893,358,3,108,1,200,1460,268,3412,2013-07-31
TENDRING,78,12,20,754,395,2,38,0,231,1455,251,3236,2013-07-31
TEST VALLEY,43,41,63,806,339,18,78,1,150,1030,257,2826,2013-07-31
TEWKESBURY,19,25,63,629,281,5,64,0,122,805,189,2202,2013-07-31
THANET,14,23,15,895,407,4,27,0,85,1541,296,3307,2013-07-31
THE VALE OF GLAMORGAN,49,22,16,827,376,4,37,0,136,1031,207,2705,2013-07-31
THREE RIVERS,12,15,11,634,294,7,12,0,63,980,200,2228,2013-07-31
THURROCK,15,47,23,921,455,12,57,0,117,1831,376,3854,2013-07-31
TONBRIDGE AND MALLING,3,10,48,787,424,5,62,0,164,1178,302,2983,2013-07-31
TORBAY,16,35,10,812,471,5,43,0,104,1283,257,3036,2013-07-31
TORFAEN,21,5,20,471,221,5,29,0,67,624,109,1572,2013-07-31
TORRIDGE,44,7,35,445,225,4,47,0,141,701,135,1784,2013-07-31
TOWER HAMLETS,1,217,11,1816,871,14,318,1,248,5342,1166,10005,2013-07-31
TRAFFORD,42,57,14,1432,726,6,62,0,189,2334,485,5347,2013-07-31
TUNBRIDGE WELLS,9,35,15,894,431,5,32,0,166,1597,393,3577,2013-07-31
UTTLESFORD,27,23,62,552,277,8,78,1,191,995,209,2423,2013-07-31
VALE OF WHITE HORSE,11,29,27,781,411,17,70,0,186,1511,352,3395,2013-07-31
WAKEFIELD,54,53,47,1663,736,16,78,0,267,2667,396,5977,2013-07-31
WALSALL,30,38,74,1515,581,13,91,1,178,1936,323,4780,2013-07-31
WALTHAM FOREST,19,111,33,1501,655,9,83,0,140,2978,488,6017,2013-07-31
WANDSWORTH,5,310,11,3051,1506,12,198,0,185,5772,1211,12261,2013-07-31
WARRINGTON,22,84,31,1316,649,11,71,0,187,2163,398,4932,2013-07-31
WARWICK,30,39,20,898,450,5,49,0,175,1449,293,3408,2013-07-31
WATFORD,8,68,12,620,306,6,49,0,56,1140,178,2443,2013-07-31
WAVENEY,79,8,17,670,311,8,22,0,124,842,159,2240,2013-07-31
WAVERLEY,6,28,28,901,460,24,37,3,169,1640,340,3636,2013-07-31
WEALDEN,30,23,74,1142,557,10,104,0,275,1679,365,4259,2013-07-31
WELLINGBOROUGH,19,8,16,399,195,3,21,0,55,647,160,1523,2013-07-31
WELWYN HATFIELD,18,15,16,564,358,5,45,1,119,1020,248,2409,2013-07-31
WEST BERKSHIRE,10,52,35,1116,524,2,86,0,220,1878,411,4334,2013-07-31
WEST DEVON,31,5,38,402,209,1,36,0,122,577,118,1539,2013-07-31
WEST DORSET,43,47,40,613,292,2,57,0,176,1470,232,2972,2013-07-31
WEST LANCASHIRE,38,19,24,603,255,6,36,0,144,929,119,2173,2013-07-31
WEST LINDSEY,34,9,31,612,279,4,39,0,117,783,157,2065,2013-07-31
WEST OXFORDSHIRE,36,19,16,714,367,15,51,0,172,1162,244,2796,2013-07-31
WEST SOMERSET,16,2,10,190,107,1,15,0,66,407,87,901,2013-07-31
WEYMOUTH AND PORTLAND,14,15,22,410,186,1,33,0,60,689,121,1551,2013-07-31
WIGAN,71,41,96,1764,809,17,71,0,408,2843,437,6557,2013-07-31
WILTSHIRE,118,73,195,2772,1302,19,241,0,615,4014,995,10344,2013-07-31
WINCHESTER,34,29,32,816,388,13,78,1,164,1327,280,3162,2013-07-31
WINDSOR AND MAIDENHEAD,10,39,9,1076,583,37,46,0,177,2032,361,4370,2013-07-31
WIRRAL,38,50,28,1773,900,21,48,0,170,2685,398,6111,2013-07-31
WOKING,2,53,15,679,360,4,48,0,94,1386,248,2889,2013-07-31
WOKINGHAM,10,30,24,1096,476,18,67,0,147,1773,413,4054,2013-07-31
WOLVERHAMPTON,31,35,45,1001,487,5,69,1,214,1628,265,3781,2013-07-31
WORCESTER,17,20,23,661,317,4,19,0,95,1034,216,2406,2013-07-31
WREKIN,26,33,98,946,406,12,103,0,176,1447,322,3569,2013-07-31
WORTHING,13,48,2,854,385,2,27,0,63,1160,277,2831,2013-07-31
WREXHAM,39,13,26,671,249,11,22,0,167,961,152,2311,2013-07-31
WYCHAVON,61,25,51,744,335,3,55,2,244,1200,253,2973,2013-07-31
WYCOMBE,66,61,51,1104,524,4,73,0,155,1660,410,4108,2013-07-31
WYRE,98,23,10,562,275,1,18,0,154,842,160,2143,2013-07-31
WYRE FOREST,31,12,34,459,380,3,41,0,111,853,132,2056,2013-07-31
YORK,68,25,37,1263,620,12,49,0,241,1573,297,4185,2013-07-31
ALL COUNTIES,3,0,0,0,0,0,0,0,0,0,36,39,2013-06-30
ADUR,6,8,8,340,157,0,12,0,52,533,106,1222,2013-06-30
ALLERDALE,216,6,36,544,216,2,64,0,216,1043,114,2457,2013-06-30
AMBER VALLEY,29,8,22,644,306,5,37,0,136,908,173,2268,2013-06-30
ARUN,9,27,39,969,437,2,61,6,156,1682,333,3721,2013-06-30
ASHFIELD,19,15,37,568,267,9,71,0,87,762,153,1988,2013-06-30
ASHFORD,37,19,34,721,282,18,48,0,159,1298,334,2950,2013-06-30
AYLESBURY VALE,45,29,204,972,530,6,185,0,176,1514,328,3989,2013-06-30
BABERGH,26,8,19,483,210,0,63,0,110,684,120,1723,2013-06-30
BARKING AND DAGENHAM,4,51,7,680,325,4,98,1,77,1578,333,3158,2013-06-30
BARNET,20,306,23,2107,876,7,152,0,179,4840,1003,9513,2013-06-30
BARNSLEY,41,60,44,1099,477,7,128,0,175,1611,305,3947,2013-06-30
BARROW-IN-FURNESS,20,10,8,354,164,3,12,0,69,463,95,1198,2013-06-30
BASILDON,17,50,26,841,421,7,119,0,100,1629,485,3695,2013-06-30
BASINGSTOKE AND DEANE,36,14,20,1070,428,8,64,0,157,1550,408,3755,2013-06-30
BASSETLAW,37,9,12,547,218,5,40,1,108,866,174,2017,2013-06-30
BATH AND NORTH EAST SOMERSET,43,42,20,1006,464,6,118,0,231,1831,360,4121,2013-06-30
BEDFORD,17,47,70,802,364,4,194,0,99,1397,286,3280,2013-06-30
BEXLEY,9,55,4,1250,559,7,95,0,98,1772,363,4212,2013-06-30
BIRMINGHAM,114,186,147,4311,1960,49,335,4,684,8555,1210,17555,2013-06-30
BLABY,11,15,17,465,212,2,75,0,57,770,161,1785,2013-06-30
BLACKBURN WITH DARWEN,11,29,16,566,286,5,41,0,123,1192,186,2455,2013-06-30
BLACKPOOL,31,9,4,686,366,11,8,0,143,1301,191,2750,2013-06-30
BLAENAU GWENT,24,12,7,268,132,5,14,0,65,502,67,1096,2013-06-30
BLYTH VALLEY,0,0,0,0,0,0,0,0,1,0,0,1,2013-06-30
BOLSOVER,18,11,12,349,157,4,37,0,52,529,102,1271,2013-06-30
BOLTON,52,33,36,1202,538,14,70,0,221,2481,351,4998,2013-06-30
BOSTON,19,7,11,275,132,2,16,0,80,448,65,1055,2013-06-30
BOURNEMOUTH,26,131,9,1357,512,6,50,0,96,2038,462,4687,2013-06-30
BRACKNELL FOREST,2,16,24,678,339,1,84,0,87,1072,255,2558,2013-06-30
BRADFORD,56,78,40,2034,907,19,108,0,353,3478,491,7564,2013-06-30
BRAINTREE,25,23,27,798,328,2,42,0,163,1386,368,3162,2013-06-30
BRECKLAND,53,10,41,727,317,10,60,2,167,1005,216,2608,2013-06-30
BRENT,3,137,10,1363,768,12,106,0,143,3289,558,6389,2013-06-30
BRENTWOOD,10,36,12,462,216,2,59,0,90,873,144,1904,2013-06-30
BRIDGEND,24,7,30,699,337,5,109,0,141,1191,174,2717,2013-06-30
BRIGHTON AND HOVE,5,159,28,1777,836,9,69,0,140,3320,644,6987,2013-06-30
BROADLAND,38,10,12,636,329,6,36,1,187,1222,153,2630,2013-06-30
BROMLEY,7,75,36,1769,938,10,121,0,149,3162,662,6929,2013-06-30
BROMSGROVE,7,16,22,572,246,9,29,0,88,933,151,2073,2013-06-30
BROXBOURNE,13,24,16,500,245,0,56,0,60,906,191,2011,2013-06-30
BROXTOWE,17,8,20,565,262,3,23,0,57,672,115,1742,2013-06-30
BURNLEY,14,12,104,463,224,8,21,0,84,1042,144,2116,2013-06-30
BURY,27,26,21,990,404,9,51,0,170,1568,255,3521,2013-06-30
CAERPHILLY,45,13,24,845,454,6,102,0,142,1142,192,2965,2013-06-30
CALDERDALE,33,42,36,961,470,11,49,0,207,1734,308,3851,2013-06-30
CAMBRIDGE,14,67,30,511,232,18,184,0,129,1071,182,2438,2013-06-30
CAMDEN,3,181,12,1433,759,9,179,0,220,5025,945,8766,2013-06-30
CANNOCK CHASE,11,15,12,563,230,4,42,0,71,676,126,1750,2013-06-30
CANTERBURY,21,49,20,937,430,2,76,2,141,1546,322,3546,2013-06-30
CARADON,0,0,0,0,0,0,0,0,1,0,0,1,2013-06-30
CARDIFF,25,51,40,1765,828,18,94,0,222,3390,499,6932,2013-06-30
CARLISLE,272,10,26,1734,264,6,58,0,156,913,138,3577,2013-06-30
CARMARTHENSHIRE,84,11,58,845,380,5,84,0,313,1501,217,3498,2013-06-30
CARRICK,0,0,0,0,0,0,0,0,1,0,0,1,2013-06-30
CASTLE MORPETH,0,0,0,1,0,0,0,0,0,0,0,1,2013-06-30
CASTLE POINT,32,10,2,482,220,2,14,0,94,636,94,1586,2013-06-30
CENTRAL BEDFORDSHIRE,44,47,123,1582,733,9,223,0,212,2379,525,5877,2013-06-30
CEREDIGION,39,10,27,375,172,1,23,0,115,600,91,1453,2013-06-30
CHARNWOOD,26,27,43,753,365,1,107,0,143,1134,237,2836,2013-06-30
CHELMSFORD,31,24,12,895,414,3,41,1,152,1887,363,3823,2013-06-30
CHELTENHAM,24,16,18,729,320,8,50,2,120,1025,256,2568,2013-06-30
CHERWELL,21,14,18,873,411,5,66,0,186,1378,322,3294,2013-06-30
CHESHIRE EAST,95,64,66,2130,937,25,132,0,383,3459,658,7949,2013-06-30
CHESHIRE WEST AND CHESTER,75,56,49,1824,804,11,123,1,410,2973,574,6900,2013-06-30
CHESTERFIELD,20,17,18,477,233,5,30,0,86,703,151,1740,2013-06-30
CHICHESTER,52,28,20,789,322,1,93,0,211,1270,295,3081,2013-06-30
CHILTERN,34,11,18,487,214,3,31,1,122,913,252,2086,2013-06-30
CHORLEY,22,29,13,495,241,5,98,0,123,868,133,2027,2013-06-30
CHRISTCHURCH,4,8,7,339,135,3,21,0,51,510,77,1155,2013-06-30
CITY OF BRISTOL,56,152,43,2342,1238,14,247,0,315,4304,978,9689,2013-06-30
CITY OF DERBY,13,45,25,1194,534,7,76,0,120,1800,326,4140,2013-06-30
CITY OF KINGSTON UPON HULL,25,39,64,1173,567,18,123,0,123,1462,211,3805,2013-06-30
CITY OF LONDON,3,45,4,295,93,12,75,0,145,1915,332,2919,2013-06-30
CITY OF NOTTINGHAM,46,139,36,1210,539,23,82,0,144,2711,395,5325,2013-06-30
CITY OF PETERBOROUGH,52,46,62,790,432,1,185,1,100,1616,260,3545,2013-06-30
CITY OF PLYMOUTH,20,43,32,1547,604,9,127,1,125,2008,415,4931,2013-06-30
CITY OF WESTMINSTER,15,392,30,2565,1129,48,248,3,547,9821,2160,16958,2013-06-30
COLCHESTER,30,26,66,1019,443,11,179,4,168,1496,335,3777,2013-06-30
CONWY,49,7,9,579,276,3,28,0,134,966,190,2241,2013-06-30
COPELAND,37,4,24,333,168,3,25,0,104,640,81,1419,2013-06-30
CORBY,4,9,19,316,145,7,70,0,35,660,111,1376,2013-06-30
CORNWALL,170,111,219,3677,1374,12,324,1,940,5441,994,13263,2013-06-30
COTSWOLD,38,52,80,551,241,5,97,10,206,1291,333,2904,2013-06-30
COUNTY DURHAM,546,123,133,2672,981,30,205,0,417,4400,707,10214,2013-06-30
COVENTRY,51,47,48,1274,602,12,191,0,162,2378,344,5109,2013-06-30
CRAVEN,21,7,9,320,126,1,19,0,71,510,87,1171,2013-06-30
CRAWLEY,3,19,9,569,266,5,48,1,67,1045,267,2299,2013-06-30
CROYDON,6,97,18,1777,858,15,195,2,171,3544,677,7360,2013-06-30
DACORUM,19,27,19,755,392,2,93,3,132,1388,280,3110,2013-06-30
DARLINGTON,16,21,15,557,204,16,31,0,100,833,139,1932,2013-06-30
DARTFORD,7,27,24,521,271,5,113,1,53,962,219,2203,2013-06-30
DAVENTRY,13,5,14,426,199,4,21,0,127,739,184,1732,2013-06-30
DENBIGHSHIRE,46,6,15,443,220,5,34,0,117,781,102,1769,2013-06-30
DERBYSHIRE DALES,46,9,22,393,209,2,33,0,198,847,133,1892,2013-06-30
DONCASTER,46,44,46,1413,625,18,100,0,266,1861,340,4759,2013-06-30
DOVER,18,17,13,654,255,2,23,0,94,1067,201,2344,2013-06-30
DUDLEY,41,32,69,1275,576,5,120,0,223,2248,334,4923,2013-06-30
EALING,7,135,17,1693,732,15,135,1,161,3820,627,7343,2013-06-30
EAST CAMBRIDGESHIRE,40,6,18,444,212,2,47,1,93,717,128,1708,2013-06-30
EAST DEVON,23,48,41,811,364,15,147,1,188,1418,231,3287,2013-06-30
EAST DORSET,8,9,17,530,250,3,56,0,139,769,140,1921,2013-06-30
EAST HAMPSHIRE,22,23,22,669,323,5,93,3,164,1123,259,2706,2013-06-30
EAST HERTFORDSHIRE,22,65,23,833,398,16,73,1,145,1536,384,3496,2013-06-30
EAST LINDSEY,61,21,21,743,308,2,43,0,218,1113,177,2707,2013-06-30
EAST NORTHAMPTONSHIRE,28,17,25,453,219,4,63,1,106,750,129,1795,2013-06-30
EAST RIDING OF YORKSHIRE,99,59,71,1991,869,13,115,0,365,2998,406,6986,2013-06-30
EAST STAFFORDSHIRE,22,19,18,545,241,5,42,0,104,786,161,1943,2013-06-30
EASTBOURNE,1,25,2,675,318,4,17,0,52,1144,299,2537,2013-06-30
EASTLEIGH,16,17,18,797,370,14,77,0,94,1194,239,2836,2013-06-30
EDEN,82,8,20,312,133,3,30,0,94,570,79,1331,2013-06-30
ELLESMERE PORT AND NESTON,0,0,0,0,0,0,0,0,2,0,0,2,2013-06-30
ELMBRIDGE,16,27,23,939,533,2,75,0,142,1743,367,3867,2013-06-30
ENFIELD,5,88,25,1509,659,15,87,0,178,3394,573,6533,2013-06-30
EPPING FOREST,41,38,19,719,326,3,52,2,155,1516,262,3133,2013-06-30
EPSOM AND EWELL,0,50,14,451,225,2,57,0,44,770,162,1775,2013-06-30
EREWASH,15,13,18,678,295,1,39,0,74,862,156,2151,2013-06-30
EXETER,10,21,15,637,305,8,72,1,137,1197,190,2593,2013-06-30
FAREHAM,8,18,15,660,282,5,63,1,106,881,228,2267,2013-06-30
FENLAND,63,11,32,732,255,4,34,0,85,755,131,2102,2013-06-30
FLINTSHIRE,63,10,31,981,323,8,80,0,176,1099,213,2984,2013-06-30
FOREST HEATH,27,14,31,343,165,4,61,0,68,478,110,1301,2013-06-30
FOREST OF DEAN,53,5,24,476,201,3,53,2,108,606,143,1674,2013-06-30
FYLDE,42,13,15,437,213,5,32,0,80,865,126,1828,2013-06-30
GATESHEAD,89,45,55,988,460,10,108,0,121,1502,277,3655,2013-06-30
GEDLING,25,10,28,599,251,3,30,0,82,883,140,2051,2013-06-30
GLOUCESTER,18,25,32,749,325,6,102,1,109,904,203,2474,2013-06-30
GOSPORT,11,6,5,460,201,0,14,0,46,550,124,1417,2013-06-30
GRAVESHAM,4,11,14,482,190,2,43,0,48,763,166,1723,2013-06-30
GREAT YARMOUTH,29,10,5,518,240,1,20,0,83,740,139,1785,2013-06-30
GREENWICH,3,95,16,1209,517,3,151,0,117,2730,634,5475,2013-06-30
GUILDFORD,8,16,26,798,385,4,60,0,134,1588,304,3323,2013-06-30
GWYNEDD,103,11,42,580,266,4,40,0,190,1230,174,2640,2013-06-30
HACKNEY,1,184,7,1097,598,10,249,1,119,3141,628,6035,2013-06-30
HALTON,16,19,18,525,242,4,68,0,109,935,179,2115,2013-06-30
HAMBLETON,40,27,19,541,234,2,29,0,134,771,150,1947,2013-06-30
HAMMERSMITH AND FULHAM,6,139,11,1316,641,15,130,0,142,3125,568,6093,2013-06-30
HARBOROUGH,21,20,14,426,239,3,80,2,158,721,170,1854,2013-06-30
HARINGEY,9,107,9,1266,628,8,100,0,112,3164,494,5897,2013-06-30
HARLOW,0,19,15,398,209,3,24,0,43,582,172,1465,2013-06-30
HARROGATE,43,24,16,978,428,5,32,0,202,1459,286,3473,2013-06-30
HARROW,2,79,8,1207,494,3,79,1,112,2261,398,4644,2013-06-30
HART,14,13,17,475,230,0,62,0,90,771,197,1869,2013-06-30
HARTLEPOOL,8,19,15,396,181,6,33,0,26,679,80,1443,2013-06-30
HASTINGS,0,20,12,500,256,3,34,0,48,1185,187,2245,2013-06-30
HAVANT,16,19,16,648,295,24,52,2,57,964,231,2324,2013-06-30
HAVERING,25,73,15,1207,541,8,110,0,126,1918,310,4333,2013-06-30
HEREFORDSHIRE,77,29,47,829,395,4,53,0,264,1584,347,3629,2013-06-30
HERTSMERE,6,17,14,568,258,9,53,10,84,1196,241,2456,2013-06-30
HIGH PEAK,17,5,30,481,210,2,42,0,123,801,160,1871,2013-06-30
HILLINGDON,1,57,53,1319,597,5,128,0,238,2788,519,5705,2013-06-30
HINCKLEY AND BOSWORTH,14,15,20,518,274,1,68,1,114,903,158,2086,2013-06-30
HORSHAM,27,38,30,777,410,2,114,0,225,1533,367,3523,2013-06-30
HOUNSLOW,1,76,20,1229,540,5,110,0,127,2582,476,5166,2013-06-30
HUNTINGDONSHIRE,36,23,62,957,490,2,126,0,176,1324,303,3499,2013-06-30
HYNDBURN,29,5,5,421,226,11,7,0,85,933,99,1821,2013-06-30
IPSWICH,20,16,11,619,334,11,43,0,84,1041,156,2335,2013-06-30
ISLE OF ANGLESEY,50,9,26,434,160,2,12,0,128,579,75,1475,2013-06-30
ISLE OF WIGHT,35,19,16,852,362,9,82,0,166,1315,278,3134,2013-06-30
ISLES OF SCILLY,4,2,0,8,27,0,1,0,2,30,3,77,2013-06-30
ISLINGTON,0,141,20,1184,596,10,217,0,177,4182,777,7304,2013-06-30
KENSINGTON AND CHELSEA,5,152,5,1620,813,26,108,2,246,5197,1060,9234,2013-06-30
KETTERING,20,8,6,545,244,4,54,2,67,864,161,1975,2013-06-30
KING'S LYNN AND WEST NORFOLK,57,19,49,816,352,8,88,0,243,1269,188,3089,2013-06-30
KINGSTON UPON THAMES,3,38,15,1029,469,3,111,0,95,1901,377,4041,2013-06-30
KIRKLEES,52,45,69,1924,949,13,134,1,293,3600,563,7643,2013-06-30
KNOWSLEY,16,30,14,504,261,5,44,0,73,980,139,2066,2013-06-30
LAMBETH,3,163,14,1942,924,33,177,0,191,4750,938,9135,2013-06-30
LANCASTER,46,21,18,640,331,8,31,0,165,1138,191,2589,2013-06-30
LEEDS,80,191,114,3549,1775,42,439,0,595,6192,1060,14037,2013-06-30
LEICESTER,9,57,37,1386,545,12,64,0,157,2214,314,4795,2013-06-30
LEWES,17,30,14,614,268,1,26,0,100,1104,270,2444,2013-06-30
LEWISHAM,5,116,22,1506,730,12,245,0,139,2993,702,6470,2013-06-30
LICHFIELD,8,17,19,603,275,0,40,0,115,970,182,2229,2013-06-30
LINCOLN,8,13,16,520,279,5,36,0,77,736,132,1822,2013-06-30
LIVERPOOL,29,175,56,1831,922,24,402,0,350,3968,687,8444,2013-06-30
LUTON,21,24,11,782,357,9,23,1,81,1419,218,2946,2013-06-30
MAIDSTONE,16,23,26,843,407,11,76,0,138,1513,365,3418,2013-06-30
MALDON,20,7,7,301,166,0,19,0,77,537,113,1247,2013-06-30
MALVERN HILLS,31,10,17,347,182,0,36,1,112,578,122,1436,2013-06-30
MANCHESTER,34,133,75,2063,1005,62,202,0,407,5500,972,10453,2013-06-30
MANSFIELD,16,11,29,502,270,5,61,0,75,707,140,1816,2013-06-30
MEDWAY,6,33,27,1383,645,13,61,1,142,2115,552,4978,2013-06-30
MELTON,22,11,6,236,118,5,13,0,43,376,75,905,2013-06-30
MENDIP,41,19,21,587,308,5,89,0,145,865,226,2306,2013-06-30
MERTHYR TYDFIL,20,6,11,312,113,4,21,0,62,487,79,1115,2013-06-30
MERTON,2,65,15,1207,574,12,82,0,94,2533,529,5113,2013-06-30
MID DEVON,17,15,32,451,255,3,47,0,141,733,154,1848,2013-06-30
MID SUFFOLK,45,10,38,539,260,18,57,0,134,760,168,2029,2013-06-30
MID SUSSEX,17,25,42,783,406,6,123,0,175,1543,369,3489,2013-06-30
MIDDLESBROUGH,13,12,22,577,235,0,53,0,71,1043,147,2173,2013-06-30
MILTON KEYNES,35,117,120,1291,628,22,288,2,123,2400,662,5688,2013-06-30
MOLE VALLEY,3,16,15,476,232,2,32,0,115,963,208,2062,2013-06-30
MONMOUTHSHIRE,35,16,32,474,241,1,49,0,143,771,170,1932,2013-06-30
NEATH PORT TALBOT,33,28,24,670,301,6,66,0,167,1000,151,2446,2013-06-30
NEW FOREST,22,21,20,1139,526,6,39,0,186,1673,304,3936,2013-06-30
NEWARK AND SHERWOOD,76,13,39,1032,280,11,51,0,120,1209,180,3011,2013-06-30
NEWCASTLE UPON TYNE,29,56,76,1184,543,10,101,0,139,2238,406,4782,2013-06-30
NEWCASTLE-UNDER-LYME,15,18,24,622,248,4,94,0,98,832,141,2096,2013-06-30
NEWHAM,8,119,7,1022,527,5,122,1,124,3062,609,5606,2013-06-30
NEWPORT,29,36,24,735,343,10,78,0,160,1192,179,2786,2013-06-30
NORTH CORNWALL,0,0,0,1,0,0,0,0,0,1,0,2,2013-06-30
NORTH DEVON,26,10,39,560,254,4,41,1,135,853,143,2066,2013-06-30
NORTH DORSET,17,9,23,483,179,2,61,0,96,532,136,1538,2013-06-30
NORTH EAST DERBYSHIRE,29,13,22,479,196,0,16,0,131,743,157,1786,2013-06-30
NORTH EAST LINCOLNSHIRE,36,19,18,865,328,4,54,0,74,1271,162,2831,2013-06-30
NORTH HERTFORDSHIRE,17,50,7,723,310,5,71,0,87,1187,249,2706,2013-06-30
NORTH KESTEVEN,29,12,41,558,309,4,53,0,115,864,180,2165,2013-06-30
NORTH LINCOLNSHIRE,50,46,37,912,342,10,85,0,125,1166,195,2968,2013-06-30
NORTH NORFOLK,54,3,29,549,265,0,38,1,203,966,199,2307,2013-06-30
NORTH SOMERSET,58,36,30,1268,582,7,111,0,238,1876,488,4694,2013-06-30
NORTH TYNESIDE,31,29,36,1069,522,11,69,0,103,1493,255,3618,2013-06-30
NORTH WARWICKSHIRE,19,8,7,272,195,0,7,0,67,636,96,1307,2013-06-30
NORTH WEST LEICESTERSHIRE,15,12,26,441,246,1,72,1,102,813,162,1891,2013-06-30
NORTHAMPTON,104,46,37,1094,500,13,105,1,173,1819,372,4264,2013-06-30
NORTHUMBERLAND,80,50,122,1572,702,19,108,1,278,2531,460,5923,2013-06-30
NORWICH,9,26,12,585,304,3,72,0,93,1002,159,2265,2013-06-30
NUNEATON AND BEDWORTH,15,19,24,546,235,3,38,0,88,805,161,1934,2013-06-30
OADBY AND WIGSTON,6,6,4,255,129,2,12,0,30,355,60,859,2013-06-30
OLDHAM,31,27,29,936,400,9,54,0,172,1815,294,3767,2013-06-30
OXFORD,7,26,13,639,306,5,36,0,87,1147,222,2488,2013-06-30
PEMBROKESHIRE,67,10,41,592,254,9,54,2,229,1216,213,2687,2013-06-30
PENDLE,26,2,20,380,207,4,25,0,121,708,88,1581,2013-06-30
POOLE,7,26,10,994,385,3,57,0,83,1518,338,3421,2013-06-30
PORTSMOUTH,43,28,8,1072,466,12,49,2,114,1869,322,3985,2013-06-30
POWYS,101,12,51,587,275,3,39,0,289,1072,168,2597,2013-06-30
PRESTON,15,17,10,607,279,7,36,0,104,1083,168,2326,2013-06-30
PURBECK,19,5,7,270,99,0,21,0,71,416,105,1013,2013-06-30
READING,12,53,19,862,436,3,146,0,96,1796,331,3754,2013-06-30
REDBRIDGE,19,44,6,1325,582,48,26,0,99,2767,436,5352,2013-06-30
REDCAR AND CLEVELAND,11,23,17,626,287,8,36,0,79,902,143,2132,2013-06-30
REDDITCH,7,10,13,435,216,2,44,1,66,638,127,1559,2013-06-30
REIGATE AND BANSTEAD,3,40,48,845,450,6,140,0,129,1642,372,3675,2013-06-30
RESTORMEL,0,0,0,0,0,0,0,0,2,1,0,3,2013-06-30
RHONDDA CYNON TAFF,78,14,48,1139,578,18,76,0,244,1888,240,4323,2013-06-30
RIBBLE VALLEY,24,3,16,307,155,3,47,0,105,567,61,1288,2013-06-30
RICHMOND UPON THAMES,3,120,19,1385,699,8,56,0,122,2679,518,5609,2013-06-30
RICHMONDSHIRE,19,2,15,237,124,3,28,1,100,425,74,1028,2013-06-30
ROCHDALE,22,31,34,800,413,6,73,0,170,1764,253,3566,2013-06-30
ROCHFORD,22,22,10,458,185,0,28,0,85,631,141,1582,2013-06-30
ROSSENDALE,10,5,15,374,157,3,16,0,101,683,93,1457,2013-06-30
ROTHER,12,15,17,527,254,7,42,1,123,1157,289,2444,2013-06-30
ROTHERHAM,28,51,56,1188,523,7,157,0,161,1660,312,4143,2013-06-30
RUGBY,21,23,36,560,265,3,90,0,84,872,192,2146,2013-06-30
RUNNYMEDE,5,11,11,441,203,3,11,0,88,854,190,1817,2013-06-30
RUSHCLIFFE,12,14,42,618,293,3,44,0,90,776,173,2065,2013-06-30
RUSHMOOR,14,23,17,454,232,11,38,0,64,730,174,1757,2013-06-30
RUTLAND,11,12,9,179,99,1,24,2,58,309,76,780,2013-06-30
RYEDALE,27,7,27,282,103,1,33,0,80,510,70,1140,2013-06-30
SALFORD,23,36,18,1048,545,13,168,0,236,2368,770,5225,2013-06-30
SALISBURY,0,0,0,0,0,0,0,0,1,0,0,1,2013-06-30
SANDWELL,25,31,61,1206,536,6,87,0,162,2216,339,4669,2013-06-30
SCARBOROUGH,55,28,25,538,338,5,37,0,134,1103,178,2441,2013-06-30
SEDGEFIELD,0,0,0,0,0,0,0,0,1,0,0,1,2013-06-30
SEDGEMOOR,46,27,45,616,317,5,76,0,161,959,219,2471,2013-06-30
SEFTON,35,43,12,1158,598,13,53,0,189,2173,340,4614,2013-06-30
SELBY,29,10,28,580,239,3,48,0,132,767,158,1994,2013-06-30
SEVENOAKS,4,28,42,629,362,4,58,0,114,1194,314,2749,2013-06-30
SHEFFIELD,73,75,76,2576,1252,21,116,0,383,3899,753,9224,2013-06-30
SHEPWAY,22,21,28,583,278,5,25,2,86,1205,201,2456,2013-06-30
SHROPSHIRE,115,34,96,1489,728,13,200,1,466,2436,554,6132,2013-06-30
SLOUGH,13,27,13,589,288,4,80,0,98,1466,279,2857,2013-06-30
SOLIHULL,24,29,44,1093,536,20,85,1,133,1858,279,4102,2013-06-30
SOUTH BUCKS,8,20,11,344,214,0,33,0,84,918,165,1797,2013-06-30
SOUTH CAMBRIDGESHIRE,41,26,59,835,351,12,138,1,164,1395,374,3396,2013-06-30
SOUTH DERBYSHIRE,17,8,35,517,261,4,71,0,97,854,151,2015,2013-06-30
SOUTH GLOUCESTERSHIRE,62,52,67,1603,672,12,185,0,216,1965,479,5313,2013-06-30
SOUTH HAMS,12,15,33,599,288,1,41,0,165,1042,217,2413,2013-06-30
SOUTH HOLLAND,51,15,24,484,227,6,33,1,125,708,151,1825,2013-06-30
SOUTH KESTEVEN,63,20,43,730,356,1,88,1,166,1112,242,2822,2013-06-30
SOUTH LAKELAND,84,14,29,516,282,1,36,0,179,1140,212,2493,2013-06-30
SOUTH NORFOLK,59,13,58,703,305,227,101,0,165,913,285,2829,2013-06-30
SOUTH NORTHAMPTONSHIRE,16,9,22,518,220,0,45,0,111,789,177,1907,2013-06-30
SOUTH OXFORDSHIRE,23,26,35,793,395,4,92,0,132,1276,294,3070,2013-06-30
SOUTH RIBBLE,24,20,8,528,254,2,33,0,97,858,119,1943,2013-06-30
SOUTH SHROPSHIRE,0,0,0,0,0,0,0,0,1,0,0,1,2013-06-30
SOUTH SOMERSET,77,18,31,840,388,4,95,0,203,1306,274,3236,2013-06-30
SOUTH STAFFORDSHIRE,17,6,16,452,198,0,31,0,118,855,154,1847,2013-06-30
SOUTH TYNESIDE,45,33,49,593,259,6,70,0,53,1068,165,2341,2013-06-30
SOUTHAMPTON,25,31,18,1144,555,12,94,0,122,2011,395,4407,2013-06-30
SOUTHEND-ON-SEA,24,56,30,1025,440,9,32,0,82,1980,336,4014,2013-06-30
SOUTHWARK,4,129,9,1578,754,14,272,0,266,7405,868,11299,2013-06-30
SPELTHORNE,0,21,6,507,256,1,33,0,67,993,240,2124,2013-06-30
ST ALBANS,24,74,12,872,421,5,107,1,104,1464,273,3357,2013-06-30
ST EDMUNDSBURY,41,13,22,637,278,3,25,1,147,869,219,2255,2013-06-30
ST HELENS,17,68,12,853,357,3,54,0,167,1362,230,3123,2013-06-30
STAFFORD,27,17,24,629,302,5,59,0,167,960,161,2351,2013-06-30
STAFFORDSHIRE MOORLANDS,44,14,9,409,175,1,43,0,121,765,125,1706,2013-06-30
STEVENAGE,2,25,18,382,159,5,23,0,22,451,144,1231,2013-06-30
STOCKPORT,37,89,15,1433,640,7,44,0,219,2306,486,5276,2013-06-30
STOCKTON-ON-TEES,22,54,47,1001,396,15,122,0,122,1610,237,3626,2013-06-30
STOKE-ON-TRENT,23,31,23,1131,514,7,108,0,139,1629,234,3839,2013-06-30
STRATFORD-ON-AVON,64,39,47,699,349,8,71,0,222,1308,250,3057,2013-06-30
STROUD,25,12,36,677,281,6,77,0,114,908,203,2339,2013-06-30
SUFFOLK COASTAL,65,14,27,593,295,6,41,1,200,1070,177,2489,2013-06-30
SUNDERLAND,28,50,34,1123,500,11,101,0,105,2050,365,4367,2013-06-30
SURREY HEATH,1,21,12,514,265,1,32,0,88,981,221,2136,2013-06-30
SUTTON,5,41,16,1125,488,6,66,0,73,1866,378,4064,2013-06-30
SWALE,30,36,27,743,334,11,62,0,119,1170,256,2788,2013-06-30
SWANSEA,43,44,45,1213,562,16,83,1,264,2017,290,4578,2013-06-30
SWINDON,43,52,23,1063,494,14,108,0,113,1569,416,3895,2013-06-30
TAMESIDE,22,27,22,903,400,10,30,0,102,1609,308,3433,2013-06-30
TAMWORTH,9,11,16,317,188,3,33,0,47,520,95,1239,2013-06-30
TANDRIDGE,3,10,14,515,236,3,31,0,88,945,212,2057,2013-06-30
TAUNTON DEANE,20,18,41,515,257,3,118,0,147,921,192,2232,2013-06-30
TEIGNBRIDGE,22,21,61,779,402,8,164,0,161,1392,234,3244,2013-06-30
TENDRING,46,15,17,766,315,7,34,0,235,1096,241,2772,2013-06-30
TEST VALLEY,21,46,26,649,244,7,89,0,141,966,189,2378,2013-06-30
TEWKESBURY,23,15,21,473,209,0,87,1,113,832,225,1999,2013-06-30
THANET,13,25,14,720,360,6,21,2,70,1376,226,2833,2013-06-30
THE VALE OF GLAMORGAN,30,25,17,621,320,8,17,0,97,1316,179,2630,2013-06-30
THREE RIVERS,8,12,10,480,261,6,21,0,83,837,176,1894,2013-06-30
THURROCK,11,29,30,724,341,9,78,4,112,1626,320,3284,2013-06-30
TONBRIDGE AND MALLING,4,17,44,711,323,7,69,0,127,1364,338,3004,2013-06-30
TORBAY,12,32,10,860,353,7,43,0,81,1215,219,2832,2013-06-30
TORFAEN,24,8,4,386,208,5,42,0,46,542,150,1415,2013-06-30
TORRIDGE,23,7,35,463,172,4,49,0,113,576,120,1562,2013-06-30
TOWER HAMLETS,2,215,13,1379,725,56,211,1,241,4926,1083,8852,2013-06-30
TRAFFORD,20,32,14,1288,559,7,57,0,194,2077,393,4641,2013-06-30
TUNBRIDGE WELLS,12,12,18,688,348,1,33,0,121,1466,341,3040,2013-06-30
UTTLESFORD,20,17,44,475,215,2,77,0,141,790,180,1961,2013-06-30
VALE OF WHITE HORSE,5,12,24,644,292,18,117,0,141,1190,258,2701,2013-06-30
VALE ROYAL,0,0,0,0,0,0,0,0,1,1,0,2,2013-06-30
WAKEFIELD,37,49,56,1433,692,16,94,0,220,2233,354,5184,2013-06-30
WALSALL,11,55,50,1126,501,8,82,0,137,1789,294,4053,2013-06-30
WALTHAM FOREST,14,86,12,1210,544,4,89,0,127,2495,390,4971,2013-06-30
WANDSWORTH,2,190,32,2648,1232,9,194,0,202,5135,1070,10714,2013-06-30
WARRINGTON,40,35,27,1053,491,5,136,0,234,1934,374,4329,2013-06-30
WARWICK,34,42,20,826,383,3,41,1,267,1263,203,3083,2013-06-30
WATFORD,7,40,7,511,208,6,61,0,56,1045,161,2102,2013-06-30
WAVENEY,76,14,19,577,271,4,18,0,125,753,146,2003,2013-06-30
WAVERLEY,7,28,26,784,404,0,49,0,160,1457,320,3235,2013-06-30
WEALDEN,31,18,60,916,420,7,132,0,196,1579,413,3772,2013-06-30
WELLINGBOROUGH,8,6,13,343,156,1,35,0,62,623,121,1368,2013-06-30
WELWYN HATFIELD,20,16,13,514,229,7,42,1,79,1003,256,2180,2013-06-30
WEST BERKSHIRE,8,33,29,1009,457,7,77,0,160,1672,389,3841,2013-06-30
WEST DEVON,18,11,22,357,151,5,41,0,78,477,108,1268,2013-06-30
WEST DORSET,38,18,19,591,266,3,88,2,132,890,238,2285,2013-06-30
WEST LANCASHIRE,29,11,22,451,229,9,41,0,106,788,176,1862,2013-06-30
WEST LINDSEY,40,11,29,483,219,2,51,0,88,659,144,1726,2013-06-30
WEST OXFORDSHIRE,25,15,28,570,278,10,60,0,152,1048,234,2420,2013-06-30
WEST SOMERSET,8,5,8,166,92,0,9,0,62,343,44,737,2013-06-30
WEYMOUTH AND PORTLAND,11,11,7,385,175,3,18,0,50,575,102,1337,2013-06-30
WIGAN,64,39,39,1464,704,15,108,0,319,2452,399,5603,2013-06-30
WILTSHIRE,114,68,129,2424,1093,11,309,0,567,3661,964,9340,2013-06-30
WINCHESTER,29,33,31,683,320,2,98,1,201,1137,257,2792,2013-06-30
WINDSOR AND MAIDENHEAD,7,38,13,909,449,36,46,0,182,1954,353,3987,2013-06-30
WIRRAL,36,36,17,1516,639,14,47,0,164,2340,405,5214,2013-06-30
WOKING,1,36,12,597,262,4,77,0,82,1103,236,2410,2013-06-30
WOKINGHAM,3,53,23,952,426,18,60,2,130,1456,362,3485,2013-06-30
WOLVERHAMPTON,36,25,46,850,399,6,104,0,197,1497,250,3410,2013-06-30
WORCESTER,17,23,21,533,260,3,42,0,91,845,132,1967,2013-06-30
WREKIN,26,24,42,799,349,13,98,2,155,1444,302,3254,2013-06-30
WORTHING,8,39,7,725,375,7,25,0,72,1100,216,2574,2013-06-30
WREXHAM,33,20,21,462,241,4,23,0,103,818,151,1876,2013-06-30
WYCHAVON,43,31,30,687,300,10,70,3,186,1150,240,2750,2013-06-30
WYCOMBE,69,36,22,836,439,3,79,1,158,1474,339,3456,2013-06-30
WYRE,96,8,10,520,224,6,30,0,108,771,101,1874,2013-06-30
WYRE FOREST,42,19,15,430,170,1,59,0,114,645,116,1611,2013-06-30
YORK,48,31,27,1158,544,14,70,0,220,1439,245,3796,2013-06-30
ALL COUNTIES,1,0,0,0,0,0,0,0,0,7,37,45,2013-05-31
ADUR,10,12,18,361,168,3,11,0,26,566,122,1297,2013-05-31
ALLERDALE,225,18,47,520,248,15,50,0,137,907,139,2306,2013-05-31
AMBER VALLEY,22,13,29,604,280,8,23,0,137,860,158,2134,2013-05-31
ARUN,12,41,28,1006,453,3,34,0,131,1735,344,3787,2013-05-31
ASHFIELD,24,30,47,578,293,11,56,0,98,839,163,2139,2013-05-31
ASHFORD,28,27,25,734,353,9,53,1,163,1388,322,3103,2013-05-31
AYLESBURY VALE,39,35,155,959,491,4,156,6,175,1628,436,4084,2013-05-31
BABERGH,53,7,35,458,249,8,31,1,120,821,156,1939,2013-05-31
BARKING AND DAGENHAM,15,40,19,695,280,6,88,3,71,1506,266,2989,2013-05-31
BARNET,19,226,24,1862,983,18,160,4,186,4656,848,8986,2013-05-31
BARNSLEY,86,104,65,1166,530,10,90,0,184,1833,331,4399,2013-05-31
BARROW-IN-FURNESS,16,18,5,352,205,1,13,0,37,497,51,1195,2013-05-31
BASILDON,27,77,35,927,387,2,102,0,124,1860,475,4016,2013-05-31
BASINGSTOKE AND DEANE,10,25,31,921,423,6,54,0,184,1639,514,3807,2013-05-31
BASSETLAW,80,20,28,638,270,8,31,0,112,842,155,2184,2013-05-31
BATH AND NORTH EAST SOMERSET,32,43,37,1024,483,3,79,0,241,1934,370,4246,2013-05-31
BEDFORD,25,29,62,883,419,8,127,1,128,1319,260,3261,2013-05-31
BEXLEY,8,74,17,1176,577,8,74,1,89,2195,407,4626,2013-05-31
BIRMINGHAM,113,186,133,4160,1990,34,217,3,676,9001,1260,17773,2013-05-31
BLABY,12,12,21,523,211,1,38,0,64,777,136,1795,2013-05-31
BLACKBURN WITH DARWEN,17,35,19,627,267,7,32,0,144,1216,169,2533,2013-05-31
BLACKPOOL,43,18,3,697,351,5,14,0,121,1284,199,2735,2013-05-31
BLAENAU GWENT,30,6,9,298,122,6,6,0,60,546,99,1182,2013-05-31
BLYTH VALLEY,0,0,0,0,0,0,0,0,0,1,0,1,2013-05-31
BOLSOVER,11,15,12,351,160,4,22,0,71,548,103,1297,2013-05-31
BOLTON,36,60,52,1296,560,9,100,0,197,2389,386,5085,2013-05-31
BOSTON,25,3,9,295,152,1,35,0,76,420,63,1079,2013-05-31
BOURNEMOUTH,23,160,9,1065,529,6,82,0,101,2078,382,4435,2013-05-31
BRACKNELL FOREST,2,15,33,711,315,5,54,0,83,1073,334,2625,2013-05-31
BRADFORD,54,76,50,2175,991,25,104,0,329,3723,548,8075,2013-05-31
BRAINTREE,33,18,23,783,386,8,41,0,175,1224,335,3026,2013-05-31
BRECKLAND,41,14,48,641,358,5,63,0,138,1024,260,2592,2013-05-31
BRENT,2,165,10,1233,557,21,106,0,114,3582,543,6333,2013-05-31
BRENTWOOD,8,46,4,445,205,0,42,1,100,884,155,1890,2013-05-31
BRIDGEND,34,12,37,871,364,4,57,0,121,1198,201,2899,2013-05-31
BRIGHTON AND HOVE,20,222,15,1638,813,7,79,1,156,3385,609,6945,2013-05-31
BROADLAND,52,11,18,664,311,6,55,0,193,1106,219,2635,2013-05-31
BROMLEY,7,99,29,1968,904,5,112,0,176,3453,637,7390,2013-05-31
BROMSGROVE,22,8,16,473,261,4,38,1,103,838,156,1920,2013-05-31
BROXBOURNE,10,13,26,542,237,2,24,0,81,890,200,2025,2013-05-31
BROXTOWE,17,13,17,541,261,6,24,0,77,701,146,1803,2013-05-31
BURNLEY,14,14,7,484,241,11,13,0,77,1237,143,2241,2013-05-31
BURY,29,23,12,941,465,8,76,0,188,1848,261,3851,2013-05-31
CAERPHILLY,38,29,38,811,349,8,39,0,119,1286,209,2926,2013-05-31
CALDERDALE,38,26,46,1091,514,7,42,0,200,1759,266,3989,2013-05-31
CAMBRIDGE,12,87,32,513,245,2,153,0,140,1229,188,2601,2013-05-31
CAMDEN,6,238,13,1510,763,15,179,2,241,4730,945,8642,2013-05-31
CANNOCK CHASE,13,15,21,451,269,3,34,0,74,750,147,1777,2013-05-31
CANTERBURY,14,46,39,801,461,9,79,0,142,1577,331,3499,2013-05-31
CARDIFF,40,77,30,1937,839,12,60,1,262,3339,573,7170,2013-05-31
CARLISLE,176,12,18,691,260,2,33,0,168,888,140,2388,2013-05-31
CARMARTHENSHIRE,92,18,77,799,451,15,87,4,274,1485,208,3510,2013-05-31
CARRICK,0,0,0,0,0,0,0,0,1,0,0,1,2013-05-31
CASTLE POINT,33,13,9,422,199,0,6,0,172,709,109,1672,2013-05-31
CENTRAL BEDFORDSHIRE,37,50,151,1424,715,10,232,3,267,2442,504,5835,2013-05-31
CEREDIGION,52,3,22,341,160,3,27,0,134,503,40,1285,2013-05-31
CHARNWOOD,27,19,28,786,408,4,75,0,117,1224,239,2927,2013-05-31
CHELMSFORD,34,16,20,982,456,4,53,0,167,1667,354,3753,2013-05-31
CHELTENHAM,21,26,24,635,328,4,40,0,96,1019,255,2448,2013-05-31
CHERWELL,29,26,25,870,378,3,54,0,218,1491,394,3488,2013-05-31
CHESHIRE EAST,93,73,61,2171,1012,33,124,3,427,3592,679,8268,2013-05-31
CHESHIRE WEST AND CHESTER,105,96,70,1810,779,18,107,2,384,3190,590,7151,2013-05-31
CHESTER,0,0,0,0,0,0,0,0,1,0,0,1,2013-05-31
CHESTERFIELD,19,18,17,492,212,1,24,0,60,691,139,1673,2013-05-31
CHICHESTER,57,25,41,685,346,2,55,1,211,1406,316,3145,2013-05-31
CHILTERN,39,30,38,456,234,14,63,0,93,915,186,2068,2013-05-31
CHORLEY,40,44,28,593,235,2,73,0,149,1057,141,2362,2013-05-31
CHRISTCHURCH,8,19,15,330,137,1,15,0,29,486,95,1135,2013-05-31
CITY OF BRISTOL,52,148,34,2284,1096,19,173,0,265,4371,936,9378,2013-05-31
CITY OF DERBY,23,32,31,1159,546,6,52,1,115,1907,344,4216,2013-05-31
CITY OF KINGSTON UPON HULL,34,28,32,1037,473,11,99,0,102,1574,258,3648,2013-05-31
CITY OF LONDON,16,86,2,350,82,20,86,1,159,1914,363,3079,2013-05-31
CITY OF NOTTINGHAM,49,213,34,1140,629,17,98,0,152,2620,434,5386,2013-05-31
CITY OF PETERBOROUGH,36,40,61,852,378,5,128,1,126,1924,305,3856,2013-05-31
CITY OF PLYMOUTH,10,37,29,1476,628,11,82,1,136,1914,459,4783,2013-05-31
CITY OF WESTMINSTER,12,369,13,3840,1122,21,331,0,511,11718,2073,20010,2013-05-31
COLCHESTER,42,27,103,971,462,7,142,0,190,1871,543,4358,2013-05-31
CONWY,56,18,21,551,273,4,33,0,129,956,156,2197,2013-05-31
COPELAND,57,9,17,361,147,0,30,0,130,540,80,1371,2013-05-31
CORBY,10,120,18,292,156,6,47,0,49,572,153,1423,2013-05-31
CORNWALL,234,106,166,3100,1481,21,317,0,911,5403,996,12735,2013-05-31
COTSWOLD,34,21,39,506,281,5,47,0,140,1206,286,2565,2013-05-31
COUNTY DURHAM,245,66,142,2764,1047,29,116,1,451,4508,668,10037,2013-05-31
COVENTRY,43,51,33,1457,585,10,97,0,167,2204,315,4962,2013-05-31
CRAVEN,29,6,3,302,189,2,19,0,111,557,85,1303,2013-05-31
CRAWLEY,4,29,9,515,228,50,18,1,42,956,250,2102,2013-05-31
CROYDON,4,142,29,1732,849,8,145,1,171,4081,654,7816,2013-05-31
DACORUM,14,37,21,735,380,11,61,0,107,1323,310,2999,2013-05-31
DARLINGTON,45,9,20,719,260,5,28,0,74,887,127,2174,2013-05-31
DARTFORD,13,39,31,532,229,6,65,4,53,954,228,2154,2013-05-31
DAVENTRY,20,5,27,433,208,4,22,2,80,790,166,1757,2013-05-31
DENBIGHSHIRE,50,12,36,506,212,7,27,0,121,764,112,1847,2013-05-31
DERBYSHIRE DALES,38,12,24,367,183,5,34,0,164,663,121,1611,2013-05-31
DONCASTER,49,66,72,1311,606,20,60,0,187,2201,425,4997,2013-05-31
DOVER,16,9,12,523,313,11,32,1,72,1016,181,2186,2013-05-31
DUDLEY,49,43,69,1415,583,13,78,0,190,2208,345,4993,2013-05-31
EALING,3,172,23,1666,778,12,105,0,171,3903,724,7557,2013-05-31
EAST CAMBRIDGESHIRE,56,9,37,431,211,2,43,2,84,854,179,1908,2013-05-31
EAST DEVON,35,35,37,873,378,9,76,0,177,1387,255,3262,2013-05-31
EAST DORSET,9,16,11,594,224,4,25,0,93,797,157,1930,2013-05-31
EAST HAMPSHIRE,30,15,47,658,283,2,40,0,236,1145,245,2701,2013-05-31
EAST HERTFORDSHIRE,29,69,48,869,395,12,96,0,153,1468,304,3443,2013-05-31
EAST LINDSEY,64,22,29,625,330,3,43,0,193,1183,207,2699,2013-05-31
EAST NORTHAMPTONSHIRE,24,5,24,506,196,2,25,8,94,833,149,1866,2013-05-31
EAST RIDING OF YORKSHIRE,235,47,78,1892,986,10,96,1,351,3063,473,7232,2013-05-31
EAST STAFFORDSHIRE,33,18,35,582,266,1,48,0,106,989,174,2252,2013-05-31
EASTBOURNE,1,28,3,611,307,7,27,0,31,1272,301,2588,2013-05-31
EASTLEIGH,13,23,41,760,428,4,38,0,123,1247,273,2950,2013-05-31
EDEN,81,14,21,332,162,3,15,0,115,565,66,1374,2013-05-31
ELLESMERE PORT AND NESTON,0,0,0,0,0,0,0,0,2,0,0,2,2013-05-31
ELMBRIDGE,6,43,24,1058,497,1,51,1,134,1873,423,4111,2013-05-31
ENFIELD,17,76,7,1435,654,6,109,0,124,3417,542,6387,2013-05-31
EPPING FOREST,15,34,14,771,353,4,49,0,129,1569,214,3152,2013-05-31
EPSOM AND EWELL,0,34,13,522,219,3,54,0,50,864,192,1951,2013-05-31
EREWASH,13,15,23,625,359,5,90,11,109,1060,167,2477,2013-05-31
EXETER,20,24,13,759,293,5,38,0,86,1109,272,2619,2013-05-31
FAREHAM,17,14,7,717,265,3,51,0,101,961,186,2322,2013-05-31
FENLAND,87,19,27,492,257,2,41,1,100,853,159,2038,2013-05-31
FLINTSHIRE,57,8,41,676,338,3,36,0,162,1138,201,2660,2013-05-31
FOREST HEATH,42,17,27,354,170,1,41,0,64,525,142,1383,2013-05-31
FOREST OF DEAN,29,9,22,376,225,9,37,3,106,636,123,1575,2013-05-31
FYLDE,85,15,10,450,236,1,42,0,89,946,151,2025,2013-05-31
GATESHEAD,41,45,73,1071,658,8,63,0,97,1588,269,3913,2013-05-31
GEDLING,43,17,28,591,273,2,29,0,79,882,147,2091,2013-05-31
GLOUCESTER,17,27,41,651,379,13,68,2,122,1554,239,3113,2013-05-31
GOSPORT,10,16,4,439,256,6,15,1,45,663,146,1601,2013-05-31
GRAVESHAM,2,9,34,424,222,8,51,11,57,832,155,1805,2013-05-31
GREAT YARMOUTH,49,18,15,549,198,2,17,0,86,741,167,1842,2013-05-31
GREENWICH,5,109,10,1213,711,7,142,0,96,2699,474,5466,2013-05-31
GUILDFORD,10,50,31,904,392,4,68,1,148,1574,325,3507,2013-05-31
GWYNEDD,113,13,28,640,270,4,48,0,258,1132,167,2673,2013-05-31
HACKNEY,1,177,20,1103,642,12,158,0,158,3449,650,6370,2013-05-31
HALTON,18,22,20,523,247,10,42,0,96,1033,181,2192,2013-05-31
HAMBLETON,79,77,40,469,309,1,23,0,135,788,154,2075,2013-05-31
HAMMERSMITH AND FULHAM,3,118,11,1408,634,10,103,0,154,3790,656,6887,2013-05-31
HARBOROUGH,25,20,21,444,213,1,52,0,121,832,187,1916,2013-05-31
HARINGEY,3,135,13,1231,556,6,62,0,125,3147,474,5752,2013-05-31
HARLOW,4,10,25,375,203,1,27,0,44,640,202,1531,2013-05-31
HARROGATE,66,33,26,983,460,4,34,0,186,1543,320,3655,2013-05-31
HARROW,4,91,9,1159,522,3,65,0,124,2315,400,4692,2013-05-31
HART,9,8,31,522,225,1,54,0,95,967,205,2117,2013-05-31
HARTLEPOOL,7,15,20,472,180,7,23,0,36,615,92,1467,2013-05-31
HASTINGS,1,20,12,507,247,4,28,0,63,1173,207,2262,2013-05-31
HAVANT,13,27,16,567,286,1,55,3,65,892,186,2111,2013-05-31
HAVERING,33,32,29,1193,528,6,90,2,138,2469,391,4911,2013-05-31
HEREFORDSHIRE,67,29,41,899,399,3,67,0,262,1454,356,3577,2013-05-31
HERTSMERE,5,30,7,555,280,4,25,0,92,1158,227,2383,2013-05-31
HIGH PEAK,33,16,17,457,219,1,32,0,140,873,139,1927,2013-05-31
HILLINGDON,2,101,31,1296,640,79,80,1,206,2790,531,5757,2013-05-31
HINCKLEY AND BOSWORTH,19,16,29,584,253,9,33,0,106,785,173,2007,2013-05-31
HORSHAM,22,27,37,713,349,1,66,2,190,1450,374,3231,2013-05-31
HOUNSLOW,5,60,18,1187,596,16,92,0,159,2979,557,5669,2013-05-31
HUNTINGDONSHIRE,37,34,63,1030,471,10,92,0,161,1443,339,3680,2013-05-31
HYNDBURN,42,6,4,397,229,5,7,0,130,891,114,1825,2013-05-31
IPSWICH,22,22,12,676,280,18,23,0,81,1355,221,2710,2013-05-31
ISLE OF ANGLESEY,48,3,13,351,167,4,25,0,140,559,105,1415,2013-05-31
ISLE OF WIGHT,41,42,42,991,424,13,58,0,171,1423,316,3521,2013-05-31
ISLES OF SCILLY,2,2,1,6,35,0,1,0,1,13,1,62,2013-05-31
ISLINGTON,4,185,9,1160,600,6,142,0,135,3534,607,6382,2013-05-31
KENSINGTON AND CHELSEA,14,169,9,1503,769,20,112,2,228,5643,1086,9555,2013-05-31
KETTERING,26,9,16,566,240,4,32,0,73,926,180,2072,2013-05-31
KING'S LYNN AND WEST NORFOLK,66,33,51,839,427,5,57,0,236,1303,235,3252,2013-05-31
KINGSTON UPON THAMES,3,44,13,958,487,2,67,0,100,1846,354,3874,2013-05-31
KIRKLEES,49,68,95,2224,940,20,87,0,348,3848,526,8205,2013-05-31
KNOWSLEY,73,56,23,565,221,9,37,0,96,1063,168,2311,2013-05-31
LAMBETH,1,198,17,1809,871,15,170,0,251,4737,1005,9074,2013-05-31
LANCASTER,58,29,12,672,310,5,26,0,209,1467,141,2929,2013-05-31
LEEDS,110,285,137,3646,1783,91,299,0,728,6818,975,14872,2013-05-31
LEICESTER,8,44,32,1174,527,12,88,1,180,2225,338,4629,2013-05-31
LEWES,16,10,17,594,284,1,48,0,105,964,182,2221,2013-05-31
LEWISHAM,1,141,24,1595,738,13,148,0,92,3269,674,6695,2013-05-31
LICHFIELD,20,20,27,494,234,1,35,0,81,942,190,2044,2013-05-31
LINCOLN,19,18,26,511,228,3,25,0,78,763,123,1794,2013-05-31
LIVERPOOL,64,194,99,2047,945,50,178,0,379,4567,685,9208,2013-05-31
LUTON,17,22,9,837,380,7,22,1,83,1501,256,3135,2013-05-31
MACCLESFIELD,0,0,0,1,0,0,0,0,0,2,0,3,2013-05-31
MAIDSTONE,18,36,31,815,405,11,62,0,176,1425,349,3328,2013-05-31
MALDON,23,4,1,313,154,2,21,0,89,606,145,1358,2013-05-31
MALVERN HILLS,32,14,28,339,149,0,19,0,135,613,115,1444,2013-05-31
MANCHESTER,14,153,60,1935,922,60,177,1,430,5253,1156,10161,2013-05-31
MANSFIELD,17,26,24,498,233,4,24,0,57,690,128,1701,2013-05-31
MEDWAY,19,35,25,1325,680,11,44,0,140,2385,492,5156,2013-05-31
MELTON,15,8,6,270,134,1,15,1,56,362,75,943,2013-05-31
MENDIP,42,13,35,689,280,4,67,0,189,1077,259,2655,2013-05-31
MERTHYR TYDFIL,13,6,18,246,116,3,12,0,77,408,52,951,2013-05-31
MERTON,5,101,30,1274,566,5,54,0,105,2442,442,5024,2013-05-31
MID DEVON,40,12,22,426,188,3,32,0,104,741,171,1739,2013-05-31
MID SUFFOLK,40,15,45,588,263,17,53,1,159,869,170,2220,2013-05-31
MID SUSSEX,12,43,44,808,397,10,122,1,163,1539,409,3548,2013-05-31
MIDDLESBROUGH,8,15,19,661,261,6,29,0,68,871,177,2115,2013-05-31
MILTON KEYNES,31,164,211,1596,600,27,157,1,164,2459,619,6029,2013-05-31
MOLE VALLEY,3,27,19,572,248,4,34,1,103,978,210,2199,2013-05-31
MONMOUTHSHIRE,28,15,22,497,224,4,36,0,113,834,157,1930,2013-05-31
NEATH PORT TALBOT,39,24,21,634,307,12,45,0,144,1168,148,2542,2013-05-31
NEW FOREST,32,12,34,1079,550,8,42,0,202,1674,334,3967,2013-05-31
NEWARK AND SHERWOOD,225,33,44,705,344,12,36,0,157,941,201,2698,2013-05-31
NEWCASTLE UPON TYNE,35,76,67,1353,613,10,76,0,176,2268,386,5060,2013-05-31
NEWCASTLE-UNDER-LYME,17,17,24,620,258,5,60,0,136,985,138,2260,2013-05-31
NEWHAM,6,138,11,1016,530,17,66,0,160,3015,565,5524,2013-05-31
NEWPORT,24,40,31,707,346,13,31,0,104,1236,175,2707,2013-05-31
NORTH CORNWALL,0,0,0,0,1,0,0,0,1,0,0,2,2013-05-31
NORTH DEVON,29,14,26,514,266,7,42,1,196,1010,163,2268,2013-05-31
NORTH DORSET,28,7,21,622,185,2,36,0,110,650,180,1841,2013-05-31
NORTH EAST DERBYSHIRE,25,14,12,443,197,3,19,0,117,768,139,1737,2013-05-31
NORTH EAST LINCOLNSHIRE,31,11,19,911,408,5,45,0,100,1271,167,2968,2013-05-31
NORTH HERTFORDSHIRE,30,47,24,735,354,1,69,1,100,1130,295,2786,2013-05-31
NORTH KESTEVEN,35,22,40,586,275,2,43,0,139,916,180,2238,2013-05-31
NORTH LINCOLNSHIRE,44,54,33,815,368,4,54,0,153,1248,195,2968,2013-05-31
NORTH NORFOLK,56,23,52,579,257,5,46,0,179,1025,216,2438,2013-05-31
NORTH SOMERSET,38,34,35,1260,630,14,97,0,190,2040,448,4786,2013-05-31
NORTH TYNESIDE,63,51,44,1196,540,16,70,0,112,1683,305,4080,2013-05-31
NORTH WARWICKSHIRE,16,9,9,330,130,2,15,1,64,612,72,1260,2013-05-31
NORTH WEST LEICESTERSHIRE,12,5,34,455,215,2,63,1,83,829,180,1879,2013-05-31
NORTHAMPTON,91,34,34,1259,547,17,113,2,175,2097,385,4754,2013-05-31
NORTHUMBERLAND,102,56,141,1699,704,21,89,0,273,2522,539,6146,2013-05-31
NORWICH,8,63,23,692,309,8,71,0,102,1173,212,2661,2013-05-31
NUNEATON AND BEDWORTH,8,28,9,563,245,6,38,0,91,930,157,2075,2013-05-31
OADBY AND WIGSTON,13,10,1,235,116,0,8,0,35,412,76,906,2013-05-31
OLDHAM,41,48,28,1015,438,7,35,0,208,1967,373,4160,2013-05-31
OXFORD,4,42,7,918,297,8,27,0,134,1326,233,2996,2013-05-31
PEMBROKESHIRE,57,12,53,585,274,5,44,0,221,1007,195,2453,2013-05-31
PENDLE,38,3,9,450,204,5,5,0,110,896,102,1822,2013-05-31
POOLE,14,48,14,896,381,3,56,0,85,1607,329,3433,2013-05-31
PORTSMOUTH,25,41,12,1009,465,10,51,0,123,1894,272,3902,2013-05-31
POWYS,149,13,51,603,334,5,34,0,288,1159,203,2839,2013-05-31
PRESTON,13,27,5,640,310,7,17,0,123,1010,145,2297,2013-05-31
PURBECK,15,13,7,284,93,5,22,0,56,409,98,1002,2013-05-31
READING,11,81,39,914,444,7,81,0,107,1650,254,3588,2013-05-31
REDBRIDGE,17,49,6,1256,624,8,54,0,106,2783,423,5326,2013-05-31
REDCAR AND CLEVELAND,20,16,25,703,272,5,29,0,92,892,144,2198,2013-05-31
REDDITCH,9,19,16,469,240,1,17,0,69,674,130,1644,2013-05-31
REIGATE AND BANSTEAD,5,33,48,813,406,3,60,0,148,1662,362,3540,2013-05-31
RHONDDA CYNON TAFF,88,20,51,1110,565,11,60,2,230,2155,226,4518,2013-05-31
RIBBLE VALLEY,38,5,35,333,182,0,28,0,134,594,82,1431,2013-05-31
RICHMOND UPON THAMES,4,91,26,1314,687,7,84,1,128,2734,475,5551,2013-05-31
RICHMONDSHIRE,28,4,10,242,109,0,21,1,78,397,64,954,2013-05-31
ROCHDALE,29,54,59,983,393,9,47,1,281,1957,277,4090,2013-05-31
ROCHFORD,29,10,7,418,200,0,22,0,85,677,134,1582,2013-05-31
ROSSENDALE,23,11,12,368,177,3,25,0,113,613,94,1439,2013-05-31
ROTHER,9,31,21,578,285,3,39,0,137,1224,253,2580,2013-05-31
ROTHERHAM,39,59,77,1059,514,10,83,0,178,1778,377,4174,2013-05-31
RUGBY,17,18,29,536,257,3,64,0,91,939,214,2168,2013-05-31
RUNNYMEDE,3,16,15,488,199,1,22,0,60,901,213,1918,2013-05-31
RUSHCLIFFE,18,17,30,636,325,3,41,0,86,965,189,2310,2013-05-31
RUSHMOOR,14,22,4,480,244,2,53,0,62,803,194,1878,2013-05-31
RUTLAND,16,9,9,224,91,0,12,0,56,366,72,855,2013-05-31
RYEDALE,33,10,33,270,146,0,28,0,83,426,75,1104,2013-05-31
SALFORD,22,87,22,1291,527,17,146,1,210,2976,627,5926,2013-05-31
SANDWELL,21,48,98,1252,637,11,61,0,188,2419,341,5076,2013-05-31
SCARBOROUGH,53,22,26,633,312,3,33,0,143,990,179,2394,2013-05-31
SEDGEFIELD,0,0,0,0,0,0,0,0,0,1,0,1,2013-05-31
SEDGEMOOR,40,15,30,654,268,9,63,0,140,1047,180,2446,2013-05-31
SEFTON,65,51,18,1311,551,13,52,0,188,2368,278,4895,2013-05-31
SELBY,106,92,16,567,297,4,53,0,101,837,190,2263,2013-05-31
SEVENOAKS,6,24,28,616,394,3,39,0,129,1263,287,2789,2013-05-31
SHEFFIELD,160,91,148,2736,1205,12,147,0,459,4368,861,10187,2013-05-31
SHEPWAY,17,21,14,655,274,5,25,0,81,1279,205,2576,2013-05-31
SHROPSHIRE,99,65,82,1533,677,7,152,3,489,2887,583,6577,2013-05-31
SLOUGH,13,26,22,559,274,12,43,0,76,1341,240,2606,2013-05-31
SOLIHULL,28,34,38,1138,513,11,78,2,139,1867,256,4104,2013-05-31
SOUTH BUCKS,13,23,21,378,160,4,40,0,79,940,165,1823,2013-05-31
SOUTH CAMBRIDGESHIRE,31,85,65,781,418,3,87,0,166,1447,321,3404,2013-05-31
SOUTH DERBYSHIRE,15,5,28,523,249,4,41,0,110,926,201,2102,2013-05-31
SOUTH GLOUCESTERSHIRE,62,47,53,1525,710,19,159,0,307,2158,450,5490,2013-05-31
SOUTH HAMS,13,28,40,660,261,6,42,1,202,1193,256,2702,2013-05-31
SOUTH HOLLAND,50,15,25,451,234,6,40,0,99,717,134,1771,2013-05-31
SOUTH KESTEVEN,50,20,60,712,374,1,57,0,159,1123,214,2770,2013-05-31
SOUTH LAKELAND,84,34,25,676,286,18,60,0,206,1130,180,2699,2013-05-31
SOUTH NORFOLK,64,13,51,731,348,3,99,3,158,1110,261,2841,2013-05-31
SOUTH NORTHAMPTONSHIRE,25,10,34,530,254,0,55,0,120,735,156,1919,2013-05-31
SOUTH OXFORDSHIRE,21,44,28,801,371,2,80,0,148,1512,345,3352,2013-05-31
SOUTH RIBBLE,35,13,16,594,280,6,24,0,128,1004,169,2269,2013-05-31
SOUTH SOMERSET,61,19,33,1071,420,0,80,1,238,1420,311,3654,2013-05-31
SOUTH STAFFORDSHIRE,38,8,26,505,220,1,36,0,113,823,140,1910,2013-05-31
SOUTH TYNESIDE,20,23,37,756,293,8,27,0,49,1050,176,2439,2013-05-31
SOUTHAMPTON,30,62,25,1156,526,30,64,0,167,2142,407,4609,2013-05-31
SOUTHEND-ON-SEA,20,93,24,1055,526,7,58,0,100,2018,354,4255,2013-05-31
SOUTHWARK,2,149,14,1528,802,9,304,1,199,4629,773,8410,2013-05-31
SPELTHORNE,0,35,12,566,260,2,32,1,63,1063,197,2231,2013-05-31
ST ALBANS,20,54,34,956,429,9,93,2,110,1593,328,3628,2013-05-31
ST EDMUNDSBURY,56,14,18,596,304,3,46,0,133,1066,216,2452,2013-05-31
ST HELENS,30,90,30,743,413,7,90,0,186,1520,265,3374,2013-05-31
ST MARTIN'S,0,0,0,0,0,0,0,0,0,0,1,1,2013-05-31
ST MARY'S,0,0,0,0,0,0,0,0,0,1,1,2,2013-05-31
STAFFORD,32,36,21,615,285,2,53,0,161,1019,195,2419,2013-05-31
STAFFORDSHIRE MOORLANDS,31,13,16,430,215,3,31,0,136,749,101,1725,2013-05-31
STEVENAGE,7,14,23,363,154,3,35,0,30,601,134,1364,2013-05-31
STOCKPORT,36,41,30,1538,720,7,46,0,214,2552,521,5705,2013-05-31
STOCKTON-ON-TEES,23,39,49,904,508,10,87,0,87,1340,252,3299,2013-05-31
STOKE-ON-TRENT,33,23,28,1271,517,17,50,2,141,1837,292,4211,2013-05-31
STRATFORD-ON-AVON,48,23,33,633,345,7,48,0,246,1547,299,3229,2013-05-31
STROUD,28,14,30,582,306,2,56,0,131,1074,206,2429,2013-05-31
SUFFOLK COASTAL,58,17,43,646,299,5,37,4,194,1256,222,2781,2013-05-31
SUNDERLAND,26,46,53,1345,545,11,34,0,163,2009,378,4610,2013-05-31
SURREY HEATH,2,18,7,449,221,1,16,0,68,847,160,1789,2013-05-31
SUTTON,5,54,20,990,514,5,36,0,69,1934,386,4013,2013-05-31
SWALE,15,25,51,698,317,6,54,0,114,1366,304,2950,2013-05-31
SWANSEA,71,38,33,1145,588,25,62,0,420,1972,293,4647,2013-05-31
SWINDON,33,33,32,1154,489,6,80,1,122,1637,489,4076,2013-05-31
TAMESIDE,27,42,31,1018,406,8,46,0,139,1675,316,3708,2013-05-31
TAMWORTH,6,6,9,366,149,3,29,0,54,619,128,1369,2013-05-31
TANDRIDGE,6,19,179,457,209,5,27,0,85,965,230,2182,2013-05-31
TAUNTON DEANE,20,31,59,621,260,5,108,0,141,963,202,2410,2013-05-31
TEIGNBRIDGE,20,47,50,805,352,5,99,0,191,1256,253,3078,2013-05-31
TENDRING,65,12,13,619,379,4,29,0,235,1285,268,2909,2013-05-31
TEST VALLEY,26,25,35,597,289,15,77,0,135,995,271,2465,2013-05-31
TEWKESBURY,28,12,39,433,283,5,59,0,97,797,183,1936,2013-05-31
THANET,13,24,18,709,379,14,13,0,75,1305,288,2838,2013-05-31
THE VALE OF GLAMORGAN,19,26,20,813,287,3,36,0,121,1114,206,2645,2013-05-31
THREE RIVERS,8,24,11,538,242,18,36,0,87,958,185,2107,2013-05-31
THURROCK,19,42,9,791,319,3,47,0,92,1683,315,3320,2013-05-31
TONBRIDGE AND MALLING,6,18,39,705,406,7,53,0,134,1258,332,2958,2013-05-31
TORBAY,13,23,11,724,360,8,39,0,101,1223,216,2718,2013-05-31
TORFAEN,22,11,10,404,214,5,28,0,73,698,109,1574,2013-05-31
TORRIDGE,25,10,18,417,201,0,36,0,120,677,130,1634,2013-05-31
TOWER HAMLETS,4,256,34,1426,736,11,259,12,244,5182,1044,9208,2013-05-31
TRAFFORD,42,26,24,1207,598,5,67,0,166,2374,465,4974,2013-05-31
TUNBRIDGE WELLS,7,23,20,661,348,3,30,0,142,1555,362,3151,2013-05-31
UTTLESFORD,19,9,61,450,226,18,68,0,155,1016,187,2209,2013-05-31
VALE OF WHITE HORSE,10,35,36,700,279,13,95,1,156,1288,288,2901,2013-05-31
WAKEFIELD,39,110,66,1591,618,12,75,0,236,2553,360,5660,2013-05-31
WALSALL,22,42,62,1047,590,13,84,0,170,1788,307,4125,2013-05-31
WALTHAM FOREST,9,64,19,1074,531,11,73,0,134,2518,384,4817,2013-05-31
WANDSWORTH,2,233,10,2912,1218,13,235,1,156,5249,1160,11189,2013-05-31
WARRINGTON,83,67,26,1090,494,10,69,0,171,1981,356,4347,2013-05-31
WARWICK,26,31,20,853,372,8,37,2,195,1352,263,3159,2013-05-31
WATFORD,5,42,13,539,274,5,86,0,50,1034,178,2226,2013-05-31
WAVENEY,54,22,22,620,267,4,27,0,138,878,176,2208,2013-05-31
WAVERLEY,8,20,26,732,378,5,47,0,155,1644,310,3325,2013-05-31
WEALDEN,33,41,69,913,450,8,75,0,227,1719,424,3959,2013-05-31
WELLINGBOROUGH,19,14,12,393,152,0,18,0,62,669,115,1454,2013-05-31
WELWYN HATFIELD,15,8,13,564,237,8,29,0,95,924,240,2133,2013-05-31
WEST BERKSHIRE,16,26,29,955,409,5,72,0,154,1655,401,3722,2013-05-31
WEST DEVON,16,5,13,266,176,1,28,0,105,577,136,1323,2013-05-31
WEST DORSET,51,24,28,623,298,1,61,0,151,1035,204,2476,2013-05-31
WEST LANCASHIRE,56,30,15,498,195,6,31,0,129,900,141,2001,2013-05-31
WEST LINDSEY,70,17,23,577,217,4,37,0,107,768,121,1941,2013-05-31
WEST OXFORDSHIRE,23,31,17,644,309,3,54,0,148,1088,243,2560,2013-05-31
WEST SOMERSET,13,4,10,178,96,1,13,0,47,327,60,749,2013-05-31
WEYMOUTH AND PORTLAND,13,13,15,349,146,3,24,0,52,584,127,1326,2013-05-31
WIGAN,66,54,36,1579,635,12,117,1,310,2459,400,5669,2013-05-31
WILTSHIRE,137,72,131,2279,1089,16,238,0,604,3961,942,9469,2013-05-31
WINCHESTER,24,22,28,660,312,5,76,0,175,1223,297,2822,2013-05-31
WINDSOR AND MAIDENHEAD,14,66,19,907,420,11,41,0,182,2038,405,4103,2013-05-31
WIRRAL,33,50,18,1432,681,10,47,0,186,2605,391,5453,2013-05-31
WOKING,0,47,11,713,303,2,62,1,90,1115,265,2609,2013-05-31
WOKINGHAM,6,35,33,938,431,8,65,0,111,1532,348,3507,2013-05-31
WOLVERHAMPTON,42,39,36,876,435,8,60,1,216,1738,246,3697,2013-05-31
WORCESTER,12,24,20,554,261,0,49,1,82,872,179,2054,2013-05-31
WREKIN,20,23,56,768,398,9,100,0,162,1522,331,3389,2013-05-31
WORTHING,12,44,11,635,340,9,11,1,49,1157,233,2502,2013-05-31
WREXHAM,38,13,19,542,244,7,21,0,119,887,156,2046,2013-05-31
WYCHAVON,48,27,39,629,287,2,56,0,189,1074,260,2611,2013-05-31
WYCOMBE,73,46,23,847,415,9,79,3,140,1576,372,3583,2013-05-31
WYRE,70,11,18,505,242,2,11,0,116,821,136,1932,2013-05-31
WYRE FOREST,64,27,14,407,188,1,31,0,111,1384,134,2361,2013-05-31
YORK,54,45,31,1068,557,14,62,0,185,1504,286,3806,2013-05-31
ALL COUNTIES,1,0,0,0,0,0,0,0,0,1,37,39,2013-04-30
ADUR,9,11,14,347,157,4,20,0,43,491,128,1224,2013-04-30
ALLERDALE,135,14,62,550,217,17,46,0,152,863,139,2195,2013-04-30
AMBER VALLEY,38,19,17,611,278,6,33,0,142,985,168,2297,2013-04-30
ARUN,19,40,36,851,418,0,54,0,106,1816,342,3682,2013-04-30
ASHFIELD,21,33,33,555,253,5,36,0,83,840,202,2061,2013-04-30
ASHFORD,13,23,33,689,317,1,31,0,147,1298,236,2788,2013-04-30
AYLESBURY VALE,57,41,69,863,374,9,125,2,212,1691,418,3861,2013-04-30
BABERGH,79,4,25,396,196,7,33,2,110,776,149,1777,2013-04-30
BARKING AND DAGENHAM,5,39,11,648,278,13,47,0,84,1596,305,3026,2013-04-30
BARNET,32,241,21,1857,859,8,185,0,194,4412,749,8558,2013-04-30
BARNSLEY,123,135,64,1306,500,17,67,0,164,1760,349,4485,2013-04-30
BARROW-IN-FURNESS,17,6,16,375,174,2,13,0,34,471,78,1186,2013-04-30
BASILDON,15,33,20,923,448,7,87,0,118,1528,323,3502,2013-04-30
BASINGSTOKE AND DEANE,28,31,20,867,382,3,52,0,149,1514,364,3410,2013-04-30
BASSETLAW,71,26,24,686,236,9,21,0,149,1080,203,2505,2013-04-30
BATH AND NORTH EAST SOMERSET,50,61,35,1374,444,2,100,2,254,1938,358,4618,2013-04-30
BEDFORD,15,24,51,828,374,6,90,1,155,1436,255,3235,2013-04-30
BEXLEY,12,66,6,1128,537,5,45,0,108,2075,385,4367,2013-04-30
BIRMINGHAM,105,171,103,4367,1845,59,278,4,688,9100,1417,18137,2013-04-30
BLABY,16,12,28,522,229,4,45,0,75,674,128,1733,2013-04-30
BLACKBURN WITH DARWEN,15,31,10,618,279,8,28,0,147,1175,208,2519,2013-04-30
BLACKPOOL,39,16,4,739,363,21,17,0,200,1395,198,2992,2013-04-30
BLAENAU GWENT,33,3,8,291,124,3,6,0,49,436,75,1028,2013-04-30
BOLSOVER,15,22,32,348,180,4,21,0,56,530,109,1317,2013-04-30
BOLTON,34,44,30,1278,480,14,68,2,226,2581,361,5118,2013-04-30
BOSTON,19,12,21,305,132,3,19,0,60,483,87,1141,2013-04-30
BOURNEMOUTH,25,80,13,1031,465,19,99,0,93,2047,381,4253,2013-04-30
BRACKNELL FOREST,2,9,18,655,307,3,58,0,76,1277,287,2692,2013-04-30
BRADFORD,80,91,82,2033,910,28,98,0,338,3411,594,7665,2013-04-30
BRAINTREE,29,24,16,774,399,4,32,1,163,1377,329,3148,2013-04-30
BRECKLAND,68,14,37,643,310,4,51,1,192,1165,280,2765,2013-04-30
BRENT,3,182,9,1253,543,12,101,0,134,3110,550,5897,2013-04-30
BRENTWOOD,12,16,7,408,209,0,45,0,107,839,265,1908,2013-04-30
BRIDGEND,33,38,20,706,327,9,45,0,117,1209,198,2702,2013-04-30
BRIGHTON AND HOVE,20,196,15,1827,734,11,70,0,154,3404,609,7040,2013-04-30
BROADLAND,80,17,19,654,283,8,15,3,154,1028,195,2456,2013-04-30
BROMLEY,14,82,40,1816,841,9,101,0,153,3294,650,7000,2013-04-30
BROMSGROVE,21,9,13,463,210,1,37,0,118,779,141,1792,2013-04-30
BROXBOURNE,9,25,34,493,232,4,37,0,49,964,194,2041,2013-04-30
BROXTOWE,18,13,10,535,250,3,29,0,74,746,158,1836,2013-04-30
BURNLEY,4,21,2,379,198,7,15,0,121,1117,173,2037,2013-04-30
BURY,18,26,20,932,404,1,34,0,194,1924,270,3823,2013-04-30
CAERPHILLY,52,38,37,805,376,5,42,0,140,1197,209,2901,2013-04-30
CALDERDALE,40,29,36,1029,421,13,127,0,181,1684,242,3802,2013-04-30
CAMBRIDGE,24,54,35,507,220,2,116,2,145,1042,180,2327,2013-04-30
CAMDEN,5,183,15,1342,671,12,184,0,203,4894,973,8482,2013-04-30
CANNOCK CHASE,21,18,26,541,202,4,33,0,52,664,150,1711,2013-04-30
CANTERBURY,7,35,32,869,376,6,57,0,147,1532,320,3381,2013-04-30
CARDIFF,41,176,36,1738,789,12,54,0,227,3180,530,6783,2013-04-30
CARLISLE,89,12,37,669,241,1,30,0,135,811,167,2192,2013-04-30
CARMARTHENSHIRE,96,13,60,941,338,5,78,1,265,1530,199,3526,2013-04-30
CARRICK,0,0,0,0,0,0,0,0,0,2,0,2,2013-04-30
CASTLE POINT,32,5,2,434,194,2,9,0,125,631,89,1523,2013-04-30
CENTRAL BEDFORDSHIRE,37,77,131,1433,623,10,167,4,253,2378,542,5655,2013-04-30
CEREDIGION,50,4,21,343,137,2,13,0,143,558,73,1344,2013-04-30
CHARNWOOD,30,35,55,790,306,6,85,0,140,1124,239,2810,2013-04-30
CHELMSFORD,29,34,16,918,419,4,60,2,188,1626,357,3653,2013-04-30
CHELTENHAM,16,26,16,669,268,7,41,1,90,994,194,2322,2013-04-30
CHERWELL,35,27,31,869,385,7,38,0,193,1623,373,3581,2013-04-30
CHESHIRE EAST,78,60,48,2107,944,36,118,1,390,3604,614,8000,2013-04-30
CHESHIRE WEST AND CHESTER,73,235,62,1842,742,17,101,0,358,3142,580,7152,2013-04-30
CHESTER,0,0,0,0,0,0,0,0,2,0,0,2,2013-04-30
CHESTERFIELD,29,21,20,478,219,2,31,1,79,686,119,1685,2013-04-30
CHICHESTER,62,51,32,700,295,1,39,2,228,1521,287,3218,2013-04-30
CHILTERN,36,15,36,465,222,9,39,1,96,953,193,2065,2013-04-30
CHORLEY,22,44,20,565,243,6,52,0,154,877,146,2129,2013-04-30
CHRISTCHURCH,6,20,6,316,152,2,17,0,119,488,97,1223,2013-04-30
CITY OF BRISTOL,64,129,42,2332,1014,18,175,1,248,4047,865,8935,2013-04-30
CITY OF DERBY,29,40,54,1123,518,8,62,0,99,1685,333,3951,2013-04-30
CITY OF KINGSTON UPON HULL,28,57,57,1210,455,34,65,1,121,1664,306,3998,2013-04-30
CITY OF LONDON,7,64,1,337,82,14,107,0,134,1607,374,2727,2013-04-30
CITY OF NOTTINGHAM,34,164,28,1168,530,26,277,0,166,2291,379,5063,2013-04-30
CITY OF PETERBOROUGH,222,74,45,880,359,6,129,0,111,1624,359,3809,2013-04-30
CITY OF PLYMOUTH,21,52,35,1390,611,10,77,0,134,2019,419,4768,2013-04-30
CITY OF WESTMINSTER,14,405,13,2913,1096,63,288,1,500,10763,2075,18131,2013-04-30
COLCHESTER,39,25,62,974,430,6,123,0,168,1675,414,3916,2013-04-30
CONWY,40,26,10,639,224,6,48,0,175,1193,167,2528,2013-04-30
COPELAND,30,5,24,375,160,4,8,0,99,449,85,1239,2013-04-30
CORBY,10,18,10,303,115,4,37,0,33,583,121,1234,2013-04-30
CORNWALL,287,127,209,3203,1317,22,291,0,983,5504,949,12892,2013-04-30
COTSWOLD,30,31,41,486,210,2,47,0,182,977,271,2277,2013-04-30
COUNTY DURHAM,158,42,153,2426,1020,33,129,0,419,4092,753,9225,2013-04-30
COVENTRY,41,72,67,1206,553,7,81,3,160,2365,360,4915,2013-04-30
CRAVEN,27,5,15,330,135,4,12,0,87,486,114,1215,2013-04-30
CRAWLEY,5,16,9,485,237,3,27,0,43,993,231,2049,2013-04-30
CREWE AND NANTWICH,0,0,0,1,1,0,0,0,0,0,0,2,2013-04-30
CROYDON,6,97,22,1857,763,12,129,0,158,3518,684,7246,2013-04-30
DACORUM,24,37,38,808,338,2,66,0,125,1381,283,3102,2013-04-30
DARLINGTON,11,7,19,538,255,5,21,0,55,799,187,1897,2013-04-30
DARTFORD,8,31,19,528,198,7,73,1,61,945,196,2067,2013-04-30
DAVENTRY,22,7,18,417,168,44,25,0,82,748,159,1690,2013-04-30
DENBIGHSHIRE,46,8,20,474,192,3,26,0,118,769,117,1773,2013-04-30
DERBYSHIRE DALES,59,12,19,359,163,2,25,0,170,683,103,1595,2013-04-30
DONCASTER,42,74,47,1657,632,9,62,0,202,2172,385,5282,2013-04-30
DOVER,5,22,18,579,301,5,21,0,100,996,179,2226,2013-04-30
DUDLEY,31,44,66,1232,585,15,87,0,182,2175,342,4759,2013-04-30
EALING,6,196,13,1683,682,16,117,0,204,3640,694,7251,2013-04-30
EAST CAMBRIDGESHIRE,52,10,31,483,199,1,25,0,96,737,147,1781,2013-04-30
EAST DEVON,29,39,40,888,394,4,65,0,181,1372,266,3278,2013-04-30
EAST DORSET,17,10,8,492,234,0,18,0,119,791,178,1867,2013-04-30
EAST HAMPSHIRE,31,14,29,646,319,15,67,0,180,1097,250,2648,2013-04-30
EAST HERTFORDSHIRE,29,39,56,847,396,10,95,1,161,1396,314,3344,2013-04-30
EAST LINDSEY,72,27,36,766,310,5,43,0,203,1066,170,2698,2013-04-30
EAST NORTHAMPTONSHIRE,23,15,24,434,216,4,46,6,85,770,189,1812,2013-04-30
EAST RIDING OF YORKSHIRE,155,53,94,1830,814,13,121,3,324,3049,438,6894,2013-04-30
EAST STAFFORDSHIRE,35,21,41,510,246,4,31,1,124,834,137,1984,2013-04-30
EASTBOURNE,1,32,18,605,259,10,22,0,30,1160,290,2427,2013-04-30
EASTLEIGH,22,51,19,721,304,8,42,0,90,1113,252,2622,2013-04-30
EDEN,44,6,20,266,119,1,32,1,95,484,82,1150,2013-04-30
ELLESMERE PORT AND NESTON,0,0,0,0,0,0,0,0,1,0,0,1,2013-04-30
ELMBRIDGE,5,38,32,946,432,6,42,0,142,1884,413,3940,2013-04-30
ENFIELD,2,115,4,1496,615,12,95,1,137,3227,521,6225,2013-04-30
EPPING FOREST,23,25,16,645,312,5,40,0,116,1447,244,2873,2013-04-30
EPSOM AND EWELL,3,46,35,436,182,0,64,0,37,761,166,1730,2013-04-30
EREWASH,26,12,21,674,297,6,103,0,98,1027,188,2452,2013-04-30
EXETER,19,21,14,569,260,1,34,0,109,1110,230,2367,2013-04-30
FAREHAM,26,24,20,642,293,25,47,0,80,911,218,2286,2013-04-30
FENLAND,49,10,40,494,200,3,33,0,123,760,130,1842,2013-04-30
FLINTSHIRE,58,14,21,754,331,6,36,0,178,1124,205,2727,2013-04-30
FOREST HEATH,30,14,25,317,160,6,32,0,53,537,145,1319,2013-04-30
FOREST OF DEAN,36,2,26,400,176,5,26,4,115,607,100,1497,2013-04-30
FYLDE,16,15,13,437,164,2,20,0,103,965,159,1894,2013-04-30
GATESHEAD,47,59,73,966,418,9,63,0,114,1534,288,3571,2013-04-30
GEDLING,23,31,22,556,241,6,23,2,72,883,159,2018,2013-04-30
GLOUCESTER,23,28,33,650,270,6,67,0,135,873,224,2309,2013-04-30
GOSPORT,10,18,5,407,175,4,18,0,56,645,166,1504,2013-04-30
GRAVESHAM,2,7,19,468,192,3,33,0,43,878,136,1781,2013-04-30
GREAT YARMOUTH,45,10,18,490,206,1,13,1,91,702,136,1713,2013-04-30
GREENWICH,4,94,12,1125,565,5,139,0,130,2703,467,5244,2013-04-30
GUILDFORD,11,70,26,815,371,3,48,0,150,1621,270,3385,2013-04-30
GWYNEDD,139,15,23,608,268,8,37,0,210,1050,157,2515,2013-04-30
HACKNEY,0,185,8,1074,536,10,263,1,158,2981,616,5832,2013-04-30
HALTON,12,28,14,512,218,12,26,0,100,1016,147,2085,2013-04-30
HAMBLETON,54,26,40,427,201,2,32,0,111,883,122,1898,2013-04-30
HAMMERSMITH AND FULHAM,5,173,16,1329,638,10,95,0,131,3437,822,6656,2013-04-30
HARBOROUGH,29,14,44,431,200,2,42,0,118,806,168,1854,2013-04-30
HARINGEY,6,157,15,1191,568,6,72,2,106,3175,558,5856,2013-04-30
HARLOW,3,8,14,304,149,2,25,0,35,622,171,1333,2013-04-30
HARROGATE,91,19,28,1076,410,3,30,0,203,1391,247,3498,2013-04-30
HARROW,2,98,10,1047,467,11,63,2,123,2237,444,4504,2013-04-30
HART,12,7,29,440,214,1,29,0,81,801,174,1788,2013-04-30
HARTLEPOOL,8,6,19,399,188,8,21,0,52,657,97,1455,2013-04-30
HASTINGS,1,33,10,586,245,3,24,0,78,1121,193,2294,2013-04-30
HAVANT,21,35,14,616,225,1,36,3,76,985,178,2190,2013-04-30
HAVERING,29,36,23,1206,534,2,69,1,116,2257,354,4627,2013-04-30
HEREFORDSHIRE,87,22,61,816,386,7,62,0,268,1489,289,3487,2013-04-30
HERTSMERE,4,22,10,579,256,4,24,7,58,1010,224,2198,2013-04-30
HIGH PEAK,35,16,18,504,173,1,15,0,129,811,152,1854,2013-04-30
HILLINGDON,5,115,32,1323,543,7,88,1,178,2605,547,5444,2013-04-30
HINCKLEY AND BOSWORTH,18,22,25,977,265,5,29,0,82,812,136,2371,2013-04-30
HORSHAM,37,33,60,750,335,38,72,0,175,1666,313,3479,2013-04-30
HOUNSLOW,4,73,13,1216,496,17,72,0,115,2795,500,5301,2013-04-30
HUNTINGDONSHIRE,45,27,54,1011,422,12,91,4,161,1556,348,3731,2013-04-30
HYNDBURN,29,2,5,397,182,6,11,0,158,963,156,1909,2013-04-30
IPSWICH,20,60,20,621,311,5,33,0,72,1199,200,2541,2013-04-30
ISLE OF ANGLESEY,67,6,16,447,162,5,25,0,127,661,100,1616,2013-04-30
ISLE OF WIGHT,65,18,29,796,376,4,66,0,186,1375,257,3172,2013-04-30
ISLES OF SCILLY,3,0,1,5,0,0,5,0,3,14,2,33,2013-04-30
ISLINGTON,2,132,10,1136,540,5,104,0,143,3211,598,5881,2013-04-30
KENSINGTON AND CHELSEA,12,171,7,1725,718,5,101,1,223,5456,983,9402,2013-04-30
KETTERING,18,24,26,466,227,2,24,0,83,846,175,1891,2013-04-30
KING'S LYNN AND WEST NORFOLK,74,15,42,775,375,6,67,2,241,1278,265,3140,2013-04-30
KINGSTON UPON THAMES,2,38,14,979,425,2,43,0,72,1905,384,3864,2013-04-30
KIRKLEES,44,70,85,1963,842,21,104,0,314,3943,543,7929,2013-04-30
KNOWSLEY,10,54,33,530,205,2,18,0,87,872,159,1970,2013-04-30
LAMBETH,2,223,13,1810,866,12,193,0,236,4512,948,8815,2013-04-30
LANCASTER,63,25,11,641,272,4,18,0,194,1176,183,2587,2013-04-30
LEEDS,86,160,142,3484,1651,41,220,0,581,6125,1019,13509,2013-04-30
LEICESTER,7,46,40,1169,499,19,85,2,162,1982,349,4360,2013-04-30
LEWES,19,31,19,577,260,0,44,0,89,991,204,2234,2013-04-30
LEWISHAM,6,168,22,1470,713,9,125,1,119,3169,625,6427,2013-04-30
LICHFIELD,17,18,28,555,246,1,32,1,94,1013,193,2198,2013-04-30
LINCOLN,13,30,20,485,220,2,19,0,110,753,145,1797,2013-04-30
LIVERPOOL,58,182,65,2296,755,40,166,0,308,4198,724,8792,2013-04-30
LUTON,24,31,6,774,339,7,25,2,68,1302,250,2828,2013-04-30
MAIDSTONE,7,47,43,929,370,2,71,0,163,1624,344,3600,2013-04-30
MALDON,21,5,15,305,126,5,13,0,79,573,125,1267,2013-04-30
MALVERN HILLS,33,13,25,325,134,3,29,0,116,638,120,1436,2013-04-30
MANCHESTER,29,121,76,1978,895,22,182,0,458,5758,1023,10542,2013-04-30
MANSFIELD,21,25,40,485,219,5,44,2,67,723,156,1787,2013-04-30
MEDWAY,18,57,39,1304,564,15,68,0,126,2330,498,5019,2013-04-30
MELTON,22,7,6,268,115,5,12,0,82,425,85,1027,2013-04-30
MENDIP,46,31,23,580,325,2,46,0,156,1003,247,2459,2013-04-30
MERTHYR TYDFIL,24,6,22,303,106,6,13,0,85,529,71,1165,2013-04-30
MERTON,5,105,29,1212,553,8,93,0,114,2305,458,4882,2013-04-30
MID DEVON,37,12,28,538,206,2,40,0,112,712,189,1876,2013-04-30
MID SUFFOLK,49,12,58,578,244,18,66,1,149,913,174,2262,2013-04-30
MID SUSSEX,12,25,42,823,323,1,60,0,145,1404,324,3159,2013-04-30
MIDDLESBROUGH,17,39,19,561,233,6,22,0,67,841,141,1946,2013-04-30
MILTON KEYNES,35,149,339,1486,541,11,203,0,177,2305,631,5877,2013-04-30
MOLE VALLEY,7,41,35,520,210,1,37,0,128,1127,211,2317,2013-04-30
MONMOUTHSHIRE,41,23,28,548,249,8,30,0,134,833,189,2083,2013-04-30
NEATH PORT TALBOT,38,18,35,628,234,7,23,0,187,1140,165,2475,2013-04-30
NEW FOREST,35,28,29,1004,473,8,27,0,182,1726,356,3868,2013-04-30
NEWARK AND SHERWOOD,65,25,37,745,284,10,39,0,171,1032,196,2604,2013-04-30
NEWBURY,0,0,0,0,0,0,0,0,0,1,0,1,2013-04-30
NEWCASTLE UPON TYNE,29,65,55,1245,517,14,71,0,155,2452,383,4986,2013-04-30
NEWCASTLE-UNDER-LYME,20,36,18,588,253,4,58,0,202,944,111,2234,2013-04-30
NEWHAM,13,137,15,1068,482,6,84,1,139,3004,453,5402,2013-04-30
NEWPORT,29,74,33,755,383,11,41,0,122,1351,204,3003,2013-04-30
NORTH CORNWALL,0,0,0,0,0,0,0,0,0,1,1,2,2013-04-30
NORTH DEVON,61,25,25,545,227,2,44,0,146,848,137,2060,2013-04-30
NORTH DORSET,30,9,20,364,163,2,21,0,146,717,119,1591,2013-04-30
NORTH EAST DERBYSHIRE,34,27,29,463,199,4,8,0,130,693,118,1705,2013-04-30
NORTH EAST LINCOLNSHIRE,33,53,25,908,347,12,32,0,121,1222,167,2920,2013-04-30
NORTH HERTFORDSHIRE,46,32,22,683,328,5,66,1,96,1124,259,2662,2013-04-30
NORTH KESTEVEN,32,22,37,583,299,1,50,0,142,889,207,2262,2013-04-30
NORTH LINCOLNSHIRE,55,70,38,859,314,14,42,0,139,1215,204,2950,2013-04-30
NORTH NORFOLK,55,16,41,562,281,2,67,0,208,1070,210,2512,2013-04-30
NORTH SOMERSET,64,36,33,1270,445,6,84,0,192,2091,413,4634,2013-04-30
NORTH TYNESIDE,42,69,35,1124,476,5,57,0,132,1629,307,3876,2013-04-30
NORTH WARWICKSHIRE,16,9,9,314,134,5,19,0,79,633,82,1300,2013-04-30
NORTH WEST LEICESTERSHIRE,16,14,33,519,200,1,62,0,95,864,165,1969,2013-04-30
NORTH WILTSHIRE,0,0,0,1,0,0,0,0,0,0,0,1,2013-04-30
NORTHAMPTON,103,62,45,1203,500,5,77,0,164,1825,401,4385,2013-04-30
NORTHUMBERLAND,96,56,107,1686,672,22,100,0,261,2677,521,6198,2013-04-30
NORWICH,14,51,26,700,299,7,50,1,117,1240,185,2690,2013-04-30
NUNEATON AND BEDWORTH,13,26,24,634,248,4,30,0,80,817,187,2063,2013-04-30
OADBY AND WIGSTON,8,14,4,234,115,4,3,0,29,341,73,825,2013-04-30
OLDHAM,28,16,38,1010,371,6,41,0,291,2001,302,4104,2013-04-30
OXFORD,10,31,7,1903,311,8,36,0,132,1328,229,3995,2013-04-30
PEMBROKESHIRE,78,19,31,658,291,4,57,0,246,1002,156,2542,2013-04-30
PENDLE,25,5,15,410,180,7,4,0,117,685,97,1545,2013-04-30
POOLE,12,54,11,855,340,5,43,0,84,1504,297,3205,2013-04-30
PORTSMOUTH,36,45,29,945,467,11,36,0,106,1919,304,3898,2013-04-30
POWYS,161,12,50,661,245,2,42,0,252,1137,179,2741,2013-04-30
PRESTON,21,20,14,610,264,5,17,0,123,1076,200,2350,2013-04-30
PURBECK,17,9,12,238,110,1,13,0,79,504,104,1087,2013-04-30
READING,12,49,26,820,389,3,72,1,73,1808,291,3544,2013-04-30
REDBRIDGE,19,64,15,1159,590,14,28,0,125,2594,381,4989,2013-04-30
REDCAR AND CLEVELAND,13,13,22,579,251,7,41,0,68,792,139,1925,2013-04-30
REDDITCH,15,19,10,447,209,2,19,0,64,663,118,1566,2013-04-30
REIGATE AND BANSTEAD,12,63,41,785,352,4,62,0,149,1764,362,3594,2013-04-30
RHONDDA CYNON TAFF,97,34,58,1071,461,17,43,0,228,2010,287,4306,2013-04-30
RIBBLE VALLEY,29,0,17,324,149,1,18,0,129,586,82,1335,2013-04-30
RICHMOND UPON THAMES,9,134,19,1291,630,7,87,0,113,2890,445,5625,2013-04-30
RICHMONDSHIRE,26,5,29,224,105,2,18,0,94,474,86,1063,2013-04-30
ROCHDALE,17,47,35,932,372,4,52,0,177,1615,219,3470,2013-04-30
ROCHFORD,25,2,10,375,205,2,20,0,89,632,122,1482,2013-04-30
ROSSENDALE,13,9,13,382,162,6,15,0,109,646,106,1461,2013-04-30
ROTHER,16,33,25,672,255,2,41,0,145,1096,202,2487,2013-04-30
ROTHERHAM,31,93,58,1159,521,9,95,0,153,1999,358,4476,2013-04-30
RUGBY,16,19,34,615,243,9,57,0,92,918,192,2195,2013-04-30
RUNNYMEDE,2,29,29,536,223,6,11,0,68,723,174,1801,2013-04-30
RUSHCLIFFE,24,22,28,588,277,0,37,0,94,876,198,2144,2013-04-30
RUSHMOOR,14,24,7,451,197,5,38,0,56,724,168,1684,2013-04-30
RUTLAND,13,3,10,200,86,1,13,0,50,346,103,825,2013-04-30
RYEDALE,27,9,18,239,120,1,26,0,77,397,75,989,2013-04-30
SALFORD,28,66,34,1078,504,8,98,0,157,2504,547,5024,2013-04-30
SANDWELL,23,61,83,1295,491,9,66,2,155,2361,381,4927,2013-04-30
SCARBOROUGH,56,25,19,573,299,4,39,0,134,938,172,2259,2013-04-30
SEDGEMOOR,37,15,38,604,314,7,48,0,155,1028,186,2432,2013-04-30
SEFTON,49,64,23,1370,490,12,50,0,154,2481,348,5041,2013-04-30
SELBY,43,65,34,509,208,1,23,0,118,737,161,1899,2013-04-30
SEVENOAKS,6,24,26,654,309,5,52,0,129,1279,271,2755,2013-04-30
SHEFFIELD,91,139,65,3617,1253,16,96,0,426,4340,740,10783,2013-04-30
SHEPWAY,9,22,20,588,253,4,37,0,93,1079,175,2280,2013-04-30
SHROPSHIRE,121,70,98,1512,650,7,160,1,420,2603,588,6230,2013-04-30
SLOUGH,12,40,17,599,242,4,36,0,97,1332,244,2623,2013-04-30
SOLIHULL,14,35,33,1151,468,8,48,1,128,1881,296,4063,2013-04-30
SOUTH BEDFORDSHIRE,0,0,0,0,0,0,0,0,1,0,0,1,2013-04-30
SOUTH BUCKS,22,19,10,407,177,1,37,0,79,812,157,1721,2013-04-30
SOUTH CAMBRIDGESHIRE,52,93,54,825,348,2,83,0,184,1344,346,3331,2013-04-30
SOUTH DERBYSHIRE,11,10,37,581,232,6,39,2,100,854,195,2067,2013-04-30
SOUTH GLOUCESTERSHIRE,77,57,85,1435,635,10,127,0,245,2193,470,5334,2013-04-30
SOUTH HAMS,28,28,44,611,329,3,72,0,160,1101,232,2608,2013-04-30
SOUTH HOLLAND,46,17,25,540,215,3,32,0,117,733,104,1832,2013-04-30
SOUTH KESTEVEN,41,24,38,757,329,8,65,1,167,1147,245,2822,2013-04-30
SOUTH LAKELAND,98,24,44,695,267,10,42,0,225,1129,208,2742,2013-04-30
SOUTH NORFOLK,57,18,58,687,322,3,63,2,183,1001,223,2617,2013-04-30
SOUTH NORTHAMPTONSHIRE,26,5,37,545,241,36,48,0,95,786,169,1988,2013-04-30
SOUTH OXFORDSHIRE,13,17,40,773,313,11,76,0,152,1365,336,3096,2013-04-30
SOUTH RIBBLE,34,23,16,601,222,4,11,0,206,991,129,2237,2013-04-30
SOUTH SOMERSET,49,26,29,850,338,4,62,0,244,1306,273,3181,2013-04-30
SOUTH STAFFORDSHIRE,46,9,22,462,193,5,20,0,123,798,114,1792,2013-04-30
SOUTH TYNESIDE,20,26,35,644,227,3,42,0,56,967,196,2216,2013-04-30
SOUTHAMPTON,22,58,12,1032,491,8,60,0,168,2092,411,4354,2013-04-30
SOUTHEND-ON-SEA,15,48,11,972,507,6,69,0,97,1738,284,3747,2013-04-30
SOUTHWARK,5,160,11,1473,695,15,197,0,201,3878,930,7565,2013-04-30
SPELTHORNE,3,40,7,548,258,3,19,0,58,1032,222,2190,2013-04-30
ST ALBANS,22,54,27,838,371,2,73,2,109,1566,314,3378,2013-04-30
ST EDMUNDSBURY,75,11,26,565,260,5,34,1,147,877,208,2209,2013-04-30
ST HELENS,36,39,40,848,330,9,91,0,177,1467,268,3305,2013-04-30
STAFFORD,72,20,27,695,271,3,32,1,167,1022,202,2512,2013-04-30
STAFFORDSHIRE MOORLANDS,54,13,18,402,210,2,18,0,139,734,119,1709,2013-04-30
STEVENAGE,9,12,18,342,169,4,21,1,27,889,142,1634,2013-04-30
STOCKPORT,44,49,29,1481,673,4,51,0,211,2505,456,5503,2013-04-30
STOCKTON-ON-TEES,28,26,49,840,402,13,71,0,105,1504,264,3302,2013-04-30
STOKE-ON-TRENT,31,37,33,1102,536,8,59,0,174,1790,271,4041,2013-04-30
STRATFORD-ON-AVON,49,23,36,684,338,7,50,0,201,1339,303,3030,2013-04-30
STROUD,54,8,48,551,275,1,59,2,115,962,206,2281,2013-04-30
SUFFOLK COASTAL,64,17,40,642,285,12,51,1,179,1082,260,2633,2013-04-30
SUNDERLAND,44,43,68,1222,504,8,47,0,135,1828,316,4215,2013-04-30
SURREY HEATH,1,14,8,522,234,3,15,0,78,826,187,1888,2013-04-30
SUTTON,6,69,24,1066,460,3,48,0,58,1868,408,4010,2013-04-30
SWALE,8,14,26,695,327,10,54,0,132,1356,273,2895,2013-04-30
SWANSEA,55,48,38,1266,476,10,63,0,291,2047,237,4531,2013-04-30
SWINDON,30,41,41,970,466,13,77,0,118,1626,384,3766,2013-04-30
TAMESIDE,39,58,21,1047,402,5,42,0,214,1923,279,4030,2013-04-30
TAMWORTH,6,13,15,393,158,0,17,0,41,559,81,1283,2013-04-30
TANDRIDGE,3,19,36,525,211,2,35,0,85,889,205,2010,2013-04-30
TAUNTON DEANE,36,21,45,584,270,2,77,1,163,907,169,2275,2013-04-30
TEIGNBRIDGE,25,28,52,784,360,7,118,0,142,1245,219,2980,2013-04-30
TENDRING,52,14,18,662,282,6,46,0,203,1164,206,2653,2013-04-30
TEST VALLEY,26,22,35,621,246,9,45,0,140,958,190,2292,2013-04-30
TEWKESBURY,25,12,28,444,204,5,76,0,89,732,193,1808,2013-04-30
THANET,4,34,25,706,368,4,25,0,64,1278,250,2758,2013-04-30
THE VALE OF GLAMORGAN,29,30,19,896,252,5,23,0,145,1155,267,2821,2013-04-30
THREE RIVERS,9,12,5,487,233,7,30,0,80,894,154,1911,2013-04-30
THURROCK,14,28,27,766,358,4,55,0,125,1584,308,3269,2013-04-30
TONBRIDGE AND MALLING,3,30,30,712,321,0,52,4,133,1271,278,2834,2013-04-30
TORBAY,15,23,14,706,321,6,39,3,90,1159,205,2581,2013-04-30
TORFAEN,32,13,7,388,190,1,15,0,89,644,130,1509,2013-04-30
TORRIDGE,36,12,30,413,229,7,29,1,111,574,97,1539,2013-04-30
TOWER HAMLETS,0,188,19,1542,667,28,213,1,184,4832,1057,8731,2013-04-30
TRAFFORD,39,40,22,1153,530,7,67,0,171,2385,396,4810,2013-04-30
TUNBRIDGE WELLS,4,29,13,649,246,4,32,0,143,1511,285,2916,2013-04-30
UTTLESFORD,27,26,60,613,192,7,74,0,195,919,253,2366,2013-04-30
VALE OF WHITE HORSE,3,30,34,652,269,13,76,0,152,1229,254,2712,2013-04-30
WAKEFIELD,34,106,69,1616,654,12,86,0,227,2343,374,5521,2013-04-30
WALSALL,26,68,55,1156,499,14,62,0,169,1814,303,4166,2013-04-30
WALTHAM FOREST,24,140,19,1233,507,9,81,0,129,2392,365,4899,2013-04-30
WANDSWORTH,3,202,17,2394,1113,5,181,1,196,5048,1007,10167,2013-04-30
WARRINGTON,33,62,11,1122,471,9,85,0,153,1951,306,4203,2013-04-30
WARWICK,9,28,13,797,423,4,47,1,144,1316,304,3086,2013-04-30
WATFORD,6,72,14,497,210,2,48,0,45,1059,180,2133,2013-04-30
WAVENEY,48,13,21,569,249,11,27,0,102,802,150,1992,2013-04-30
WAVERLEY,4,27,31,709,342,9,44,0,166,1548,337,3217,2013-04-30
WEALDEN,36,56,74,945,353,8,93,0,215,1691,368,3839,2013-04-30
WELLINGBOROUGH,25,12,15,351,156,7,16,2,74,580,104,1342,2013-04-30
WELWYN HATFIELD,16,14,11,453,224,9,36,0,113,1037,234,2147,2013-04-30
WEST BERKSHIRE,12,31,29,895,424,3,55,1,162,1562,373,3547,2013-04-30
WEST DEVON,35,11,20,314,116,2,28,0,91,534,133,1284,2013-04-30
WEST DORSET,45,26,20,506,228,3,37,0,153,945,221,2184,2013-04-30
WEST LANCASHIRE,34,15,28,511,204,2,30,0,105,802,154,1885,2013-04-30
WEST LINDSEY,40,29,24,510,268,0,34,0,147,762,152,1966,2013-04-30
WEST OXFORDSHIRE,30,22,29,512,238,5,46,0,159,1050,230,2321,2013-04-30
WEST SOMERSET,12,8,11,164,56,0,15,0,56,312,64,698,2013-04-30
WEYMOUTH AND PORTLAND,15,18,13,351,143,2,28,0,46,491,79,1186,2013-04-30
WIGAN,72,87,55,1703,669,18,60,0,323,2368,423,5778,2013-04-30
WILTSHIRE,117,71,133,2376,930,24,200,0,546,3827,847,9071,2013-04-30
WINCHESTER,33,30,31,798,243,4,71,1,180,1144,262,2797,2013-04-30
WINDSOR AND MAIDENHEAD,19,37,26,838,373,20,43,0,175,1884,366,3781,2013-04-30
WIRRAL,39,44,28,1429,617,19,46,0,174,2328,363,5087,2013-04-30
WOKING,3,27,14,684,280,0,52,0,80,1088,224,2452,2013-04-30
WOKINGHAM,9,37,14,958,395,9,75,1,122,1514,366,3500,2013-04-30
WOLVERHAMPTON,41,38,49,862,396,10,76,1,199,1664,242,3578,2013-04-30
WORCESTER,14,26,7,537,247,6,26,0,74,793,156,1886,2013-04-30
WREKIN,18,20,39,759,336,5,68,3,177,1324,315,3064,2013-04-30
WORTHING,11,46,7,611,295,2,30,0,50,1082,206,2340,2013-04-30
WREXHAM,50,27,24,555,208,5,41,0,90,818,129,1947,2013-04-30
WYCHAVON,41,17,48,572,261,4,53,0,181,1165,221,2563,2013-04-30
WYCOMBE,100,31,29,864,369,4,57,0,200,1635,325,3614,2013-04-30
WYRE,60,9,18,506,210,2,23,0,104,833,116,1881,2013-04-30
WYRE FOREST,39,38,24,400,204,4,29,0,99,636,136,1609,2013-04-30
YORK,71,54,40,1000,459,3,80,0,182,1508,294,3691,2013-04-30
ALL COUNTIES,4,0,0,2,0,0,0,0,0,5,27,38,2013-03-31
ADUR,9,14,16,285,144,3,27,0,53,431,79,1061,2013-03-31
ALLERDALE,181,7,51,411,218,17,47,1,162,862,134,2091,2013-03-31
AMBER VALLEY,40,20,34,517,235,7,41,0,138,849,143,2024,2013-03-31
ARUN,12,43,28,792,372,6,63,0,110,1492,286,3204,2013-03-31
ASHFIELD,41,35,56,429,234,7,69,5,89,764,148,1877,2013-03-31
ASHFORD,6,10,20,587,288,12,38,0,168,1286,273,2688,2013-03-31
AYLESBURY VALE,63,48,61,829,386,7,132,0,233,1601,399,3759,2013-03-31
BABERGH,67,9,40,402,200,3,34,1,125,666,132,1679,2013-03-31
BARKING AND DAGENHAM,8,50,16,581,295,6,66,0,97,1546,209,2874,2013-03-31
BARNET,19,178,14,1771,796,10,211,0,192,4093,741,8025,2013-03-31
BARNSLEY,134,241,70,965,499,9,96,0,182,1557,250,4003,2013-03-31
BARROW-IN-FURNESS,19,22,7,319,189,2,14,0,34,411,54,1071,2013-03-31
BASILDON,18,31,44,725,340,6,119,0,85,1315,256,2939,2013-03-31
BASINGSTOKE AND DEANE,33,36,35,792,383,11,47,0,154,1263,319,3073,2013-03-31
BASSETLAW,44,19,23,547,195,8,28,1,99,788,128,1880,2013-03-31
BATH AND NORTH EAST SOMERSET,40,39,36,1120,419,2,92,0,202,1684,310,3944,2013-03-31
BEDFORD,19,33,63,762,362,3,129,0,115,1267,224,2977,2013-03-31
BEXLEY,8,91,20,1069,493,23,112,0,96,1761,273,3946,2013-03-31
BIRMINGHAM,82,175,125,3786,1759,52,317,1,623,7986,1332,16238,2013-03-31
BLABY,18,17,20,401,200,3,45,0,73,709,136,1622,2013-03-31
BLACKBURN WITH DARWEN,19,31,11,499,252,11,20,0,147,1237,152,2379,2013-03-31
BLACKPOOL,35,16,5,631,342,12,17,0,229,1360,170,2817,2013-03-31
BLAENAU GWENT,26,7,10,267,117,2,5,1,54,394,86,969,2013-03-31
BOLSOVER,17,18,6,310,139,2,13,0,55,491,95,1146,2013-03-31
BOLTON,35,40,44,1104,503,7,79,0,213,2288,326,4639,2013-03-31
BOSTON,30,7,8,263,142,4,20,0,66,444,69,1053,2013-03-31
BOURNEMOUTH,31,65,12,925,495,13,95,0,80,1899,349,3964,2013-03-31
BRACKNELL FOREST,0,13,33,531,283,9,72,0,71,1086,252,2350,2013-03-31
BRADFORD,70,81,72,1903,829,21,87,0,312,3419,566,7360,2013-03-31
BRAINTREE,29,10,17,718,343,3,36,1,155,1091,289,2692,2013-03-31
BRECKLAND,53,4,41,573,299,3,66,1,156,1098,227,2521,2013-03-31
BRENT,5,176,10,1229,536,26,190,0,162,3207,557,6098,2013-03-31
BRENTWOOD,15,32,21,457,197,1,32,0,56,711,155,1677,2013-03-31
BRIDGEND,39,55,28,628,257,9,44,0,124,1185,193,2562,2013-03-31
BRIGHTON AND HOVE,29,155,14,1532,699,14,100,0,137,2764,519,5963,2013-03-31
BROADLAND,54,8,23,578,244,5,44,0,156,822,146,2080,2013-03-31
BROMLEY,18,119,31,1663,750,3,89,0,161,2940,604,6378,2013-03-31
BROMSGROVE,22,7,22,416,221,4,41,0,127,731,148,1739,2013-03-31
BROXBOURNE,8,25,18,460,239,7,35,0,74,827,182,1875,2013-03-31
BROXTOWE,14,9,11,526,238,4,35,1,60,636,113,1647,2013-03-31
BURNLEY,17,17,9,407,185,4,20,1,102,1248,112,2122,2013-03-31
BURY,15,36,24,887,416,8,45,0,210,1668,235,3544,2013-03-31
CAERPHILLY,39,13,37,763,334,4,45,0,167,1142,136,2680,2013-03-31
CALDERDALE,68,35,34,881,440,10,44,0,178,1483,234,3407,2013-03-31
CAMBRIDGE,20,52,13,468,202,13,123,1,100,945,161,2098,2013-03-31
CAMDEN,4,228,11,1291,621,15,213,0,202,4464,791,7840,2013-03-31
CANNOCK CHASE,11,19,14,421,177,2,45,0,48,628,122,1487,2013-03-31
CANTERBURY,11,45,40,742,384,6,54,0,142,1440,306,3170,2013-03-31
CARDIFF,45,150,33,1507,796,9,51,0,232,2990,488,6301,2013-03-31
CARLISLE,125,13,31,490,212,5,39,0,147,807,160,2029,2013-03-31
CARMARTHENSHIRE,80,17,54,792,359,14,95,1,351,1426,195,3384,2013-03-31
CASTLE POINT,40,5,19,380,179,1,8,0,105,535,94,1366,2013-03-31
CENTRAL BEDFORDSHIRE,48,42,159,1288,630,11,145,2,217,1986,465,4993,2013-03-31
CEREDIGION,50,1,19,317,150,2,16,0,165,583,65,1368,2013-03-31
CHARNWOOD,39,24,52,762,343,4,102,0,147,1113,202,2788,2013-03-31
CHELMSFORD,42,29,21,834,405,4,55,0,176,1318,294,3178,2013-03-31
CHELTENHAM,39,27,10,546,283,6,44,0,85,880,203,2123,2013-03-31
CHERWELL,38,25,30,741,356,12,71,0,187,1397,299,3156,2013-03-31
CHESHIRE EAST,127,87,64,1868,810,22,118,1,529,3477,604,7707,2013-03-31
CHESHIRE WEST AND CHESTER,69,154,66,1509,684,13,117,0,331,2660,521,6124,2013-03-31
CHESTER,0,0,0,1,0,0,0,0,3,0,0,4,2013-03-31
CHESTERFIELD,21,27,14,439,196,5,20,0,70,652,115,1559,2013-03-31
CHICHESTER,39,68,32,595,264,1,59,2,188,1314,220,2782,2013-03-31
CHILTERN,53,18,34,450,177,5,53,0,123,758,186,1857,2013-03-31
CHORLEY,30,44,25,534,244,2,67,0,111,837,134,2028,2013-03-31
CHRISTCHURCH,3,29,5,249,164,3,25,0,29,411,91,1009,2013-03-31
CITY OF BRISTOL,50,129,69,2093,973,30,187,1,244,3784,830,8390,2013-03-31
CITY OF DERBY,22,31,37,1015,539,6,72,0,141,1598,313,3774,2013-03-31
CITY OF KINGSTON UPON HULL,38,132,33,1159,418,21,104,0,144,1540,280,3869,2013-03-31
CITY OF LONDON,2,38,2,241,73,7,57,1,158,1570,309,2458,2013-03-31
CITY OF NOTTINGHAM,29,134,25,1071,529,21,144,0,136,2121,402,4612,2013-03-31
CITY OF PETERBOROUGH,90,33,32,723,375,9,146,0,94,1502,287,3291,2013-03-31
CITY OF PLYMOUTH,23,48,38,1094,608,11,114,0,124,1921,424,4405,2013-03-31
CITY OF WESTMINSTER,12,360,25,2423,1136,48,486,0,518,10561,2175,17744,2013-03-31
COLCHESTER,54,14,86,807,441,6,109,2,239,1574,275,3607,2013-03-31
CONWY,73,24,19,668,240,6,32,0,125,874,122,2183,2013-03-31
COPELAND,41,5,18,344,147,2,28,0,91,544,80,1300,2013-03-31
CORBY,6,10,28,264,139,5,150,3,55,580,148,1388,2013-03-31
CORNWALL,275,88,214,2831,1438,17,334,0,922,4835,883,11837,2013-03-31
COTSWOLD,31,25,50,546,198,0,72,6,125,889,258,2200,2013-03-31
COUNTY DURHAM,202,65,149,2157,991,24,164,0,389,3735,739,8615,2013-03-31
COVENTRY,35,63,53,1364,520,6,118,0,166,1939,275,4539,2013-03-31
CRAVEN,42,12,14,297,151,3,7,0,85,424,70,1105,2013-03-31
CRAWLEY,8,23,19,470,180,3,24,0,58,1719,282,2786,2013-03-31
CREWE AND NANTWICH,0,0,0,0,0,0,0,0,2,1,0,3,2013-03-31
CROYDON,10,105,14,1633,804,10,208,0,190,3315,655,6944,2013-03-31
DACORUM,23,27,15,733,328,0,58,0,118,1225,300,2827,2013-03-31
DARLINGTON,23,11,28,432,238,5,19,0,67,751,137,1711,2013-03-31
DARTFORD,7,59,40,524,248,11,73,0,75,869,209,2115,2013-03-31
DAVENTRY,20,4,10,339,182,1,22,0,95,610,128,1411,2013-03-31
DENBIGHSHIRE,52,16,16,458,225,11,28,2,113,734,113,1768,2013-03-31
DERBYSHIRE DALES,45,15,21,337,156,0,29,0,149,550,94,1396,2013-03-31
DONCASTER,28,71,34,1260,618,21,88,0,223,2150,407,4900,2013-03-31
DOVER,5,13,11,481,264,4,18,0,79,969,171,2015,2013-03-31
DUDLEY,28,40,70,1135,543,9,127,0,184,1946,287,4369,2013-03-31
EALING,8,165,14,1441,625,10,199,0,172,3167,533,6334,2013-03-31
EAST CAMBRIDGESHIRE,57,7,24,385,212,2,47,1,100,622,121,1578,2013-03-31
EAST DEVON,30,36,59,686,384,7,60,0,200,1289,278,3029,2013-03-31
EAST DORSET,16,11,11,435,203,2,23,0,76,702,141,1620,2013-03-31
EAST HAMPSHIRE,38,18,30,564,261,1,56,0,196,1042,268,2474,2013-03-31
EAST HERTFORDSHIRE,15,35,41,774,341,19,118,0,117,1274,373,3107,2013-03-31
EAST LINDSEY,51,22,20,568,283,12,51,0,204,944,174,2329,2013-03-31
EAST NORTHAMPTONSHIRE,13,7,22,364,171,9,52,8,72,652,152,1522,2013-03-31
EAST RIDING OF YORKSHIRE,107,34,90,1683,845,9,150,0,359,2499,413,6189,2013-03-31
EAST STAFFORDSHIRE,30,12,27,468,235,11,67,1,112,907,166,2036,2013-03-31
EASTBOURNE,1,53,7,549,294,6,29,0,58,1084,239,2320,2013-03-31
EASTLEIGH,13,14,15,689,285,10,45,0,133,1051,270,2525,2013-03-31
EDEN,53,9,30,270,106,0,37,0,77,460,94,1136,2013-03-31
ELMBRIDGE,9,23,17,848,413,10,72,0,126,1578,326,3422,2013-03-31
ENFIELD,6,89,27,1413,611,9,72,0,149,2861,537,5774,2013-03-31
EPPING FOREST,19,19,27,631,308,5,34,0,134,1242,209,2628,2013-03-31
EPSOM AND EWELL,1,50,19,402,170,5,54,0,58,703,141,1603,2013-03-31
EREWASH,14,11,19,474,268,6,40,0,59,855,160,1906,2013-03-31
EXETER,16,32,18,617,293,3,29,0,113,934,180,2235,2013-03-31
FAREHAM,21,17,8,559,265,26,40,0,80,851,185,2052,2013-03-31
FENLAND,35,11,27,457,213,8,43,0,92,727,146,1759,2013-03-31
FLINTSHIRE,60,16,35,630,285,8,49,0,151,1188,258,2680,2013-03-31
FOREST HEATH,18,4,28,254,141,0,54,0,65,416,126,1106,2013-03-31
FOREST OF DEAN,41,13,39,425,153,7,28,4,105,543,80,1438,2013-03-31
FYLDE,15,13,11,365,181,2,22,0,99,817,121,1646,2013-03-31
GATESHEAD,24,42,70,834,351,11,114,0,144,1505,309,3404,2013-03-31
GEDLING,11,15,41,521,249,4,43,1,76,786,152,1899,2013-03-31
GLOUCESTER,29,28,25,635,362,11,85,0,93,905,181,2354,2013-03-31
GOSPORT,3,19,9,383,188,4,16,0,46,624,126,1418,2013-03-31
GRAVESHAM,8,21,17,398,195,4,50,0,56,637,118,1504,2013-03-31
GREAT YARMOUTH,32,10,11,485,201,1,11,0,84,629,89,1553,2013-03-31
GREENWICH,10,102,28,1092,532,9,139,0,116,2474,438,4940,2013-03-31
GUILDFORD,12,53,19,713,329,35,67,0,159,1474,295,3156,2013-03-31
GWYNEDD,107,9,31,643,241,2,40,0,198,1000,167,2438,2013-03-31
HACKNEY,0,217,22,984,466,22,196,0,151,2786,844,5688,2013-03-31
HALTON,14,25,14,469,209,7,54,0,139,965,169,2065,2013-03-31
HAMBLETON,73,11,35,475,213,1,38,0,97,631,111,1685,2013-03-31
HAMMERSMITH AND FULHAM,3,156,13,1172,544,7,108,0,130,3176,589,5898,2013-03-31
HARBOROUGH,21,13,33,454,205,2,72,0,113,664,182,1759,2013-03-31
HARINGEY,3,136,17,1040,562,6,70,1,85,2533,434,4887,2013-03-31
HARLOW,2,20,29,283,119,1,44,0,32,711,156,1397,2013-03-31
HARROGATE,98,24,37,753,401,11,26,0,179,1329,226,3084,2013-03-31
HARROW,1,92,13,973,477,11,84,0,111,1896,400,4058,2013-03-31
HART,4,9,36,426,166,0,44,0,88,658,138,1569,2013-03-31
HARTLEPOOL,10,12,22,322,180,8,36,0,48,714,111,1463,2013-03-31
HASTINGS,4,29,12,487,247,3,29,0,68,917,184,1980,2013-03-31
HAVANT,20,15,13,505,236,4,22,1,56,811,154,1837,2013-03-31
HAVERING,26,42,44,1008,523,6,67,0,111,1919,308,4054,2013-03-31
HEREFORDSHIRE,77,23,51,819,314,6,55,0,271,1304,261,3181,2013-03-31
HERTSMERE,4,35,14,525,278,1,31,0,52,966,208,2114,2013-03-31
HIGH PEAK,33,8,11,448,226,3,25,0,101,704,98,1657,2013-03-31
HILLINGDON,4,73,38,1083,531,6,141,0,187,2475,515,5053,2013-03-31
HINCKLEY AND BOSWORTH,24,5,22,499,212,3,36,0,93,895,128,1917,2013-03-31
HORSHAM,42,28,34,716,289,15,67,14,239,1506,336,3286,2013-03-31
HOUNSLOW,2,64,16,1119,573,9,120,0,120,2464,418,4905,2013-03-31
HUNTINGDONSHIRE,38,54,58,923,425,5,67,0,133,1279,312,3294,2013-03-31
HYNDBURN,27,1,6,332,141,3,4,0,100,860,106,1580,2013-03-31
IPSWICH,19,25,16,581,282,7,26,0,90,1035,172,2253,2013-03-31
ISLE OF ANGLESEY,65,7,11,484,161,3,31,0,122,619,98,1601,2013-03-31
ISLE OF WIGHT,49,33,61,740,541,9,51,0,210,1374,261,3329,2013-03-31
ISLES OF SCILLY,2,4,2,8,4,0,0,0,2,139,5,166,2013-03-31
ISLINGTON,3,137,10,1047,519,78,205,0,156,3124,590,5869,2013-03-31
KENSINGTON AND CHELSEA,10,166,7,1486,766,15,97,0,251,5406,1086,9290,2013-03-31
KETTERING,25,19,21,466,203,7,38,1,61,693,143,1677,2013-03-31
KING'S LYNN AND WEST NORFOLK,80,16,47,701,318,7,78,0,199,1142,245,2833,2013-03-31
KINGSTON UPON THAMES,4,69,17,890,402,10,42,0,91,1714,336,3575,2013-03-31
KIRKLEES,55,65,99,1749,850,26,103,0,285,3298,489,7019,2013-03-31
KNOWSLEY,13,37,16,454,186,8,52,0,75,884,171,1896,2013-03-31
LAMBETH,3,208,10,1497,826,13,137,1,186,4428,850,8159,2013-03-31
LANCASTER,44,24,16,570,318,15,33,0,170,1012,143,2345,2013-03-31
LEEDS,119,249,142,2921,1433,39,323,1,519,5892,914,12552,2013-03-31
LEICESTER,11,40,42,1009,520,43,73,0,145,1896,297,4076,2013-03-31
LEWES,13,33,19,522,208,1,23,1,91,867,173,1951,2013-03-31
LEWISHAM,2,169,16,1369,629,7,163,0,111,2818,583,5867,2013-03-31
LICHFIELD,18,9,29,543,255,8,47,0,90,918,146,2063,2013-03-31
LINCOLN,16,24,18,451,183,3,38,0,66,664,106,1569,2013-03-31
LIVERPOOL,68,178,84,1944,1104,45,269,0,387,3822,710,8611,2013-03-31
LUTON,15,33,12,809,367,11,22,0,59,1269,225,2822,2013-03-31
MACCLESFIELD,0,0,0,0,0,0,0,0,1,0,0,1,2013-03-31
MAIDSTONE,7,36,39,775,393,6,76,0,142,1452,409,3335,2013-03-31
MALDON,18,5,9,290,143,4,13,0,127,612,86,1307,2013-03-31
MALVERN HILLS,41,23,25,402,145,5,37,0,95,542,102,1417,2013-03-31
MANCHESTER,27,265,60,1933,946,33,220,0,384,5398,973,10239,2013-03-31
MANSFIELD,6,32,42,448,173,4,46,0,67,677,133,1628,2013-03-31
MEDWAY,6,28,34,1259,561,6,64,1,121,2016,418,4514,2013-03-31
MELTON,15,7,12,273,120,2,8,0,71,392,76,976,2013-03-31
MENDIP,42,26,27,558,251,10,82,0,170,933,174,2273,2013-03-31
MERTHYR TYDFIL,22,14,22,227,112,1,21,0,61,374,56,910,2013-03-31
MERTON,9,75,31,1034,506,11,105,0,114,2243,413,4541,2013-03-31
MID DEVON,29,17,36,400,199,6,31,0,144,647,119,1628,2013-03-31
MID SUFFOLK,42,10,58,423,207,13,64,0,136,820,186,1959,2013-03-31
MID SUSSEX,8,40,44,728,350,5,71,0,144,1336,327,3053,2013-03-31
MIDDLESBROUGH,11,13,30,535,245,3,42,0,83,1000,157,2119,2013-03-31
MILTON KEYNES,31,94,160,1503,633,23,357,3,194,2124,612,5734,2013-03-31
MOLE VALLEY,2,10,17,417,199,1,32,0,151,1061,203,2093,2013-03-31
MONMOUTHSHIRE,43,16,23,427,222,1,37,0,117,767,131,1784,2013-03-31
NEATH PORT TALBOT,33,16,18,540,265,10,54,0,167,1061,138,2302,2013-03-31
NEW FOREST,38,19,19,917,440,9,22,0,136,1553,321,3474,2013-03-31
NEWARK AND SHERWOOD,65,22,28,570,268,13,62,0,146,841,202,2217,2013-03-31
NEWCASTLE UPON TYNE,39,50,60,1075,534,25,86,0,176,2037,334,4416,2013-03-31
NEWCASTLE-UNDER-LYME,28,7,17,484,251,8,29,0,96,773,123,1816,2013-03-31
NEWHAM,10,172,13,929,499,7,92,0,158,3288,483,5651,2013-03-31
NEWPORT,42,45,33,655,319,4,53,0,130,1150,177,2608,2013-03-31
NORTH CORNWALL,0,0,0,0,0,0,0,0,0,1,0,1,2013-03-31
NORTH DEVON,40,55,22,511,223,6,25,0,164,731,169,1946,2013-03-31
NORTH DORSET,28,4,29,295,430,2,37,1,117,542,127,1612,2013-03-31
NORTH EAST DERBYSHIRE,50,10,21,385,160,3,21,0,116,708,119,1593,2013-03-31
NORTH EAST LINCOLNSHIRE,25,31,26,807,348,22,47,0,94,1044,132,2576,2013-03-31
NORTH HERTFORDSHIRE,33,28,22,604,271,1,79,3,102,933,233,2309,2013-03-31
NORTH KESTEVEN,37,20,45,512,233,4,50,0,132,788,191,2012,2013-03-31
NORTH LINCOLNSHIRE,45,30,26,818,279,21,46,0,133,1117,168,2683,2013-03-31
NORTH NORFOLK,60,20,44,544,231,4,47,1,201,934,211,2297,2013-03-31
NORTH SOMERSET,46,35,36,1072,501,8,65,0,189,1720,411,4083,2013-03-31
NORTH TYNESIDE,26,31,47,872,461,6,57,0,104,1424,261,3289,2013-03-31
NORTH WARWICKSHIRE,22,7,14,328,109,2,11,0,60,1230,72,1855,2013-03-31
NORTH WEST LEICESTERSHIRE,20,8,33,394,194,5,75,0,84,752,162,1727,2013-03-31
NORTHAMPTON,66,37,31,940,521,13,88,0,167,1783,394,4040,2013-03-31
NORTHUMBERLAND,93,60,102,1427,684,11,162,0,321,2331,472,5663,2013-03-31
NORWICH,12,57,27,594,302,4,69,1,86,938,192,2282,2013-03-31
NUNEATON AND BEDWORTH,4,14,12,558,242,9,48,0,68,751,149,1855,2013-03-31
OADBY AND WIGSTON,12,19,1,221,92,1,5,0,32,304,60,747,2013-03-31
OLDHAM,32,32,39,831,417,13,56,0,245,1746,305,3716,2013-03-31
OXFORD,8,22,7,488,296,12,40,0,117,1198,211,2399,2013-03-31
PEMBROKESHIRE,84,20,46,549,237,3,36,0,221,955,136,2287,2013-03-31
PENDLE,34,4,13,336,177,4,35,5,102,659,86,1455,2013-03-31
PENWITH,0,0,0,0,1,0,0,0,0,0,0,1,2013-03-31
POOLE,9,41,11,799,474,19,46,0,99,1443,311,3252,2013-03-31
PORTSMOUTH,31,45,16,851,383,11,68,0,122,1771,247,3545,2013-03-31
POWYS,125,8,52,624,264,6,36,0,225,1100,149,2589,2013-03-31
PRESTON,17,18,14,575,273,7,24,0,95,1231,209,2463,2013-03-31
PURBECK,18,12,22,228,103,2,10,0,54,397,71,917,2013-03-31
READING,9,42,8,746,337,18,115,1,121,1784,315,3496,2013-03-31
REDBRIDGE,25,53,5,1070,486,8,27,0,112,2528,375,4689,2013-03-31
REDCAR AND CLEVELAND,25,12,34,509,229,9,31,0,78,810,150,1887,2013-03-31
REDDITCH,14,15,20,368,208,5,16,0,68,559,111,1384,2013-03-31
REIGATE AND BANSTEAD,9,48,33,769,305,3,69,0,140,1406,314,3096,2013-03-31
RHONDDA CYNON TAFF,89,40,48,1052,445,14,54,0,241,1674,210,3867,2013-03-31
RIBBLE VALLEY,30,5,17,270,146,4,29,0,102,493,70,1166,2013-03-31
RICHMOND UPON THAMES,2,83,17,1143,545,11,76,0,119,2391,432,4819,2013-03-31
RICHMONDSHIRE,32,3,28,224,97,1,11,0,84,363,65,908,2013-03-31
ROCHDALE,30,77,47,883,431,9,47,0,143,1757,242,3666,2013-03-31
ROCHFORD,34,7,14,375,172,1,18,0,71,526,100,1318,2013-03-31
ROSSENDALE,19,16,12,341,141,7,15,1,82,553,95,1282,2013-03-31
ROTHER,11,15,26,488,327,7,36,0,123,1036,203,2272,2013-03-31
ROTHERHAM,33,93,42,1112,450,6,125,0,151,1690,269,3971,2013-03-31
RUGBY,11,20,31,502,228,5,67,0,73,773,184,1894,2013-03-31
RUNNYMEDE,3,14,10,359,169,0,9,0,74,801,148,1587,2013-03-31
RUSHCLIFFE,15,12,29,498,224,3,50,1,117,831,154,1934,2013-03-31
RUSHMOOR,13,31,9,439,198,1,25,0,74,767,191,1748,2013-03-31
RUTLAND,12,5,11,177,100,0,30,0,50,362,69,816,2013-03-31
RYEDALE,33,7,53,246,96,2,20,0,60,401,76,994,2013-03-31
SALFORD,30,92,27,970,592,23,95,0,169,2309,719,5026,2013-03-31
SANDWELL,32,42,70,1076,621,7,118,0,207,2196,347,4716,2013-03-31
SCARBOROUGH,50,13,15,504,316,8,29,0,174,887,139,2135,2013-03-31
SEDGEMOOR,52,13,41,518,255,9,59,0,162,904,184,2197,2013-03-31
SEFTON,51,56,42,1156,560,10,58,0,181,2009,314,4437,2013-03-31
SELBY,32,21,32,354,190,1,57,0,82,707,148,1624,2013-03-31
SEVENOAKS,4,11,18,559,304,1,74,0,118,1187,258,2534,2013-03-31
SHEFFIELD,123,91,89,2264,2144,12,126,0,368,4003,628,9848,2013-03-31
SHEPWAY,1,25,19,577,255,12,27,0,85,962,174,2137,2013-03-31
SHROPSHIRE,131,63,134,1391,645,21,131,0,480,2392,550,5938,2013-03-31
SLOUGH,12,31,14,450,217,4,52,0,85,1185,229,2279,2013-03-31
SOLIHULL,19,23,43,892,479,5,66,0,117,1846,307,3797,2013-03-31
SOUTH BUCKS,19,31,10,319,152,3,16,0,106,806,144,1606,2013-03-31
SOUTH CAMBRIDGESHIRE,56,126,58,722,319,2,111,0,163,1078,251,2886,2013-03-31
SOUTH DERBYSHIRE,20,8,43,497,225,8,53,0,90,758,171,1873,2013-03-31
SOUTH GLOUCESTERSHIRE,58,40,66,1310,587,12,197,0,243,2034,406,4953,2013-03-31
SOUTH HAMS,21,17,49,512,232,2,74,1,164,1038,196,2306,2013-03-31
SOUTH HOLLAND,37,10,40,378,220,4,29,1,98,676,96,1589,2013-03-31
SOUTH KESTEVEN,43,16,38,580,296,10,73,1,134,914,210,2315,2013-03-31
SOUTH LAKELAND,97,28,24,538,249,12,50,0,174,1044,176,2392,2013-03-31
SOUTH NORFOLK,52,6,57,674,317,6,86,1,212,1562,195,3168,2013-03-31
SOUTH NORTHAMPTONSHIRE,25,9,27,407,219,5,65,0,108,699,151,1715,2013-03-31
SOUTH OXFORDSHIRE,18,30,39,746,327,19,53,0,164,1382,270,3048,2013-03-31
SOUTH RIBBLE,38,14,13,565,301,8,36,0,95,759,112,1941,2013-03-31
SOUTH SOMERSET,61,33,37,742,383,17,60,0,216,1215,244,3008,2013-03-31
SOUTH STAFFORDSHIRE,28,6,24,398,195,1,36,0,119,680,128,1615,2013-03-31
SOUTH TYNESIDE,10,23,32,538,236,4,45,1,70,994,185,2138,2013-03-31
SOUTHAMPTON,41,72,14,930,471,25,65,0,128,1887,384,4017,2013-03-31
SOUTHEND-ON-SEA,21,58,11,855,429,10,74,0,66,1641,261,3426,2013-03-31
SOUTHWARK,12,184,14,1303,644,25,152,0,214,3942,757,7247,2013-03-31
SPELTHORNE,3,20,11,465,211,3,60,0,47,945,181,1946,2013-03-31
ST ALBANS,26,38,21,767,354,5,66,0,134,1307,311,3029,2013-03-31
ST EDMUNDSBURY,49,13,21,524,249,4,39,0,126,749,181,1955,2013-03-31
ST HELENS,33,31,32,762,305,9,39,0,134,1331,194,2870,2013-03-31
ST MARY'S,0,0,0,0,0,0,0,0,0,1,0,1,2013-03-31
STAFFORD,43,12,27,569,255,3,32,0,150,854,183,2128,2013-03-31
STAFFORDSHIRE MOORLANDS,56,13,18,389,184,5,18,0,144,618,91,1536,2013-03-31
STEVENAGE,21,15,13,331,135,4,34,0,28,440,116,1137,2013-03-31
STOCKPORT,49,36,18,1215,606,17,45,0,243,2183,390,4802,2013-03-31
STOCKTON-ON-TEES,28,31,38,712,344,12,94,0,103,1267,230,2859,2013-03-31
STOKE-ON-TRENT,23,34,25,932,487,16,60,0,156,1559,237,3529,2013-03-31
STRATFORD-ON-AVON,37,24,33,605,283,21,53,1,233,1151,251,2692,2013-03-31
STROUD,44,19,35,574,263,2,49,1,138,945,213,2283,2013-03-31
SUFFOLK COASTAL,40,21,48,611,243,4,43,0,164,982,188,2344,2013-03-31
SUNDERLAND,31,85,68,1024,431,21,61,0,132,1688,345,3886,2013-03-31
SURREY HEATH,1,21,9,424,220,3,19,0,79,714,180,1670,2013-03-31
SUTTON,3,49,21,920,396,1,46,0,91,1652,341,3520,2013-03-31
SWALE,9,16,27,605,300,8,56,0,83,1054,211,2369,2013-03-31
SWANSEA,44,36,44,1081,432,10,69,0,363,1703,258,4040,2013-03-31
SWINDON,108,68,40,877,403,8,119,0,146,1384,365,3518,2013-03-31
TAMESIDE,21,76,33,956,411,7,56,0,160,1508,298,3526,2013-03-31
TAMWORTH,4,14,13,329,138,0,34,0,50,531,91,1204,2013-03-31
TANDRIDGE,2,22,102,464,195,0,28,0,89,872,181,1955,2013-03-31
TAUNTON DEANE,121,19,39,619,268,1,89,0,135,822,167,2280,2013-03-31
TEIGNBRIDGE,22,33,43,642,344,3,97,0,173,1157,245,2759,2013-03-31
TENDRING,45,11,19,607,297,8,30,0,222,1030,177,2446,2013-03-31
TEST VALLEY,36,28,38,500,230,10,56,0,166,833,193,2090,2013-03-31
TEWKESBURY,22,13,34,437,256,5,50,0,81,715,176,1789,2013-03-31
THANET,8,49,11,655,294,9,29,0,70,1148,245,2518,2013-03-31
THE VALE OF GLAMORGAN,18,78,12,617,285,6,31,0,116,954,186,2303,2013-03-31
THREE RIVERS,5,14,15,413,185,14,19,0,70,785,158,1678,2013-03-31
THURROCK,10,57,16,651,309,10,58,0,111,1455,305,2982,2013-03-31
TONBRIDGE AND MALLING,6,31,31,624,255,9,76,3,104,1123,238,2500,2013-03-31
TORBAY,12,28,13,631,326,5,20,0,59,1020,187,2301,2013-03-31
TORFAEN,22,12,13,349,168,5,12,0,79,595,118,1373,2013-03-31
TORRIDGE,32,16,26,346,151,0,16,0,108,563,95,1353,2013-03-31
TOWER HAMLETS,4,224,14,1236,632,25,356,0,226,5826,1067,9610,2013-03-31
TRAFFORD,61,40,13,1091,585,10,65,0,156,1887,415,4323,2013-03-31
TUNBRIDGE WELLS,10,38,17,576,279,14,28,0,151,1325,314,2752,2013-03-31
UTTLESFORD,20,14,59,572,158,8,88,0,127,697,200,1943,2013-03-31
VALE OF WHITE HORSE,13,32,37,575,273,23,58,0,123,1152,221,2507,2013-03-31
WAKEFIELD,26,97,72,1320,587,11,102,0,211,2372,384,5182,2013-03-31
WALSALL,27,33,61,940,498,16,94,1,168,1894,276,4008,2013-03-31
WALTHAM FOREST,15,117,21,1014,492,11,89,0,97,2223,357,4436,2013-03-31
WANDSWORTH,3,222,16,2058,1024,11,161,0,197,4532,1024,9248,2013-03-31
WARRINGTON,29,55,32,1002,451,12,101,0,150,1678,291,3801,2013-03-31
WARWICK,17,28,18,769,340,2,39,0,311,1220,204,2948,2013-03-31
WATFORD,6,80,21,489,222,6,69,0,50,991,138,2072,2013-03-31
WAVENEY,39,11,24,516,253,5,36,0,91,792,150,1917,2013-03-31
WAVERLEY,7,23,24,660,304,3,54,1,141,1327,265,2809,2013-03-31
WEALDEN,22,22,73,864,375,12,104,0,199,1485,357,3513,2013-03-31
WELLINGBOROUGH,17,10,27,327,128,3,16,1,52,492,94,1167,2013-03-31
WELWYN HATFIELD,26,14,23,448,180,1,17,0,97,819,195,1820,2013-03-31
WEST BERKSHIRE,7,35,32,755,383,9,64,0,153,1474,353,3265,2013-03-31
WEST DEVON,25,10,13,375,120,1,19,0,94,459,95,1211,2013-03-31
WEST DORSET,41,33,34,469,280,2,45,3,141,887,191,2126,2013-03-31
WEST LANCASHIRE,40,18,22,482,187,2,41,0,97,778,111,1778,2013-03-31
WEST LINDSEY,49,21,34,462,179,9,39,1,114,599,111,1618,2013-03-31
WEST OXFORDSHIRE,20,17,26,515,247,3,44,0,123,968,218,2181,2013-03-31
WEST SOMERSET,10,0,9,195,78,0,13,0,60,328,46,739,2013-03-31
WEYMOUTH AND PORTLAND,11,24,4,357,166,4,25,0,48,518,75,1232,2013-03-31
WIGAN,90,50,46,1366,662,10,73,0,315,2301,387,5300,2013-03-31
WILTSHIRE,131,88,121,1968,977,18,277,0,550,3268,782,8180,2013-03-31
WINCHESTER,53,24,26,525,299,17,74,2,186,1060,261,2527,2013-03-31
WINDSOR AND MAIDENHEAD,5,138,38,798,358,12,68,0,149,1824,286,3676,2013-03-31
WIRRAL,45,44,33,1265,635,12,54,1,169,2118,307,4683,2013-03-31
WOKING,3,38,12,546,271,1,50,0,72,990,226,2209,2013-03-31
WOKINGHAM,6,25,28,788,372,10,53,2,114,1514,296,3208,2013-03-31
WOLVERHAMPTON,52,34,53,795,371,10,73,0,185,1398,256,3227,2013-03-31
WORCESTER,11,25,14,472,245,1,39,0,76,727,148,1758,2013-03-31
WREKIN,30,29,36,698,341,7,99,0,154,1208,274,2876,2013-03-31
WORTHING,7,34,8,559,255,2,14,0,53,991,173,2096,2013-03-31
WREXHAM,44,22,23,428,242,6,52,0,127,894,115,1953,2013-03-31
WYCHAVON,56,23,29,566,260,2,52,0,193,1052,208,2441,2013-03-31
WYCOMBE,83,43,28,786,390,5,75,0,145,1462,322,3339,2013-03-31
WYRE,56,20,21,413,240,10,26,0,127,767,142,1822,2013-03-31
WYRE FOREST,42,14,16,365,163,5,45,0,110,648,146,1554,2013-03-31
YORK,63,37,29,811,432,18,60,0,167,1236,264,3117,2013-03-31
ALL COUNTIES,0,0,0,0,0,0,0,0,0,5,28,33,2013-02-28
ADUR,11,7,8,287,117,1,10,1,49,458,85,1034,2013-02-28
ALLERDALE,256,9,32,385,177,5,43,0,143,760,122,1932,2013-02-28
AMBER VALLEY,55,23,22,558,241,4,22,0,123,854,147,2049,2013-02-28
ARUN,22,36,42,828,341,3,28,2,96,1505,277,3180,2013-02-28
ASHFIELD,22,27,44,493,214,12,32,0,78,744,141,1807,2013-02-28
ASHFORD,7,13,27,674,261,4,29,0,160,1284,260,2719,2013-02-28
AYLESBURY VALE,46,43,68,858,343,5,85,0,204,1801,358,3811,2013-02-28
BABERGH,70,7,37,416,139,5,26,0,126,620,101,1547,2013-02-28
BARKING AND DAGENHAM,2,71,7,620,272,10,62,0,74,1631,250,2999,2013-02-28
BARNET,74,166,27,1792,795,12,202,0,186,4099,693,8046,2013-02-28
BARNSLEY,70,153,70,957,370,13,64,0,189,1618,295,3799,2013-02-28
BARROW-IN-FURNESS,14,10,11,334,145,6,11,0,51,495,67,1144,2013-02-28
BASILDON,12,44,47,736,300,8,88,0,101,1362,376,3074,2013-02-28
BASINGSTOKE AND DEANE,27,27,31,763,326,4,42,1,165,1314,305,3005,2013-02-28
BASSETLAW,34,23,15,468,198,4,25,0,132,837,126,1862,2013-02-28
BATH AND NORTH EAST SOMERSET,61,51,43,1070,345,4,68,1,213,1728,321,3905,2013-02-28
BEDFORD,14,21,42,842,304,9,81,0,109,1332,215,2969,2013-02-28
BEXLEY,7,55,8,1045,487,10,73,0,82,1762,355,3884,2013-02-28
BIRMINGHAM,106,232,98,4208,1605,53,271,0,688,8216,1140,16617,2013-02-28
BLABY,18,6,20,455,168,7,22,0,57,604,103,1460,2013-02-28
BLACKBURN WITH DARWEN,11,121,14,535,225,3,8,0,131,1164,173,2385,2013-02-28
BLACKPOOL,22,18,7,644,279,8,7,0,125,1229,170,2509,2013-02-28
BLAENAU GWENT,17,5,3,271,111,7,15,0,52,461,82,1024,2013-02-28
BOLSOVER,40,19,20,347,119,2,8,0,59,515,110,1239,2013-02-28
BOLTON,36,56,28,1235,447,4,57,1,220,2413,347,4844,2013-02-28
BOSTON,38,5,15,288,121,1,14,0,91,591,86,1250,2013-02-28
BOURNEMOUTH,26,116,20,1041,386,20,65,0,87,1814,310,3885,2013-02-28
BRACKNELL FOREST,2,9,44,624,234,2,33,0,91,1020,264,2323,2013-02-28
BRADFORD,57,71,86,1890,837,29,110,0,318,3394,505,7297,2013-02-28
BRAINTREE,39,6,24,698,296,1,16,0,202,1211,256,2749,2013-02-28
BRECKLAND,49,32,53,720,256,3,59,0,223,1019,204,2618,2013-02-28
BRENT,2,137,11,1086,522,10,122,0,105,3005,455,5455,2013-02-28
BRENTWOOD,14,14,16,373,179,4,45,0,74,673,132,1524,2013-02-28
BRIDGEND,26,17,29,666,277,4,29,0,175,1078,164,2465,2013-02-28
BRIGHTON AND HOVE,17,159,2,1701,695,14,99,0,122,2699,549,6057,2013-02-28
BROADLAND,49,7,18,602,226,7,23,0,135,830,154,2051,2013-02-28
BROMLEY,15,83,114,1606,700,16,58,0,149,3099,559,6399,2013-02-28
BROMSGROVE,27,11,17,523,152,3,20,0,96,715,129,1693,2013-02-28
BROXBOURNE,16,16,22,483,195,2,40,0,89,894,156,1913,2013-02-28
BROXTOWE,18,18,10,479,207,3,33,0,60,609,99,1536,2013-02-28
BURNLEY,14,15,11,464,184,7,11,0,71,1202,154,2133,2013-02-28
BURY,20,43,13,921,362,7,44,0,166,1593,223,3392,2013-02-28
CAERPHILLY,38,27,22,683,326,11,40,0,165,1086,147,2545,2013-02-28
CALDERDALE,52,31,34,1058,377,11,29,0,185,1428,233,3438,2013-02-28
CAMBRIDGE,15,47,19,503,215,0,84,0,145,880,206,2114,2013-02-28
CAMDEN,3,242,9,1427,524,22,139,2,248,4523,827,7966,2013-02-28
CANNOCK CHASE,11,16,30,384,208,2,36,0,59,693,122,1561,2013-02-28
CANTERBURY,12,26,43,762,323,6,70,0,140,1373,279,3034,2013-02-28
CARADON,0,0,0,0,0,0,0,0,1,0,0,1,2013-02-28
CARDIFF,34,74,34,1513,669,15,61,1,271,3009,504,6185,2013-02-28
CARLISLE,71,6,24,473,227,6,22,0,156,819,140,1944,2013-02-28
CARMARTHENSHIRE,82,18,70,775,300,9,72,0,336,1349,184,3195,2013-02-28
CASTLE MORPETH,0,0,0,0,0,0,0,0,1,0,0,1,2013-02-28
CASTLE POINT,34,7,5,387,175,2,19,0,133,559,90,1411,2013-02-28
CENTRAL BEDFORDSHIRE,34,37,127,1321,529,9,108,2,206,2063,464,4900,2013-02-28
CEREDIGION,72,7,12,338,158,0,15,0,99,501,85,1287,2013-02-28
CHARNWOOD,34,22,53,773,321,3,66,0,126,1116,226,2740,2013-02-28
CHELMSFORD,40,27,12,818,348,1,27,0,169,1505,287,3234,2013-02-28
CHELTENHAM,22,32,22,674,253,5,40,1,89,933,162,2233,2013-02-28
CHERWELL,46,30,35,759,294,10,53,0,186,1337,301,3051,2013-02-28
CHESHIRE EAST,123,79,55,1891,846,10,84,0,434,3261,604,7387,2013-02-28
CHESHIRE WEST AND CHESTER,105,147,63,1706,656,9,112,0,352,2675,508,6333,2013-02-28
CHESTER,0,0,0,0,0,0,0,0,2,0,0,2,2013-02-28
CHESTER-LE-STREET,0,0,0,0,0,0,0,0,1,0,0,1,2013-02-28
CHESTERFIELD,21,28,16,467,165,2,22,0,55,663,144,1583,2013-02-28
CHICHESTER,42,35,41,603,236,0,43,3,200,1290,274,2767,2013-02-28
CHILTERN,62,26,40,429,182,7,38,0,92,898,149,1923,2013-02-28
CHORLEY,22,40,23,509,213,2,52,0,106,732,128,1827,2013-02-28
CHRISTCHURCH,8,11,9,262,96,0,12,0,35,410,64,907,2013-02-28
CITY OF BRISTOL,69,126,45,2041,895,17,200,0,257,3813,753,8216,2013-02-28
CITY OF DERBY,21,45,37,972,409,9,68,0,93,1684,320,3658,2013-02-28
CITY OF KINGSTON UPON HULL,24,80,72,939,461,8,66,0,139,1664,310,3763,2013-02-28
CITY OF LONDON,2,59,0,371,77,6,51,0,116,1879,241,2802,2013-02-28
CITY OF NOTTINGHAM,13,61,35,1263,495,21,219,0,144,2250,435,4936,2013-02-28
CITY OF PETERBOROUGH,26,47,54,806,290,9,71,0,95,1830,279,3507,2013-02-28
CITY OF PLYMOUTH,48,32,40,1252,466,12,91,0,136,1936,331,4344,2013-02-28
CITY OF WESTMINSTER,9,334,31,2385,927,36,353,1,483,10367,2006,16932,2013-02-28
COLCHESTER,34,43,77,803,335,7,82,0,190,1621,292,3484,2013-02-28
CONGLETON,0,0,0,0,0,0,0,0,1,0,0,1,2013-02-28
CONWY,65,31,21,594,192,11,50,0,162,922,154,2202,2013-02-28
COPELAND,115,6,11,313,159,2,22,0,65,474,67,1234,2013-02-28
CORBY,6,11,29,248,92,2,36,0,42,587,105,1158,2013-02-28
CORNWALL,274,120,243,2955,1212,26,283,1,943,4795,899,11751,2013-02-28
COTSWOLD,32,23,79,457,181,2,53,0,141,907,189,2064,2013-02-28
COUNTY DURHAM,209,65,174,2244,892,29,118,0,449,3826,648,8654,2013-02-28
COVENTRY,36,57,48,1242,502,7,63,0,149,2111,264,4479,2013-02-28
CRAVEN,32,12,18,289,135,0,14,0,87,413,69,1069,2013-02-28
CRAWLEY,2,27,11,453,199,8,32,0,60,1473,203,2468,2013-02-28
CROYDON,12,93,21,1653,663,11,85,0,156,3255,615,6564,2013-02-28
DACORUM,30,40,23,676,365,4,47,0,116,1214,249,2764,2013-02-28
DARLINGTON,18,15,12,453,204,7,17,0,74,704,125,1629,2013-02-28
DARTFORD,6,53,20,489,185,3,62,0,90,856,165,1929,2013-02-28
DAVENTRY,29,5,11,337,168,3,30,0,97,767,110,1557,2013-02-28
DENBIGHSHIRE,36,5,12,414,182,4,24,0,138,775,129,1719,2013-02-28
DERBYSHIRE DALES,31,9,17,381,164,2,25,0,141,706,104,1580,2013-02-28
DONCASTER,38,95,49,1213,493,18,43,0,201,2113,415,4678,2013-02-28
DOVER,9,20,15,554,218,3,23,1,78,964,220,2105,2013-02-28
DUDLEY,36,26,52,1285,473,5,71,0,200,2054,353,4555,2013-02-28
EALING,3,199,11,1593,670,30,109,0,193,3589,629,7026,2013-02-28
EAST CAMBRIDGESHIRE,50,13,44,441,156,2,26,0,102,660,100,1594,2013-02-28
EAST DEVON,25,41,63,804,275,3,77,0,206,1262,219,2975,2013-02-28
EAST DORSET,19,21,11,464,194,6,16,0,88,689,108,1616,2013-02-28
EAST HAMPSHIRE,39,21,26,582,229,9,36,1,159,1103,226,2431,2013-02-28
EAST HERTFORDSHIRE,13,37,41,656,316,3,70,0,172,1277,283,2868,2013-02-28
EAST LINDSEY,67,9,30,604,266,3,32,0,205,1202,162,2580,2013-02-28
EAST NORTHAMPTONSHIRE,13,12,32,414,160,2,40,0,74,731,147,1625,2013-02-28
EAST RIDING OF YORKSHIRE,129,37,65,1568,653,22,87,0,393,2567,414,5935,2013-02-28
EAST STAFFORDSHIRE,35,17,26,545,189,12,38,1,116,781,128,1888,2013-02-28
EASTBOURNE,1,36,6,512,229,4,27,0,49,1120,244,2228,2013-02-28
EASTLEIGH,24,26,30,637,275,15,31,0,110,1130,236,2514,2013-02-28
EDEN,18,11,19,243,125,2,33,0,111,439,69,1070,2013-02-28
ELLESMERE PORT AND NESTON,0,0,0,0,0,0,0,0,1,0,0,1,2013-02-28
ELMBRIDGE,4,44,33,860,379,2,42,0,172,1535,305,3376,2013-02-28
ENFIELD,9,96,17,1425,594,6,42,0,148,3234,569,6140,2013-02-28
EPPING FOREST,24,31,23,662,286,7,44,0,141,1261,220,2699,2013-02-28
EPSOM AND EWELL,1,32,5,373,167,2,53,0,53,737,109,1532,2013-02-28
EREWASH,22,10,19,519,215,14,28,0,91,942,145,2005,2013-02-28
EXETER,20,31,15,594,232,7,38,0,94,924,170,2125,2013-02-28
FAREHAM,28,15,15,659,239,14,23,0,88,943,150,2174,2013-02-28
FENLAND,44,10,18,449,180,6,21,0,103,799,124,1754,2013-02-28
FLINTSHIRE,56,31,45,620,243,0,30,0,165,1128,170,2488,2013-02-28
FOREST HEATH,33,17,31,307,114,3,42,0,82,501,126,1256,2013-02-28
FOREST OF DEAN,21,19,37,361,165,3,41,2,105,542,107,1403,2013-02-28
FYLDE,114,8,8,374,149,1,22,0,85,731,124,1616,2013-02-28
GATESHEAD,36,55,40,972,380,12,51,0,186,1653,233,3618,2013-02-28
GEDLING,22,28,10,495,219,1,25,0,74,766,136,1776,2013-02-28
GLOUCESTER,47,53,41,577,236,5,53,0,163,932,242,2349,2013-02-28
GOSPORT,17,16,9,415,193,4,35,3,45,584,115,1436,2013-02-28
GRAVESHAM,4,7,22,415,192,3,47,0,55,860,137,1742,2013-02-28
GREAT YARMOUTH,28,6,17,437,175,2,13,0,83,661,98,1520,2013-02-28
GREENWICH,6,111,82,1275,446,8,121,0,123,2492,564,5228,2013-02-28
GUILDFORD,18,30,27,668,267,1,50,0,173,1574,267,3075,2013-02-28
GWYNEDD,91,23,30,575,280,3,19,0,222,928,123,2294,2013-02-28
HACKNEY,0,178,6,1054,465,24,192,1,142,2742,520,5324,2013-02-28
HALTON,12,26,23,551,236,7,42,0,115,943,165,2120,2013-02-28
HAMBLETON,126,13,22,488,177,2,30,0,95,651,100,1704,2013-02-28
HAMMERSMITH AND FULHAM,5,155,9,1559,538,6,76,2,154,3193,497,6194,2013-02-28
HARBOROUGH,18,19,31,429,175,3,48,0,115,677,133,1648,2013-02-28
HARINGEY,4,153,11,1320,480,1,81,0,118,3375,493,6036,2013-02-28
HARLOW,5,14,27,305,137,0,32,0,49,524,155,1248,2013-02-28
HARROGATE,114,23,27,834,285,3,21,0,172,1348,197,3024,2013-02-28
HARROW,7,118,13,978,430,6,65,0,119,1885,318,3939,2013-02-28
HART,12,8,30,458,183,2,21,0,73,612,158,1557,2013-02-28
HARTLEPOOL,6,7,31,377,136,1,16,0,45,522,99,1240,2013-02-28
HASTINGS,7,14,10,499,225,4,21,1,67,907,155,1910,2013-02-28
HAVANT,32,16,27,550,217,3,34,0,65,764,156,1864,2013-02-28
HAVERING,32,46,42,1139,428,7,38,0,148,1955,322,4157,2013-02-28
HEREFORDSHIRE,64,23,32,895,322,3,63,0,262,1422,282,3368,2013-02-28
HERTSMERE,9,40,16,507,202,1,29,1,66,944,214,2029,2013-02-28
HIGH PEAK,43,20,31,455,162,6,27,0,118,764,125,1751,2013-02-28
HILLINGDON,5,117,35,1191,498,6,137,0,185,3114,463,5751,2013-02-28
HINCKLEY AND BOSWORTH,24,13,18,519,218,3,29,0,95,802,130,1851,2013-02-28
HORSHAM,53,21,34,653,262,5,70,0,196,1300,269,2863,2013-02-28
HOUNSLOW,2,83,10,1131,511,5,58,0,131,2563,418,4912,2013-02-28
HUNTINGDONSHIRE,45,32,49,896,408,9,69,1,119,1269,261,3158,2013-02-28
HYNDBURN,20,4,4,323,146,12,8,0,104,1072,131,1824,2013-02-28
IPSWICH,22,22,23,594,239,4,28,0,82,967,153,2134,2013-02-28
ISLE OF ANGLESEY,69,13,14,403,187,1,21,0,123,621,104,1556,2013-02-28
ISLE OF WIGHT,52,32,53,833,325,6,62,0,196,1288,267,3114,2013-02-28
ISLES OF SCILLY,1,1,0,18,2,0,1,0,7,7,1,38,2013-02-28
ISLINGTON,5,196,6,1073,477,18,137,0,118,3069,488,5587,2013-02-28
KENSINGTON AND CHELSEA,26,160,13,1523,614,14,94,0,252,5747,1100,9543,2013-02-28
KETTERING,19,14,32,453,193,2,31,0,74,790,170,1778,2013-02-28
KING'S LYNN AND WEST NORFOLK,77,19,67,702,296,8,72,0,224,1211,193,2869,2013-02-28
KINGSTON UPON THAMES,2,66,12,824,368,2,65,1,94,1660,290,3384,2013-02-28
KIRKLEES,55,56,128,1863,750,19,102,0,308,3300,536,7117,2013-02-28
KNOWSLEY,16,47,26,534,198,6,33,0,84,1069,159,2172,2013-02-28
LAMBETH,10,210,7,1704,684,22,119,0,256,5268,761,9041,2013-02-28
LANCASTER,41,26,21,543,190,7,36,0,160,962,170,2156,2013-02-28
LEEDS,115,275,147,3167,1286,28,212,0,636,5791,1006,12663,2013-02-28
LEICESTER,16,64,31,1297,407,31,50,0,138,2068,292,4394,2013-02-28
LEWES,14,24,28,540,226,3,18,0,90,890,154,1987,2013-02-28
LEWISHAM,2,176,22,1379,535,12,127,0,98,2813,590,5754,2013-02-28
LICHFIELD,22,20,24,514,205,0,27,2,108,1044,151,2117,2013-02-28
LINCOLN,16,38,18,435,192,5,27,0,111,713,87,1642,2013-02-28
LIVERPOOL,63,140,77,2493,706,38,158,0,323,4138,735,8871,2013-02-28
LUTON,13,34,5,768,327,7,27,0,78,1338,224,2821,2013-02-28
MAIDSTONE,4,31,41,767,306,3,49,1,162,1455,335,3154,2013-02-28
MALDON,19,9,13,304,130,1,13,0,88,440,104,1121,2013-02-28
MALVERN HILLS,31,16,19,383,135,1,34,0,106,600,116,1441,2013-02-28
MANCHESTER,26,103,53,1899,887,23,239,0,441,5345,966,9982,2013-02-28
MANSFIELD,16,18,15,473,188,7,24,3,83,701,125,1653,2013-02-28
MEDWAY,13,41,49,1135,502,3,51,3,123,2117,437,4474,2013-02-28
MELTON,13,11,16,203,102,1,21,0,54,426,59,906,2013-02-28
MENDIP,41,16,50,586,227,4,27,0,141,922,192,2206,2013-02-28
MERTHYR TYDFIL,13,6,20,258,98,3,27,0,72,373,64,934,2013-02-28
MERTON,1,95,8,995,430,9,73,0,97,2128,354,4190,2013-02-28
MID DEVON,27,18,33,402,166,2,37,0,106,633,117,1541,2013-02-28
MID SUFFOLK,53,17,50,516,202,13,66,0,149,760,157,1983,2013-02-28
MID SUSSEX,11,44,61,682,320,7,50,1,133,1321,287,2917,2013-02-28
MIDDLESBROUGH,15,10,26,522,218,9,24,0,69,722,135,1750,2013-02-28
MILTON KEYNES,30,82,103,1205,482,15,136,1,136,2191,509,4890,2013-02-28
MOLE VALLEY,4,23,26,454,192,0,32,1,92,984,164,1972,2013-02-28
MONMOUTHSHIRE,37,19,39,442,199,5,24,0,149,728,118,1760,2013-02-28
NEATH PORT TALBOT,41,14,24,517,200,5,25,0,140,941,134,2041,2013-02-28
NEW FOREST,43,33,31,906,437,14,30,0,131,1546,263,3434,2013-02-28
NEWARK AND SHERWOOD,69,33,30,583,293,5,33,0,165,966,189,2366,2013-02-28
NEWCASTLE UPON TYNE,44,60,56,1114,449,14,51,0,123,2033,325,4269,2013-02-28
NEWCASTLE-UNDER-LYME,24,23,26,501,186,7,25,0,83,751,111,1737,2013-02-28
NEWHAM,4,190,8,1125,380,4,144,0,185,2789,421,5250,2013-02-28
NEWPORT,21,80,31,629,279,6,50,0,181,1212,160,2649,2013-02-28
NORTH CORNWALL,0,0,0,1,0,0,0,0,2,2,0,5,2013-02-28
NORTH DEVON,31,15,29,475,210,8,33,0,173,812,137,1923,2013-02-28
NORTH DORSET,26,8,30,303,106,1,19,0,128,541,135,1297,2013-02-28
NORTH EAST DERBYSHIRE,49,22,23,389,170,1,21,0,102,615,103,1495,2013-02-28
NORTH EAST LINCOLNSHIRE,26,34,32,687,330,18,38,0,96,1178,165,2604,2013-02-28
NORTH HERTFORDSHIRE,36,16,18,629,260,2,41,2,106,963,234,2307,2013-02-28
NORTH KESTEVEN,36,26,38,528,219,2,43,1,141,796,164,1994,2013-02-28
NORTH LINCOLNSHIRE,57,44,44,712,303,7,51,0,128,1211,187,2744,2013-02-28
NORTH NORFOLK,63,28,21,521,215,5,36,0,185,928,186,2188,2013-02-28
NORTH SOMERSET,61,68,42,1092,442,8,45,0,179,1570,320,3827,2013-02-28
NORTH TYNESIDE,47,67,46,940,366,2,47,0,101,1354,218,3188,2013-02-28
NORTH WARWICKSHIRE,13,9,18,313,122,4,15,0,65,677,73,1309,2013-02-28
NORTH WEST LEICESTERSHIRE,23,16,34,487,173,4,63,0,79,727,158,1764,2013-02-28
NORTHAMPTON,150,35,40,932,458,19,61,0,161,1774,351,3981,2013-02-28
NORTHUMBERLAND,81,58,92,1423,546,17,103,0,291,2358,445,5414,2013-02-28
NORWICH,11,31,7,608,280,6,39,0,83,976,171,2212,2013-02-28
NUNEATON AND BEDWORTH,13,21,23,522,241,4,31,0,78,677,136,1746,2013-02-28
OADBY AND WIGSTON,12,14,3,236,79,2,4,0,33,331,47,761,2013-02-28
OLDHAM,37,27,26,952,387,11,54,0,197,1736,304,3731,2013-02-28
OXFORD,8,24,12,521,234,4,27,0,129,1131,179,2269,2013-02-28
PEMBROKESHIRE,86,9,46,491,205,2,40,0,194,958,157,2188,2013-02-28
PENDLE,24,6,6,341,160,4,12,0,109,941,85,1688,2013-02-28
PENWITH,0,0,0,0,0,0,0,0,0,1,0,1,2013-02-28
POOLE,9,55,27,839,353,4,45,0,83,1408,281,3104,2013-02-28
PORTSMOUTH,52,29,17,887,364,11,36,0,87,1766,294,3543,2013-02-28
POWYS,185,13,56,603,232,5,44,0,297,1140,188,2763,2013-02-28
PRESTON,12,43,11,520,237,5,15,0,92,984,128,2047,2013-02-28
PURBECK,18,10,19,226,116,0,28,1,67,333,48,866,2013-02-28
READING,16,36,26,854,306,4,65,0,92,1532,272,3203,2013-02-28
REDBRIDGE,24,60,6,1119,455,9,26,0,116,2268,358,4441,2013-02-28
REDCAR AND CLEVELAND,20,9,29,556,222,4,24,0,85,878,170,1997,2013-02-28
REDDITCH,11,10,13,446,155,2,11,2,83,594,113,1440,2013-02-28
REIGATE AND BANSTEAD,6,44,41,755,374,5,67,0,147,1476,312,3227,2013-02-28
RHONDDA CYNON TAFF,78,11,40,1022,413,26,47,0,243,1718,197,3795,2013-02-28
RIBBLE VALLEY,19,4,14,303,121,0,18,0,102,494,77,1152,2013-02-28
RICHMOND UPON THAMES,2,120,9,1187,527,5,83,0,131,2156,368,4588,2013-02-28
RICHMONDSHIRE,29,4,20,207,92,4,9,0,67,368,61,861,2013-02-28
ROCHDALE,23,49,24,923,399,7,47,0,145,1608,269,3494,2013-02-28
ROCHFORD,37,5,6,404,192,8,26,0,96,616,119,1509,2013-02-28
ROSSENDALE,13,8,22,313,144,5,18,0,98,664,127,1412,2013-02-28
ROTHER,13,16,29,552,249,6,42,0,127,1049,170,2253,2013-02-28
ROTHERHAM,31,89,82,1072,464,6,88,0,162,1795,300,4089,2013-02-28
RUGBY,18,16,34,441,212,8,46,1,83,861,180,1900,2013-02-28
RUNNYMEDE,6,18,32,451,159,1,23,0,59,784,132,1665,2013-02-28
RUSHCLIFFE,15,16,26,528,227,3,35,0,75,819,157,1901,2013-02-28
RUSHMOOR,15,33,12,389,164,5,42,0,57,625,160,1502,2013-02-28
RUTLAND,13,4,16,175,76,0,13,0,48,268,60,673,2013-02-28
RYEDALE,68,4,33,265,102,3,13,1,107,469,72,1137,2013-02-28
SALFORD,31,92,27,974,422,12,83,0,172,2183,569,4565,2013-02-28
SANDWELL,18,44,70,1121,462,4,72,0,196,2244,308,4539,2013-02-28
SCARBOROUGH,49,8,21,607,221,4,32,0,119,798,124,1983,2013-02-28
SEDGEMOOR,47,20,53,589,211,2,49,0,157,893,145,2166,2013-02-28
SEFTON,50,59,24,1333,465,11,40,1,168,1983,335,4469,2013-02-28
SELBY,55,9,34,449,141,6,76,0,118,625,131,1644,2013-02-28
SEVENOAKS,5,36,22,620,237,1,48,0,146,1200,292,2607,2013-02-28
SHEFFIELD,94,105,71,2275,973,19,114,0,376,3891,627,8545,2013-02-28
SHEPWAY,8,21,19,575,241,10,22,0,110,1063,193,2262,2013-02-28
SHROPSHIRE,161,46,116,1292,585,9,119,1,388,2432,468,5617,2013-02-28
SLOUGH,18,20,25,591,216,4,34,0,78,1211,255,2452,2013-02-28
SOLIHULL,15,35,44,1087,381,6,52,0,115,1721,246,3702,2013-02-28
SOUTH BUCKS,37,33,8,339,137,2,29,0,72,784,137,1578,2013-02-28
SOUTH CAMBRIDGESHIRE,58,154,84,671,317,4,95,0,151,1145,247,2926,2013-02-28
SOUTH DERBYSHIRE,19,8,41,434,185,11,39,0,65,674,127,1603,2013-02-28
SOUTH GLOUCESTERSHIRE,48,61,71,1288,500,5,144,0,216,1902,412,4647,2013-02-28
SOUTH HAMS,26,32,39,592,311,5,54,0,146,1077,202,2484,2013-02-28
SOUTH HOLLAND,47,7,29,331,172,4,28,1,107,745,131,1602,2013-02-28
SOUTH KESTEVEN,49,26,37,631,241,8,49,0,163,1034,199,2437,2013-02-28
SOUTH LAKELAND,71,18,42,543,233,4,38,0,169,981,187,2286,2013-02-28
SOUTH NORFOLK,47,17,53,660,249,2,63,0,163,995,209,2458,2013-02-28
SOUTH NORTHAMPTONSHIRE,31,32,37,425,156,2,37,0,250,708,165,1843,2013-02-28
SOUTH OXFORDSHIRE,23,19,69,774,385,3,51,0,185,1189,289,2987,2013-02-28
SOUTH RIBBLE,21,19,4,520,192,3,24,0,86,769,120,1758,2013-02-28
SOUTH SOMERSET,64,28,71,840,344,2,53,0,179,1162,224,2967,2013-02-28
SOUTH STAFFORDSHIRE,33,8,23,374,157,0,31,0,107,637,127,1497,2013-02-28
SOUTH TYNESIDE,11,34,45,566,219,7,30,0,74,1026,183,2195,2013-02-28
SOUTHAMPTON,34,60,32,965,381,13,74,0,129,1762,332,3782,2013-02-28
SOUTHEND-ON-SEA,18,56,20,875,404,3,47,0,91,1904,287,3705,2013-02-28
SOUTHWARK,2,159,18,1521,621,11,155,0,221,4097,695,7500,2013-02-28
SPELTHORNE,0,44,11,482,200,15,37,0,44,880,169,1882,2013-02-28
ST ALBANS,20,30,18,773,353,1,53,1,120,1276,247,2892,2013-02-28
ST EDMUNDSBURY,85,7,30,495,228,2,30,0,120,725,163,1885,2013-02-28
ST HELENS,26,48,24,769,290,8,50,0,152,1297,166,2830,2013-02-28
STAFFORD,36,17,32,565,269,4,33,1,136,910,148,2151,2013-02-28
STAFFORDSHIRE MOORLANDS,67,11,19,402,159,2,19,0,131,615,89,1514,2013-02-28
STEVENAGE,3,12,13,313,133,1,17,0,37,449,117,1095,2013-02-28
STOCKPORT,53,47,16,1217,506,4,40,0,216,2190,375,4664,2013-02-28
STOCKTON-ON-TEES,33,26,56,786,270,18,52,0,115,1218,239,2813,2013-02-28
STOKE-ON-TRENT,20,39,28,1041,525,20,57,0,174,1671,326,3901,2013-02-28
STRATFORD-ON-AVON,62,14,39,656,269,7,50,0,173,1268,223,2761,2013-02-28
STROUD,48,13,39,561,219,2,54,0,151,880,190,2157,2013-02-28
SUFFOLK COASTAL,42,16,35,578,229,6,47,0,210,978,180,2321,2013-02-28
SUNDERLAND,29,77,58,971,373,17,50,0,145,1766,303,3789,2013-02-28
SURREY HEATH,3,13,9,450,184,2,15,0,74,837,161,1748,2013-02-28
SUTTON,7,58,11,936,390,3,36,0,65,1521,328,3355,2013-02-28
SWALE,10,19,48,685,318,5,37,0,102,1013,207,2444,2013-02-28
SWANSEA,43,45,42,1097,506,10,64,0,490,1610,201,4108,2013-02-28
SWINDON,39,66,50,1086,406,8,99,0,101,1450,400,3705,2013-02-28
TAMESIDE,29,45,34,883,352,11,49,0,138,1663,290,3494,2013-02-28
TAMWORTH,8,9,13,328,125,3,39,0,41,540,100,1206,2013-02-28
TANDRIDGE,8,18,37,448,164,4,35,0,97,843,177,1831,2013-02-28
TAUNTON DEANE,116,19,45,591,276,3,54,0,120,944,170,2338,2013-02-28
TEIGNBRIDGE,29,41,63,677,256,5,70,0,152,1184,209,2686,2013-02-28
TENDRING,64,17,24,643,257,3,29,0,205,982,201,2425,2013-02-28
TEST VALLEY,38,53,47,556,237,11,67,1,120,901,162,2193,2013-02-28
TEWKESBURY,24,16,52,447,177,2,44,0,101,686,183,1732,2013-02-28
THANET,2,38,16,707,289,12,28,0,69,1201,215,2577,2013-02-28
THE VALE OF GLAMORGAN,20,29,18,608,245,3,29,0,143,1023,163,2281,2013-02-28
THREE RIVERS,6,12,25,379,165,17,36,1,56,834,144,1675,2013-02-28
THURROCK,19,48,21,731,268,4,66,0,141,1601,243,3142,2013-02-28
TONBRIDGE AND MALLING,5,16,34,611,278,3,80,0,104,1168,286,2585,2013-02-28
TORBAY,17,49,17,665,291,3,34,0,78,1125,186,2465,2013-02-28
TORFAEN,19,6,16,307,153,4,14,0,60,542,103,1224,2013-02-28
TORRIDGE,38,10,30,359,162,3,35,0,123,690,102,1552,2013-02-28
TOWER HAMLETS,5,140,146,1300,527,17,218,0,241,5883,890,9367,2013-02-28
TRAFFORD,37,21,11,1098,485,24,44,1,155,2034,349,4259,2013-02-28
TUNBRIDGE WELLS,3,25,22,585,268,2,40,0,122,1247,259,2573,2013-02-28
UTTLESFORD,20,26,56,377,177,311,62,0,176,790,168,2163,2013-02-28
VALE OF WHITE HORSE,15,32,30,612,227,15,65,0,112,1033,217,2358,2013-02-28
WAKEFIELD,60,109,48,1390,552,13,108,0,233,2337,664,5514,2013-02-28
WALSALL,26,40,45,1003,410,7,51,0,162,1783,462,3989,2013-02-28
WALTHAM FOREST,17,86,21,1058,467,7,86,0,142,2338,300,4522,2013-02-28
WANDSWORTH,1,232,34,2159,918,10,151,1,184,4779,992,9461,2013-02-28
WARRINGTON,32,65,14,963,400,9,74,0,169,1804,261,3791,2013-02-28
WARWICK,20,19,10,757,347,3,45,0,680,1328,210,3419,2013-02-28
WATFORD,15,49,21,469,197,6,45,1,75,918,163,1959,2013-02-28
WAVENEY,29,5,12,530,210,1,22,0,91,777,117,1794,2013-02-28
WAVERLEY,7,29,24,688,297,4,61,0,152,1372,248,2882,2013-02-28
WEALDEN,37,36,95,848,358,3,67,4,208,1503,295,3454,2013-02-28
WELLINGBOROUGH,13,22,21,328,120,1,17,2,58,558,80,1220,2013-02-28
WELWYN HATFIELD,20,13,22,393,204,4,26,0,95,860,181,1818,2013-02-28
WEST BERKSHIRE,12,47,28,802,296,7,43,1,151,1589,332,3308,2013-02-28
WEST DEVON,22,7,26,291,116,5,17,0,73,443,120,1120,2013-02-28
WEST DORSET,45,24,30,470,184,4,35,0,153,749,169,1863,2013-02-28
WEST LANCASHIRE,28,19,16,477,193,4,24,0,139,797,112,1809,2013-02-28
WEST LINDSEY,82,10,25,409,181,7,23,0,117,583,104,1541,2013-02-28
WEST OXFORDSHIRE,32,23,54,519,252,4,57,1,153,896,204,2195,2013-02-28
WEST SOMERSET,14,8,17,196,63,4,11,0,81,318,43,755,2013-02-28
WEYMOUTH AND PORTLAND,23,29,16,318,125,3,23,0,50,550,84,1221,2013-02-28
WIGAN,70,49,32,1349,530,16,49,0,300,2335,398,5128,2013-02-28
WILTSHIRE,131,63,166,2224,877,21,201,0,518,3419,803,8423,2013-02-28
WINCHESTER,49,23,43,544,239,18,50,1,165,1173,224,2529,2013-02-28
WINDSOR AND MAIDENHEAD,21,51,24,800,327,9,48,0,140,1614,280,3314,2013-02-28
WIRRAL,54,66,37,1747,530,10,45,1,125,2072,315,5002,2013-02-28
WOKING,3,44,5,547,219,4,24,0,74,899,196,2015,2013-02-28
WOKINGHAM,3,35,26,917,330,6,39,0,119,1338,258,3071,2013-02-28
WOLVERHAMPTON,52,50,47,832,297,12,43,0,165,1470,227,3195,2013-02-28
WORCESTER,18,17,15,607,203,5,26,0,100,745,156,1892,2013-02-28
WREKIN,37,20,54,769,239,4,73,3,149,1234,299,2881,2013-02-28
WORTHING,10,42,5,574,259,2,16,0,59,978,172,2117,2013-02-28
WREXHAM,49,16,12,542,192,4,41,0,92,786,142,1876,2013-02-28
WYCHAVON,58,17,41,639,228,3,59,0,151,876,174,2246,2013-02-28
WYCOMBE,78,38,40,824,314,4,42,0,129,1366,297,3132,2013-02-28
WYRE,43,12,15,399,157,3,15,0,116,742,106,1608,2013-02-28
WYRE FOREST,44,14,13,397,127,7,27,0,99,647,97,1472,2013-02-28
YORK,58,74,29,914,367,6,41,1,138,1379,280,3287,2013-02-28
ALL COUNTIES,1,0,0,0,0,0,0,0,0,7,34,42,2013-01-31
ADUR,17,9,21,343,140,35,19,0,42,437,71,1134,2013-01-31
ALLERDALE,57,8,29,499,174,1,44,0,143,657,82,1694,2013-01-31
AMBER VALLEY,61,19,51,621,280,3,29,0,127,968,135,2294,2013-01-31
ARUN,25,110,28,943,405,7,34,3,99,1469,267,3390,2013-01-31
ASHFIELD,23,30,77,609,219,5,39,4,91,753,142,1992,2013-01-31
ASHFORD,16,42,50,715,314,4,30,0,146,1217,249,2783,2013-01-31
AYLESBURY VALE,62,62,95,943,347,6,116,0,189,1506,291,3617,2013-01-31
BABERGH,69,13,47,505,187,2,29,0,111,599,92,1654,2013-01-31
BARKING AND DAGENHAM,24,25,9,626,264,10,58,0,60,1630,215,2921,2013-01-31
BARNET,58,238,29,2005,918,10,181,14,171,3793,594,8011,2013-01-31
BARNSLEY,59,231,67,1412,515,9,92,0,212,1554,259,4410,2013-01-31
BARROW-IN-FURNESS,14,13,4,325,160,2,26,0,44,412,55,1055,2013-01-31
BASILDON,12,30,43,847,373,1,121,0,119,1633,566,3745,2013-01-31
BASINGSTOKE AND DEANE,41,61,45,880,339,2,41,0,149,1148,258,2964,2013-01-31
BASSETLAW,39,28,39,619,224,1,27,0,131,907,151,2166,2013-01-31
BATH AND NORTH EAST SOMERSET,94,81,31,963,426,3,73,0,208,1751,307,3937,2013-01-31
BEDFORD,20,45,54,809,397,3,80,0,152,1283,219,3062,2013-01-31
BEXLEY,13,81,11,1204,500,9,73,0,86,1820,396,4193,2013-01-31
BIRMINGHAM,126,216,158,4644,1852,47,220,3,698,8319,1296,17579,2013-01-31
BLABY,23,9,61,466,197,4,48,1,70,604,116,1599,2013-01-31
BLACKBURN WITH DARWEN,24,44,21,690,245,13,21,0,134,1068,141,2401,2013-01-31
BLACKPOOL,32,8,5,711,325,8,14,0,135,1287,186,2711,2013-01-31
BLAENAU GWENT,27,5,7,256,106,3,4,0,65,487,74,1034,2013-01-31
BOLSOVER,16,20,33,385,161,2,14,2,79,549,112,1373,2013-01-31
BOLTON,23,85,30,1352,551,6,38,0,225,2399,393,5102,2013-01-31
BOSTON,34,8,19,327,140,2,18,0,87,445,70,1150,2013-01-31
BOURNEMOUTH,40,131,21,1078,516,6,78,0,92,1839,353,4154,2013-01-31
BRACKNELL FOREST,5,12,41,719,289,3,36,0,76,899,200,2280,2013-01-31
BRADFORD,80,195,89,2389,834,21,107,0,334,3510,527,8086,2013-01-31
BRAINTREE,49,20,57,819,340,5,30,0,185,1071,238,2814,2013-01-31
BRECKLAND,77,14,37,770,297,3,37,0,182,847,195,2459,2013-01-31
BRENT,1,119,8,1282,592,6,144,0,116,2933,441,5642,2013-01-31
BRENTWOOD,19,37,24,461,206,5,46,0,80,741,149,1768,2013-01-31
BRIDGEND,40,35,46,724,255,1,36,0,146,1071,147,2501,2013-01-31
BRIGHTON AND HOVE,22,210,22,1886,814,10,64,0,137,2827,557,6549,2013-01-31
BROADLAND,61,10,28,707,288,4,36,0,96,720,124,2074,2013-01-31
BROMLEY,10,95,41,1893,788,9,104,1,135,2689,569,6334,2013-01-31
BROMSGROVE,24,17,14,550,207,1,23,0,86,702,148,1772,2013-01-31
BROXBOURNE,9,21,40,521,228,62,29,0,70,684,131,1795,2013-01-31
BROXTOWE,23,19,24,518,238,3,18,1,36,665,135,1680,2013-01-31
BURNLEY,16,10,9,449,187,4,21,0,90,1196,157,2139,2013-01-31
BURY,24,23,26,946,362,6,28,0,164,1614,264,3457,2013-01-31
CAERPHILLY,39,16,29,784,314,8,47,0,105,1180,181,2703,2013-01-31
CALDERDALE,49,32,55,1518,401,10,44,0,176,1609,261,4155,2013-01-31
CAMBRIDGE,18,41,43,598,238,4,81,0,126,842,146,2137,2013-01-31
CAMDEN,6,260,12,1528,611,11,146,1,192,4313,869,7949,2013-01-31
CANNOCK CHASE,19,16,27,457,183,4,30,0,54,720,164,1674,2013-01-31
CANTERBURY,13,52,24,823,378,1,56,0,122,1407,308,3184,2013-01-31
CARDIFF,43,108,33,1797,687,27,66,0,223,3000,416,6400,2013-01-31
CARLISLE,73,6,27,551,255,4,27,0,167,851,126,2087,2013-01-31
CARMARTHENSHIRE,111,19,108,1042,364,7,60,0,291,1342,181,3525,2013-01-31
CARRICK,0,0,0,0,0,0,0,0,2,0,0,2,2013-01-31
CASTLE POINT,41,12,6,395,174,2,10,0,79,562,98,1379,2013-01-31
CENTRAL BEDFORDSHIRE,55,43,106,1408,587,8,139,0,229,2098,474,5147,2013-01-31
CEREDIGION,63,7,27,347,123,3,20,0,124,490,85,1289,2013-01-31
CHARNWOOD,39,31,73,810,404,7,74,0,141,997,206,2782,2013-01-31
CHELMSFORD,36,80,26,903,400,5,45,1,216,1401,274,3387,2013-01-31
CHELTENHAM,30,23,13,672,328,5,36,1,107,891,211,2317,2013-01-31
CHERWELL,71,21,43,769,360,7,39,0,221,1306,253,3090,2013-01-31
CHESHIRE EAST,102,73,89,2118,835,39,110,0,455,3252,592,7665,2013-01-31
CHESHIRE WEST AND CHESTER,142,99,73,1849,683,15,114,0,352,2572,445,6344,2013-01-31
CHESTER,0,0,0,0,0,0,0,0,5,0,0,5,2013-01-31
CHESTERFIELD,17,34,15,472,233,3,15,0,91,683,115,1678,2013-01-31
CHICHESTER,47,48,55,713,283,1,60,2,238,1389,198,3034,2013-01-31
CHILTERN,76,37,37,565,202,12,37,0,105,755,137,1963,2013-01-31
CHORLEY,26,50,43,589,312,3,59,0,150,818,139,2189,2013-01-31
CHRISTCHURCH,12,10,9,283,110,3,13,1,34,401,87,963,2013-01-31
CITY OF BRISTOL,81,167,41,2396,1017,16,170,0,278,3403,701,8270,2013-01-31
CITY OF DERBY,28,45,31,1217,529,6,65,0,135,1632,352,4040,2013-01-31
CITY OF KINGSTON UPON HULL,27,69,65,1150,435,20,126,0,141,1546,251,3830,2013-01-31
CITY OF LONDON,4,55,11,385,115,8,49,0,140,1717,287,2771,2013-01-31
CITY OF NOTTINGHAM,30,90,35,1227,534,24,72,0,253,2407,383,5055,2013-01-31
CITY OF PETERBOROUGH,25,49,91,866,387,15,181,0,106,1512,310,3542,2013-01-31
CITY OF PLYMOUTH,31,52,46,1337,574,17,69,0,138,1764,375,4403,2013-01-31
CITY OF WESTMINSTER,10,369,19,2967,1104,100,362,1,480,10468,2081,17961,2013-01-31
COLCHESTER,46,54,84,930,394,4,89,0,189,1442,324,3556,2013-01-31
CONGLETON,0,0,0,0,0,0,0,0,2,0,0,2,2013-01-31
CONWY,73,23,22,517,243,5,38,0,169,979,147,2216,2013-01-31
COPELAND,274,10,23,437,143,1,26,0,80,478,76,1548,2013-01-31
CORBY,15,19,35,306,104,2,51,0,54,522,106,1214,2013-01-31
CORNWALL,303,158,278,3201,1308,29,269,0,1032,5037,904,12519,2013-01-31
COTSWOLD,39,26,44,558,270,1,54,0,133,895,231,2251,2013-01-31
COUNTY DURHAM,259,48,152,2339,997,25,153,0,378,3566,664,8581,2013-01-31
COVENTRY,45,62,61,1205,713,14,89,0,198,2030,315,4732,2013-01-31
CRAVEN,29,3,14,334,126,0,12,0,106,480,90,1194,2013-01-31
CRAWLEY,8,19,18,484,211,3,31,0,46,750,171,1741,2013-01-31
CROYDON,10,124,34,1954,742,16,114,1,160,3139,633,6927,2013-01-31
DACORUM,19,35,22,791,388,3,51,0,90,1097,250,2746,2013-01-31
DARLINGTON,6,13,22,512,205,7,17,0,44,715,113,1654,2013-01-31
DARTFORD,7,38,36,565,253,8,91,0,85,949,242,2274,2013-01-31
DAVENTRY,37,7,21,392,152,2,29,1,77,744,110,1572,2013-01-31
DENBIGHSHIRE,53,15,22,451,145,35,17,1,180,896,135,1950,2013-01-31
DERBYSHIRE DALES,57,17,26,414,165,7,24,0,154,558,97,1519,2013-01-31
DONCASTER,112,71,75,1397,580,14,67,0,217,1951,355,4839,2013-01-31
DOVER,9,13,24,662,296,10,27,0,99,917,135,2192,2013-01-31
DUDLEY,41,50,57,1365,519,6,79,2,216,2107,474,4916,2013-01-31
EALING,7,259,17,1701,648,18,147,0,164,3186,519,6666,2013-01-31
EAST CAMBRIDGESHIRE,63,15,59,484,177,2,36,0,87,517,101,1541,2013-01-31
EAST DEVON,35,20,56,819,348,5,92,0,190,1210,214,2989,2013-01-31
EAST DORSET,15,19,12,455,191,3,15,0,89,611,133,1543,2013-01-31
EAST HAMPSHIRE,43,21,40,621,253,8,34,0,158,808,174,2160,2013-01-31
EAST HERTFORDSHIRE,30,37,43,800,317,9,76,0,114,1187,233,2846,2013-01-31
EAST LINDSEY,86,15,31,735,279,8,40,1,196,1114,122,2627,2013-01-31
EAST NORTHAMPTONSHIRE,36,12,32,426,196,4,48,10,55,632,114,1565,2013-01-31
EAST RIDING OF YORKSHIRE,142,37,106,1873,728,19,99,0,350,2752,400,6506,2013-01-31
EAST STAFFORDSHIRE,37,19,31,532,304,4,34,1,130,750,152,1994,2013-01-31
EASTBOURNE,0,40,2,609,276,6,22,0,30,1022,237,2244,2013-01-31
EASTLEIGH,29,27,40,704,259,4,35,0,176,1155,291,2720,2013-01-31
EDEN,72,10,17,359,97,2,24,0,106,545,53,1285,2013-01-31
ELMBRIDGE,4,20,42,979,451,9,39,0,163,1583,331,3621,2013-01-31
ENFIELD,13,107,22,1605,660,11,69,0,111,3141,451,6190,2013-01-31
EPPING FOREST,20,39,19,699,314,2,53,0,136,1286,193,2761,2013-01-31
EPSOM AND EWELL,2,25,9,514,191,4,30,0,51,538,127,1491,2013-01-31
EREWASH,18,19,34,647,240,7,24,0,73,825,118,2005,2013-01-31
EXETER,11,66,15,688,287,9,41,0,128,911,209,2365,2013-01-31
FAREHAM,33,17,46,658,274,17,31,0,97,893,210,2276,2013-01-31
FENLAND,54,14,49,599,220,5,32,0,108,766,124,1971,2013-01-31
FLINTSHIRE,66,15,59,694,262,15,39,0,162,970,165,2447,2013-01-31
FOREST HEATH,32,21,57,363,167,3,29,0,66,439,121,1298,2013-01-31
FOREST OF DEAN,40,9,28,469,167,3,37,0,95,635,106,1589,2013-01-31
FYLDE,11,17,4,453,178,4,14,5,80,735,104,1605,2013-01-31
GATESHEAD,54,85,63,967,376,6,78,0,144,1500,219,3492,2013-01-31
GEDLING,53,18,36,591,242,3,17,0,95,765,137,1957,2013-01-31
GLOUCESTER,43,27,46,656,280,5,60,0,123,921,180,2341,2013-01-31
GOSPORT,21,26,12,441,173,1,42,0,40,581,120,1457,2013-01-31
GRAVESHAM,3,14,16,463,182,4,22,0,40,726,170,1640,2013-01-31
GREAT YARMOUTH,29,6,18,524,212,2,14,0,92,675,109,1681,2013-01-31
GREENWICH,2,80,29,1260,546,10,125,0,102,2386,508,5048,2013-01-31
GUILDFORD,8,24,30,926,373,4,40,0,134,1502,274,3315,2013-01-31
GWYNEDD,113,9,51,614,275,4,39,0,203,1081,153,2542,2013-01-31
HACKNEY,3,193,23,1352,548,22,118,1,142,3010,660,6072,2013-01-31
HALTON,23,35,21,576,215,8,41,0,85,922,185,2111,2013-01-31
HAMBLETON,102,40,32,445,163,1,27,0,117,733,124,1784,2013-01-31
HAMMERSMITH AND FULHAM,2,185,6,1350,625,9,113,0,151,3304,545,6290,2013-01-31
HARBOROUGH,25,18,49,519,234,4,38,0,116,621,139,1763,2013-01-31
HARINGEY,5,157,9,1392,584,10,127,0,108,2696,490,5578,2013-01-31
HARLOW,2,18,17,358,163,2,23,0,39,490,133,1245,2013-01-31
HARROGATE,156,20,33,970,358,4,38,0,206,1133,190,3108,2013-01-31
HARROW,3,150,15,1173,486,5,89,0,117,2037,365,4440,2013-01-31
HART,22,13,45,502,214,1,25,0,95,653,162,1732,2013-01-31
HARTLEPOOL,3,6,36,400,159,4,25,0,35,588,86,1342,2013-01-31
HASTINGS,1,22,8,528,247,1,38,0,55,882,162,1944,2013-01-31
HAVANT,27,54,16,603,241,2,42,1,44,726,139,1895,2013-01-31
HAVERING,27,75,50,1244,509,16,57,0,137,2011,384,4510,2013-01-31
HEREFORDSHIRE,117,26,78,1105,327,4,43,0,230,1334,313,3577,2013-01-31
HERTSMERE,9,59,13,585,267,3,47,0,64,906,176,2129,2013-01-31
HIGH PEAK,45,63,30,513,202,3,19,1,121,793,100,1890,2013-01-31
HILLINGDON,3,107,48,1390,570,16,151,1,159,2107,407,4959,2013-01-31
HINCKLEY AND BOSWORTH,30,22,49,563,296,3,25,0,122,749,105,1964,2013-01-31
HORSHAM,34,56,66,767,339,91,61,0,176,1223,267,3080,2013-01-31
HOUNSLOW,10,86,13,1181,566,6,84,0,124,2412,476,4958,2013-01-31
HUNTINGDONSHIRE,52,40,83,932,402,2,74,0,141,1201,273,3200,2013-01-31
HYNDBURN,46,5,2,494,191,9,13,0,91,1008,139,1998,2013-01-31
IPSWICH,22,22,22,612,284,4,30,0,72,983,170,2221,2013-01-31
ISLE OF ANGLESEY,74,8,23,374,135,0,17,0,109,514,78,1332,2013-01-31
ISLE OF WIGHT,93,39,29,790,374,3,70,0,193,1292,493,3376,2013-01-31
ISLES OF SCILLY,0,1,1,11,2,0,1,0,2,20,4,42,2013-01-31
ISLINGTON,4,358,8,1258,539,13,101,0,130,3207,558,6176,2013-01-31
KENSINGTON AND CHELSEA,29,180,6,1490,720,11,88,0,226,5167,981,8898,2013-01-31
KETTERING,25,24,32,482,196,4,27,1,76,757,146,1770,2013-01-31
KING'S LYNN AND WEST NORFOLK,78,18,48,760,349,5,89,1,220,1096,194,2858,2013-01-31
KINGSTON UPON THAMES,2,80,4,1029,402,7,68,0,84,1564,264,3504,2013-01-31
KIRKLEES,64,46,109,2137,852,28,105,0,315,3340,462,7458,2013-01-31
KNOWSLEY,21,41,23,575,243,4,33,0,93,1217,155,2405,2013-01-31
LAMBETH,4,217,11,1949,844,17,137,0,207,4670,743,8799,2013-01-31
LANCASTER,82,24,23,654,264,5,32,1,135,962,164,2346,2013-01-31
LEEDS,109,261,116,3548,1562,39,406,0,685,5847,923,13496,2013-01-31
LEICESTER,19,100,60,1118,562,10,69,0,167,1918,305,4328,2013-01-31
LEWES,11,24,33,564,246,1,21,1,87,824,163,1975,2013-01-31
LEWISHAM,4,181,23,1456,672,13,150,0,99,2737,578,5913,2013-01-31
LICHFIELD,15,20,47,487,241,2,32,1,115,835,174,1969,2013-01-31
LINCOLN,14,24,40,542,210,4,27,0,127,544,107,1639,2013-01-31
LIVERPOOL,82,168,74,2391,950,32,258,0,274,3935,760,8924,2013-01-31
LUTON,16,31,13,823,370,9,32,0,79,1369,220,2962,2013-01-31
MAIDSTONE,7,28,50,897,360,1,83,1,139,1448,325,3339,2013-01-31
MALDON,27,7,26,347,133,7,9,0,82,556,102,1296,2013-01-31
MALVERN HILLS,37,18,29,421,154,2,29,0,102,516,220,1528,2013-01-31
MANCHESTER,58,171,111,2037,1004,28,236,0,376,4857,956,9834,2013-01-31
MANSFIELD,22,42,32,473,195,2,30,0,66,617,111,1590,2013-01-31
MEDWAY,20,42,41,1287,560,15,72,0,116,2092,442,4687,2013-01-31
MELTON,17,9,8,303,132,3,21,1,72,376,74,1016,2013-01-31
MENDIP,47,18,42,657,264,7,54,0,143,868,199,2299,2013-01-31
MERTHYR TYDFIL,25,6,18,258,102,4,20,0,74,464,68,1039,2013-01-31
MERTON,5,86,24,1262,528,8,90,0,108,2002,413,4526,2013-01-31
MID DEVON,30,16,46,436,176,6,43,0,121,699,133,1706,2013-01-31
MID SUFFOLK,51,9,51,487,196,77,69,0,149,651,147,1887,2013-01-31
MID SUSSEX,14,35,56,809,314,32,61,0,155,1225,293,2994,2013-01-31
MIDDLESBROUGH,19,15,28,539,248,6,23,0,71,857,163,1969,2013-01-31
MILTON KEYNES,22,77,154,1227,847,110,179,2,162,2543,470,5793,2013-01-31
MOLE VALLEY,4,19,23,537,204,1,32,0,82,813,193,1908,2013-01-31
MONMOUTHSHIRE,27,15,40,497,214,2,42,0,122,781,154,1894,2013-01-31
NEATH PORT TALBOT,40,24,31,738,227,5,27,0,143,1009,154,2398,2013-01-31
NEW FOREST,42,44,39,1100,443,11,36,0,164,1433,287,3599,2013-01-31
NEWARK AND SHERWOOD,182,48,54,647,235,3,32,0,150,920,181,2452,2013-01-31
NEWCASTLE UPON TYNE,40,80,75,1344,489,17,62,0,152,1882,324,4465,2013-01-31
NEWCASTLE-UNDER-LYME,28,19,51,574,230,3,33,0,107,703,132,1880,2013-01-31
NEWHAM,13,160,17,1006,508,18,136,0,128,2644,484,5114,2013-01-31
NEWPORT,28,35,33,707,299,7,65,0,111,1242,226,2753,2013-01-31
NORTH CORNWALL,0,0,0,0,0,0,0,0,1,0,0,1,2013-01-31
NORTH DEVON,60,18,34,565,219,10,30,0,146,823,116,2021,2013-01-31
NORTH DORSET,22,20,32,388,130,6,23,0,78,556,419,1674,2013-01-31
NORTH EAST DERBYSHIRE,30,18,22,412,177,2,17,0,103,664,125,1570,2013-01-31
NORTH EAST LINCOLNSHIRE,44,27,32,849,307,14,36,0,100,1187,177,2773,2013-01-31
NORTH HERTFORDSHIRE,38,55,26,685,274,5,39,2,126,941,209,2400,2013-01-31
NORTH KESTEVEN,47,15,66,616,233,2,42,1,100,787,172,2081,2013-01-31
NORTH LINCOLNSHIRE,48,57,43,775,304,18,42,0,124,1097,163,2671,2013-01-31
NORTH NORFOLK,54,31,35,677,241,2,60,0,167,805,174,2246,2013-01-31
NORTH SOMERSET,55,94,52,1144,522,6,76,1,164,1632,313,4059,2013-01-31
NORTH TYNESIDE,33,78,44,1070,419,6,35,0,77,1343,258,3363,2013-01-31
NORTH WARWICKSHIRE,19,10,17,341,143,2,6,1,70,504,86,1199,2013-01-31
NORTH WEST LEICESTERSHIRE,30,16,40,512,213,7,37,0,99,740,144,1838,2013-01-31
NORTHAMPTON,125,56,55,1017,446,15,78,0,157,1693,344,3986,2013-01-31
NORTHUMBERLAND,71,76,115,1558,585,18,101,0,299,2421,477,5721,2013-01-31
NORWICH,7,30,26,656,307,10,47,0,87,1015,194,2379,2013-01-31
NUNEATON AND BEDWORTH,15,36,20,567,289,5,19,0,62,748,160,1921,2013-01-31
OADBY AND WIGSTON,15,15,4,240,120,2,7,0,33,264,47,747,2013-01-31
OLDHAM,30,45,37,1026,537,11,49,0,204,1945,321,4205,2013-01-31
OSWESTRY,0,0,0,0,0,0,0,0,1,0,0,1,2013-01-31
OXFORD,16,31,15,652,271,2,27,1,140,1430,273,2858,2013-01-31
PEMBROKESHIRE,87,9,48,624,224,1,21,0,213,870,166,2263,2013-01-31
PENDLE,24,6,20,372,167,3,10,0,82,640,89,1413,2013-01-31
POOLE,19,55,17,946,396,5,57,0,78,1365,286,3224,2013-01-31
PORTSMOUTH,38,72,11,1062,438,11,39,3,110,1874,309,3967,2013-01-31
POWYS,130,17,71,745,245,3,33,0,265,1051,158,2718,2013-01-31
PRESTON,16,20,11,649,272,3,23,0,124,1076,151,2345,2013-01-31
PURBECK,24,17,18,245,84,3,33,1,84,401,72,982,2013-01-31
READING,14,55,10,880,448,9,70,1,112,1553,254,3406,2013-01-31
REDBRIDGE,29,77,17,1250,548,7,35,0,105,2103,419,4590,2013-01-31
REDCAR AND CLEVELAND,15,13,34,621,240,1,26,0,69,784,121,1924,2013-01-31
REDDITCH,13,12,7,493,211,7,14,1,55,561,131,1505,2013-01-31
REIGATE AND BANSTEAD,7,62,42,836,350,6,61,0,126,1429,289,3208,2013-01-31
RHONDDA CYNON TAFF,82,11,64,1138,509,11,40,0,240,1676,235,4006,2013-01-31
RIBBLE VALLEY,30,3,10,334,132,2,18,0,108,544,82,1263,2013-01-31
RICHMOND UPON THAMES,21,103,23,1433,591,5,55,0,104,2145,392,4872,2013-01-31
RICHMONDSHIRE,25,4,29,209,94,2,14,0,70,353,65,865,2013-01-31
ROCHDALE,24,71,45,938,401,9,55,0,161,1711,230,3645,2013-01-31
ROCHFORD,33,4,18,401,205,7,26,0,89,642,104,1529,2013-01-31
ROSSENDALE,21,8,14,398,162,4,14,0,132,659,213,1625,2013-01-31
ROTHER,6,21,19,613,272,5,37,0,132,966,161,2232,2013-01-31
ROTHERHAM,22,75,60,1209,513,2,69,0,172,1666,297,4085,2013-01-31
RUGBY,11,32,38,493,224,9,73,0,99,872,157,2008,2013-01-31
RUNNYMEDE,1,26,15,555,216,1,22,0,59,900,137,1932,2013-01-31
RUSHCLIFFE,20,24,31,625,237,1,26,0,109,722,154,1949,2013-01-31
RUSHMOOR,20,24,18,522,194,15,52,0,47,710,161,1763,2013-01-31
RUTLAND,25,4,16,186,85,1,17,0,78,247,58,717,2013-01-31
RYEDALE,21,12,32,293,129,1,27,0,69,397,58,1039,2013-01-31
SALFORD,24,85,28,1129,480,18,67,0,164,2474,598,5067,2013-01-31
SANDWELL,27,49,77,1153,512,7,108,1,190,2284,359,4767,2013-01-31
SCARBOROUGH,46,20,17,584,283,9,24,1,161,893,150,2188,2013-01-31
SEDGEMOOR,77,17,47,544,240,4,79,0,136,907,198,2249,2013-01-31
SEFTON,51,59,39,1271,611,10,80,0,184,1862,288,4455,2013-01-31
SELBY,101,17,46,576,160,3,35,0,143,695,113,1889,2013-01-31
SEVENOAKS,12,36,20,663,270,3,53,0,114,1068,239,2478,2013-01-31
SHEFFIELD,105,90,62,4113,1115,21,124,0,448,3640,662,10380,2013-01-31
SHEPWAY,7,22,17,615,287,12,25,0,97,891,193,2166,2013-01-31
SHROPSHIRE,134,37,105,1501,582,5,113,1,474,2285,472,5709,2013-01-31
SLOUGH,13,39,28,677,280,4,36,0,69,1280,268,2694,2013-01-31
SOLIHULL,33,69,34,1155,444,4,64,0,130,1603,266,3802,2013-01-31
SOUTH BUCKS,36,30,9,391,174,3,50,0,100,827,134,1754,2013-01-31
SOUTH CAMBRIDGESHIRE,48,118,79,799,313,1,99,0,155,1131,290,3033,2013-01-31
SOUTH DERBYSHIRE,26,13,59,489,180,4,47,0,89,812,131,1850,2013-01-31
SOUTH GLOUCESTERSHIRE,50,53,88,1344,538,11,101,0,206,1944,373,4708,2013-01-31
SOUTH HAMS,26,41,43,640,226,5,39,0,161,1047,231,2459,2013-01-31
SOUTH HOLLAND,39,10,31,507,179,7,21,0,147,726,111,1778,2013-01-31
SOUTH KESTEVEN,60,29,60,746,279,8,61,2,161,924,169,2499,2013-01-31
SOUTH LAKELAND,82,19,40,625,259,8,67,0,152,1029,168,2449,2013-01-31
SOUTH NORFOLK,61,30,111,690,290,3,54,0,127,854,143,2363,2013-01-31
SOUTH NORTHAMPTONSHIRE,47,12,25,452,200,2,38,1,401,734,133,2045,2013-01-31
SOUTH OXFORDSHIRE,29,47,61,801,352,2,44,0,144,1129,205,2814,2013-01-31
SOUTH RIBBLE,33,18,10,537,296,5,18,0,94,723,103,1837,2013-01-31
SOUTH SOMERSET,93,27,69,888,334,10,85,0,207,1075,239,3027,2013-01-31
SOUTH STAFFORDSHIRE,49,21,23,471,202,7,38,0,91,694,113,1709,2013-01-31
SOUTH TYNESIDE,16,27,27,629,277,8,30,0,72,987,186,2259,2013-01-31
SOUTHAMPTON,69,72,27,1030,420,8,69,0,148,1849,338,4030,2013-01-31
SOUTHEND-ON-SEA,15,82,19,1001,441,16,43,2,92,1722,274,3707,2013-01-31
SOUTHWARK,8,169,17,1714,700,6,166,3,189,4808,679,8459,2013-01-31
SPELTHORNE,1,25,5,568,223,4,21,0,53,851,170,1921,2013-01-31
ST ALBANS,20,40,23,873,412,11,47,0,102,1301,240,3069,2013-01-31
ST EDMUNDSBURY,83,20,26,559,234,2,18,0,135,806,173,2056,2013-01-31
ST HELENS,37,34,34,873,352,5,43,0,119,1245,241,2983,2013-01-31
ST MARY'S,0,0,0,0,1,0,0,0,0,1,0,2,2013-01-31
STAFFORD,54,15,38,579,242,7,25,3,142,821,132,2058,2013-01-31
STAFFORDSHIRE MOORLANDS,59,6,30,479,182,3,22,0,136,637,154,1708,2013-01-31
STEVENAGE,1,14,7,375,154,1,29,0,50,456,112,1199,2013-01-31
STOCKPORT,51,67,24,1433,560,11,51,1,250,2317,402,5167,2013-01-31
STOCKTON-ON-TEES,51,18,78,1011,370,9,56,0,106,1394,232,3325,2013-01-31
STOKE-ON-TRENT,29,63,40,1158,452,12,31,0,141,1695,278,3899,2013-01-31
STRATFORD-ON-AVON,60,19,49,756,278,6,37,0,162,1059,261,2687,2013-01-31
STROUD,48,9,50,645,277,2,48,0,153,813,199,2244,2013-01-31
SUFFOLK COASTAL,61,42,63,734,274,69,31,0,183,980,179,2616,2013-01-31
SUNDERLAND,25,42,68,1188,432,16,64,0,139,1655,291,3920,2013-01-31
SURREY HEATH,4,15,19,492,210,4,19,0,65,687,162,1677,2013-01-31
SUTTON,8,59,9,1113,441,6,64,0,62,1735,602,4099,2013-01-31
SWALE,8,33,43,739,287,1,30,0,135,1384,270,2930,2013-01-31
SWANSEA,53,61,72,1380,414,8,48,0,252,1484,254,4026,2013-01-31
SWINDON,44,58,52,1100,469,11,83,0,143,1365,341,3666,2013-01-31
TAMESIDE,29,42,30,928,374,8,39,2,153,1588,284,3477,2013-01-31
TAMWORTH,8,12,13,403,165,3,32,0,36,547,89,1308,2013-01-31
TANDRIDGE,4,22,405,510,204,1,45,0,77,828,153,2249,2013-01-31
TAUNTON DEANE,40,17,58,643,272,9,67,0,104,778,170,2158,2013-01-31
TEIGNBRIDGE,30,43,67,799,326,3,108,0,170,1114,222,2882,2013-01-31
TENDRING,61,16,29,670,338,7,28,0,260,1076,216,2701,2013-01-31
TEST VALLEY,41,83,71,671,249,14,67,0,147,888,163,2394,2013-01-31
TEWKESBURY,32,16,44,484,205,6,67,0,98,664,156,1772,2013-01-31
THANET,4,32,13,732,358,8,30,0,66,1222,258,2723,2013-01-31
THE VALE OF GLAMORGAN,30,36,32,707,295,9,40,0,109,965,182,2405,2013-01-31
THREE RIVERS,12,14,21,419,174,5,35,1,58,739,124,1602,2013-01-31
THURROCK,16,43,29,734,289,11,61,0,142,1549,317,3191,2013-01-31
TONBRIDGE AND MALLING,8,22,43,764,318,5,48,0,100,921,226,2455,2013-01-31
TORBAY,21,24,28,777,281,4,49,0,88,997,209,2478,2013-01-31
TORFAEN,26,6,39,402,143,6,8,31,52,560,107,1380,2013-01-31
TORRIDGE,31,15,37,382,142,10,32,0,97,583,112,1441,2013-01-31
TOWER HAMLETS,11,271,35,1541,621,9,335,1,172,4681,1022,8699,2013-01-31
TRAFFORD,61,62,31,1227,588,16,42,0,196,2075,359,4657,2013-01-31
TUNBRIDGE WELLS,2,31,22,734,323,10,38,0,136,1248,238,2782,2013-01-31
UTTLESFORD,24,24,60,480,199,69,55,0,130,834,180,2055,2013-01-31
VALE OF WHITE HORSE,19,40,63,633,265,5,71,0,134,1022,221,2473,2013-01-31
VALE ROYAL,0,0,0,0,0,0,0,0,1,1,0,2,2013-01-31
WAKEFIELD,54,80,90,1495,556,21,80,0,249,2096,324,5045,2013-01-31
WALSALL,31,44,49,1083,410,9,54,0,161,1620,258,3719,2013-01-31
WALTHAM FOREST,34,110,26,1132,513,9,113,0,108,2268,380,4693,2013-01-31
WANDSWORTH,5,255,17,2574,1050,12,153,0,166,4212,817,9261,2013-01-31
WARRINGTON,36,78,31,1084,435,6,58,0,137,1718,272,3855,2013-01-31
WARWICK,16,26,15,824,361,7,27,1,260,1209,201,2947,2013-01-31
WATFORD,6,72,11,497,244,2,65,0,62,953,139,2051,2013-01-31
WAVENEY,43,22,22,599,244,3,24,0,105,756,121,1939,2013-01-31
WAVERLEY,4,39,27,783,333,1,32,0,204,1279,214,2916,2013-01-31
WEALDEN,58,46,63,1016,405,5,84,0,190,1451,304,3622,2013-01-31
WELLINGBOROUGH,31,7,17,385,172,2,26,0,60,533,103,1336,2013-01-31
WELWYN HATFIELD,15,27,21,488,197,4,35,0,89,745,172,1793,2013-01-31
WEST BERKSHIRE,19,33,40,926,380,5,56,0,139,1308,267,3173,2013-01-31
WEST DEVON,26,8,27,305,117,3,25,0,105,504,91,1211,2013-01-31
WEST DORSET,48,23,36,613,239,2,57,0,127,885,205,2235,2013-01-31
WEST LANCASHIRE,29,23,42,484,228,5,38,1,137,808,129,1924,2013-01-31
WEST LINDSEY,64,25,36,460,261,10,34,0,108,595,107,1700,2013-01-31
WEST OXFORDSHIRE,34,36,46,571,239,5,41,0,138,1033,184,2327,2013-01-31
WEST SOMERSET,18,8,13,220,88,2,13,0,68,288,51,769,2013-01-31
WEYMOUTH AND PORTLAND,14,29,27,390,135,1,27,0,37,431,99,1190,2013-01-31
WIGAN,86,61,48,1592,637,19,52,0,296,2319,432,5542,2013-01-31
WILTSHIRE,209,74,171,2563,1088,11,194,1,552,3417,1249,9529,2013-01-31
WINCHESTER,58,34,38,653,240,6,53,1,176,1006,228,2493,2013-01-31
WINDSOR AND MAIDENHEAD,11,52,25,913,400,14,49,0,152,1522,274,3412,2013-01-31
WIRRAL,34,76,44,1558,683,17,73,0,182,2037,333,5037,2013-01-31
WOKING,3,21,12,566,224,1,28,1,61,894,201,2012,2013-01-31
WOKINGHAM,10,42,20,1039,380,7,46,2,110,1321,251,3228,2013-01-31
WOLVERHAMPTON,53,53,47,1010,385,6,49,0,189,1424,245,3461,2013-01-31
WORCESTER,13,29,21,614,218,4,20,0,108,698,126,1851,2013-01-31
WREKIN,15,32,98,728,327,5,97,0,135,1058,212,2707,2013-01-31
WORTHING,13,48,4,693,291,24,11,0,72,940,217,2313,2013-01-31
WREXHAM,44,17,44,495,207,3,24,0,99,867,109,1909,2013-01-31
WYCHAVON,58,24,78,700,250,5,57,0,196,1030,233,2631,2013-01-31
WYCOMBE,85,25,28,976,416,8,58,0,143,1300,304,3343,2013-01-31
WYRE,48,15,18,496,215,6,14,0,122,850,106,1890,2013-01-31
WYRE FOREST,56,19,21,503,184,10,31,0,95,489,83,1491,2013-01-31
YORK,69,37,26,987,417,9,47,0,171,1279,210,3252,2013-01-31
ALL COUNTIES,1,0,0,0,0,0,0,0,0,12,39,52,2012-12-31
ADUR,19,16,9,362,134,4,21,0,31,230,50,876,2012-12-31
ALLERDALE,49,4,38,385,231,2,62,0,103,550,78,1502,2012-12-31
AMBER VALLEY,44,22,14,589,282,4,29,0,108,634,127,1853,2012-12-31
ARUN,9,48,34,828,336,4,59,0,81,854,154,2407,2012-12-31
ASHFIELD,18,38,29,520,255,8,84,0,59,468,88,1567,2012-12-31
ASHFORD,5,27,24,604,260,2,72,0,127,830,196,2147,2012-12-31
AYLESBURY VALE,84,37,76,846,363,15,183,0,134,866,237,2841,2012-12-31
BABERGH,44,4,27,383,222,9,51,0,68,355,68,1231,2012-12-31
BARKING AND DAGENHAM,9,39,4,540,241,8,65,0,45,1009,138,2098,2012-12-31
BARNET,24,143,28,1667,808,2,133,0,126,2825,501,6257,2012-12-31
BARNSLEY,43,148,47,966,525,12,97,0,124,1073,188,3223,2012-12-31
BARROW-IN-FURNESS,16,14,6,293,144,2,13,0,33,290,38,849,2012-12-31
BASILDON,13,22,24,731,353,8,113,0,82,706,173,2225,2012-12-31
BASINGSTOKE AND DEANE,49,33,36,795,299,6,76,1,119,843,205,2462,2012-12-31
BASSETLAW,36,22,23,404,235,13,51,0,72,533,102,1491,2012-12-31
BATH AND NORTH EAST SOMERSET,100,61,35,944,455,7,78,0,126,1177,244,3227,2012-12-31
BEDFORD,29,25,42,699,328,3,103,0,109,801,139,2278,2012-12-31
BEXLEY,13,53,7,987,401,5,104,0,43,1132,228,2973,2012-12-31
BIRMINGHAM,64,157,127,3523,1704,25,229,2,457,5332,1039,12659,2012-12-31
BLABY,17,12,26,514,171,1,50,0,52,376,59,1278,2012-12-31
BLACKBURN WITH DARWEN,15,120,11,718,297,7,27,0,108,877,121,2301,2012-12-31
BLACKPOOL,36,8,4,549,284,3,5,0,80,738,148,1855,2012-12-31
BLAENAU GWENT,26,3,11,249,118,2,10,0,40,270,60,789,2012-12-31
BOLSOVER,9,18,12,300,152,4,15,0,47,331,76,964,2012-12-31
BOLTON,17,68,37,1105,490,11,74,0,126,1551,290,3769,2012-12-31
BOSTON,28,9,22,289,125,1,18,0,50,303,53,898,2012-12-31
BOURNEMOUTH,32,66,7,901,437,5,88,0,43,1216,205,3000,2012-12-31
BRACKNELL FOREST,4,6,34,653,281,6,76,0,54,564,147,1825,2012-12-31
BRADFORD,60,98,49,1762,767,31,131,0,220,2288,356,5762,2012-12-31
BRAINTREE,41,11,16,692,336,2,37,0,121,865,178,2299,2012-12-31
BRECKLAND,60,9,31,607,328,3,65,0,100,574,107,1884,2012-12-31
BRENT,3,94,9,1171,601,9,100,0,94,2047,327,4455,2012-12-31
BRENTWOOD,6,31,13,430,185,1,51,1,67,479,95,1359,2012-12-31
BRIDGEND,25,25,17,677,267,11,69,0,80,576,107,1854,2012-12-31
BRIGHTON AND HOVE,37,144,11,1679,666,5,52,0,106,2002,498,5200,2012-12-31
BROADLAND,41,11,15,575,259,2,24,0,79,566,105,1677,2012-12-31
BROMLEY,10,99,44,1690,681,6,118,0,84,1863,456,5051,2012-12-31
BROMSGROVE,12,9,14,477,174,2,32,0,69,480,78,1347,2012-12-31
BROXBOURNE,12,17,15,465,213,1,35,0,47,468,117,1390,2012-12-31
BROXTOWE,18,11,11,464,193,1,21,0,46,401,75,1241,2012-12-31
BURNLEY,4,58,3,412,193,2,12,0,63,704,87,1538,2012-12-31
BURY,21,60,22,887,355,6,27,0,95,1027,170,2670,2012-12-31
CAERPHILLY,46,17,31,703,321,10,45,0,100,729,109,2111,2012-12-31
CALDERDALE,27,28,29,993,419,12,59,1,151,1060,145,2924,2012-12-31
CAMBRIDGE,33,43,15,555,203,2,88,0,105,624,129,1797,2012-12-31
CAMDEN,3,176,7,1206,635,13,148,0,151,3007,583,5929,2012-12-31
CANNOCK CHASE,22,31,19,487,184,6,43,0,44,423,79,1338,2012-12-31
CANTERBURY,10,45,22,766,312,3,59,0,85,889,191,2382,2012-12-31
CARDIFF,35,65,26,1453,674,20,87,0,179,2043,303,4885,2012-12-31
CARLISLE,42,4,32,570,225,5,39,0,103,493,97,1610,2012-12-31
CARMARTHENSHIRE,84,11,34,784,390,1,100,0,192,814,150,2560,2012-12-31
CASTLE POINT,50,7,5,375,146,2,6,0,78,373,64,1106,2012-12-31
CENTRAL BEDFORDSHIRE,51,39,81,1210,543,8,211,0,153,1236,265,3797,2012-12-31
CEREDIGION,38,5,18,308,141,0,17,0,80,290,62,959,2012-12-31
CHARNWOOD,38,17,41,705,307,1,100,0,96,804,140,2249,2012-12-31
CHELMSFORD,23,25,12,785,380,3,67,0,130,978,162,2565,2012-12-31
CHELTENHAM,25,23,11,563,255,4,32,4,61,575,129,1682,2012-12-31
CHERWELL,36,29,25,684,312,27,71,0,132,813,168,2297,2012-12-31
CHESHIRE EAST,108,54,61,1787,768,28,97,0,311,2184,360,5758,2012-12-31
CHESHIRE WEST AND CHESTER,89,52,41,1572,648,12,175,0,303,1749,333,4974,2012-12-31
CHESTERFIELD,14,23,12,432,199,10,21,0,38,482,72,1303,2012-12-31
CHICHESTER,59,17,27,598,277,2,75,3,146,963,150,2317,2012-12-31
CHILTERN,52,25,25,451,206,6,59,1,82,499,101,1507,2012-12-31
CHORLEY,22,24,29,533,235,2,87,0,90,504,92,1618,2012-12-31
CHRISTCHURCH,4,7,4,257,133,3,13,0,18,287,55,781,2012-12-31
CITY OF BRISTOL,64,107,50,2177,907,14,239,0,199,2442,542,6741,2012-12-31
CITY OF DERBY,16,42,30,973,524,10,48,1,68,1040,222,2974,2012-12-31
CITY OF KINGSTON UPON HULL,22,76,36,868,641,12,193,0,85,1053,191,3177,2012-12-31
CITY OF LONDON,6,32,59,338,108,9,58,0,107,952,194,1863,2012-12-31
CITY OF NOTTINGHAM,22,70,24,956,452,10,250,1,134,1460,305,3684,2012-12-31
CITY OF PETERBOROUGH,21,21,39,717,333,35,147,0,83,867,180,2443,2012-12-31
CITY OF PLYMOUTH,38,50,37,1179,517,10,88,0,85,1204,225,3433,2012-12-31
CITY OF WESTMINSTER,17,360,13,2154,1262,17,356,0,398,7235,1313,13125,2012-12-31
COLCHESTER,46,34,48,779,341,4,161,0,129,991,226,2759,2012-12-31
CONWY,55,18,10,504,197,5,33,0,99,561,108,1590,2012-12-31
COPELAND,147,4,14,290,162,1,23,0,52,292,61,1046,2012-12-31
CORBY,10,31,21,283,133,2,78,0,37,349,72,1016,2012-12-31
CORNWALL,366,124,253,2737,1233,21,358,0,655,3112,609,9468,2012-12-31
COTSWOLD,68,34,37,472,189,2,59,8,89,550,135,1643,2012-12-31
COUNTY DURHAM,199,28,90,2161,984,24,197,0,288,2387,382,6740,2012-12-31
COVENTRY,44,49,59,1371,446,12,108,1,111,1520,210,3931,2012-12-31
CRAVEN,14,8,13,280,126,0,22,0,45,285,50,843,2012-12-31
CRAWLEY,4,21,4,444,165,2,32,0,32,559,224,1487,2012-12-31
CROYDON,2,78,29,1515,755,22,121,0,155,2290,535,5502,2012-12-31
DACORUM,27,26,22,713,460,5,46,0,78,713,155,2245,2012-12-31
DARLINGTON,12,9,14,506,197,5,23,0,43,618,180,1607,2012-12-31
DARTFORD,7,15,15,526,215,8,94,0,45,595,116,1636,2012-12-31
DAVENTRY,25,5,15,339,149,2,36,1,60,384,83,1099,2012-12-31
DENBIGHSHIRE,36,9,16,396,178,10,23,0,80,423,83,1254,2012-12-31
DERBYSHIRE DALES,44,16,12,371,153,0,31,0,101,427,77,1232,2012-12-31
DONCASTER,50,61,38,1242,583,24,129,1,128,1131,198,3585,2012-12-31
DOVER,7,13,13,568,260,4,25,0,61,652,110,1713,2012-12-31
DUDLEY,52,41,29,1152,556,7,81,1,153,1473,232,3777,2012-12-31
EALING,4,163,22,1333,603,11,150,0,120,2125,383,4914,2012-12-31
EAST CAMBRIDGESHIRE,57,16,14,436,152,7,41,0,72,447,70,1312,2012-12-31
EAST DEVON,44,28,55,844,357,8,99,0,148,706,159,2448,2012-12-31
EAST DORSET,18,9,5,396,179,2,20,0,57,461,79,1226,2012-12-31
EAST HAMPSHIRE,29,11,18,554,283,5,57,3,190,656,120,1926,2012-12-31
EAST HERTFORDSHIRE,18,39,31,731,302,5,82,0,89,869,171,2337,2012-12-31
EAST LINDSEY,73,24,30,569,247,5,41,0,130,644,105,1868,2012-12-31
EAST NORTHAMPTONSHIRE,26,21,29,416,183,3,42,0,41,475,97,1333,2012-12-31
EAST RIDING OF YORKSHIRE,177,44,72,1492,748,9,117,0,243,1737,274,4913,2012-12-31
EAST STAFFORDSHIRE,34,11,18,484,213,3,44,0,83,568,104,1562,2012-12-31
EASTBOURNE,7,23,5,481,237,4,23,0,23,649,225,1677,2012-12-31
EASTLEIGH,12,15,20,650,276,5,39,0,72,629,122,1840,2012-12-31
EDEN,56,5,19,206,105,3,14,0,75,318,35,836,2012-12-31
ELMBRIDGE,5,28,18,837,345,9,59,0,86,1079,235,2701,2012-12-31
ENFIELD,3,67,16,1252,563,6,68,0,89,1882,339,4285,2012-12-31
EPPING FOREST,11,24,26,647,280,1,40,0,107,767,139,2042,2012-12-31
EPSOM AND EWELL,0,22,12,362,166,2,53,0,18,367,85,1087,2012-12-31
EREWASH,17,19,48,532,220,3,28,0,42,457,96,1462,2012-12-31
EXETER,12,27,5,623,287,1,54,0,70,688,149,1916,2012-12-31
FAREHAM,29,19,23,542,254,7,47,1,68,614,138,1742,2012-12-31
FENLAND,37,16,12,434,202,5,48,0,79,446,85,1364,2012-12-31
FLINTSHIRE,54,8,21,557,272,3,79,0,122,667,108,1891,2012-12-31
FOREST HEATH,15,17,28,265,123,4,64,0,56,259,82,913,2012-12-31
FOREST OF DEAN,48,12,19,416,184,8,62,0,86,383,78,1296,2012-12-31
FYLDE,10,15,7,418,170,2,30,0,56,623,92,1423,2012-12-31
GATESHEAD,46,26,35,871,398,9,145,0,78,996,208,2812,2012-12-31
GEDLING,36,26,13,521,230,6,44,0,36,602,105,1619,2012-12-31
GLOUCESTER,61,26,24,590,247,5,82,0,80,619,123,1857,2012-12-31
GOSPORT,14,29,8,392,162,5,16,0,33,468,214,1341,2012-12-31
GRAVESHAM,0,9,13,422,169,3,27,0,47,439,126,1255,2012-12-31
GREAT YARMOUTH,31,5,12,405,214,3,14,0,50,394,62,1190,2012-12-31
GREENWICH,1,88,10,1050,479,6,85,0,81,1524,414,3738,2012-12-31
GUILDFORD,1,20,21,744,350,6,52,0,102,818,179,2293,2012-12-31
GWYNEDD,74,10,38,447,216,4,29,1,176,592,97,1684,2012-12-31
HACKNEY,8,143,14,1013,492,12,179,0,99,2030,346,4336,2012-12-31
HALTON,27,21,11,453,215,3,44,0,54,665,111,1604,2012-12-31
HAMBLETON,34,11,22,391,183,1,33,0,83,454,68,1280,2012-12-31
HAMMERSMITH AND FULHAM,3,152,8,1088,814,6,77,0,95,2142,415,4800,2012-12-31
HARBOROUGH,27,14,26,423,236,1,78,1,61,388,67,1322,2012-12-31
HARINGEY,3,114,11,1139,509,6,115,0,71,1913,366,4247,2012-12-31
HARLOW,2,8,9,357,134,3,48,0,32,357,118,1068,2012-12-31
HARROGATE,135,21,9,851,314,6,26,0,117,842,147,2468,2012-12-31
HARROW,8,98,6,894,528,3,113,0,91,1451,274,3466,2012-12-31
HART,22,14,12,459,190,2,46,0,40,496,112,1393,2012-12-31
HARTLEPOOL,5,26,36,320,170,6,23,0,24,373,59,1042,2012-12-31
HASTINGS,4,26,9,474,203,5,7,0,53,639,100,1520,2012-12-31
HAVANT,11,20,7,502,201,4,29,1,41,471,109,1396,2012-12-31
HAVERING,17,33,26,989,456,8,71,0,97,1225,226,3148,2012-12-31
HEREFORDSHIRE,73,29,53,886,366,4,64,1,191,1018,191,2876,2012-12-31
HERTSMERE,4,37,15,523,217,6,44,0,60,692,133,1731,2012-12-31
HIGH PEAK,42,24,10,438,182,4,90,0,80,472,82,1424,2012-12-31
HILLINGDON,0,105,21,1141,567,4,147,0,139,1541,357,4022,2012-12-31
HINCKLEY AND BOSWORTH,22,35,23,414,196,2,40,0,66,509,108,1415,2012-12-31
HORSHAM,20,20,36,639,254,3,84,0,101,798,197,2152,2012-12-31
HOUNSLOW,0,80,10,1126,466,7,56,0,60,2088,598,4491,2012-12-31
HUNTINGDONSHIRE,47,31,43,854,386,3,105,1,85,774,191,2520,2012-12-31
HYNDBURN,29,4,4,318,151,15,6,0,91,456,76,1150,2012-12-31
IPSWICH,13,23,18,558,235,8,36,0,49,722,205,1867,2012-12-31
ISLE OF ANGLESEY,108,6,12,334,111,2,23,0,74,332,68,1070,2012-12-31
ISLE OF WIGHT,49,29,29,665,346,4,71,0,114,918,422,2647,2012-12-31
ISLES OF SCILLY,2,0,1,10,0,0,0,0,0,8,1,22,2012-12-31
ISLINGTON,3,241,4,989,434,35,312,0,93,2280,337,4728,2012-12-31
KENSINGTON AND CHELSEA,19,159,14,1304,743,16,80,0,186,3494,715,6730,2012-12-31
KETTERING,19,31,31,473,214,7,45,0,50,516,108,1494,2012-12-31
KING'S LYNN AND WEST NORFOLK,56,24,40,724,288,3,89,0,145,720,146,2235,2012-12-31
KINGSTON UPON THAMES,2,56,3,888,388,4,64,0,41,1023,239,2708,2012-12-31
KIRKLEES,49,54,72,1718,944,18,144,1,231,2267,347,5845,2012-12-31
KNOWSLEY,14,64,31,555,182,3,37,0,58,775,147,1866,2012-12-31
LAMBETH,5,209,17,1466,732,7,97,0,126,2690,615,5964,2012-12-31
LANCASTER,36,21,14,589,267,5,34,0,100,639,117,1822,2012-12-31
LEEDS,117,189,81,2958,1380,22,303,0,494,3958,634,10136,2012-12-31
LEICESTER,13,71,35,1024,411,26,110,0,109,1254,251,3304,2012-12-31
LEWES,16,22,26,504,237,4,39,0,84,600,100,1632,2012-12-31
LEWISHAM,2,126,9,1249,564,17,178,0,68,1738,360,4311,2012-12-31
LICHFIELD,16,15,20,500,216,3,55,0,66,577,109,1577,2012-12-31
LINCOLN,3,24,23,484,220,3,39,0,84,435,74,1389,2012-12-31
LIVERPOOL,51,153,33,1627,893,40,174,0,213,2895,551,6630,2012-12-31
LUTON,15,32,9,811,320,6,28,0,59,913,150,2343,2012-12-31
MACCLESFIELD,0,0,0,1,0,0,0,0,0,0,0,1,2012-12-31
MAIDSTONE,4,25,17,697,350,5,57,0,105,868,261,2389,2012-12-31
MALDON,16,8,4,310,132,5,6,0,65,293,54,893,2012-12-31
MALVERN HILLS,36,11,24,294,150,6,32,4,95,395,78,1125,2012-12-31
MANCHESTER,26,128,38,1890,873,25,242,0,248,4003,667,8140,2012-12-31
MANSFIELD,10,33,36,445,194,3,49,0,41,427,99,1337,2012-12-31
MEDWAY,7,28,31,1138,442,6,80,0,87,1358,350,3527,2012-12-31
MELTON,24,6,5,223,121,0,11,0,35,273,57,755,2012-12-31
MENDIP,47,13,22,554,302,1,60,0,97,556,130,1782,2012-12-31
MERTHYR TYDFIL,22,2,13,213,92,1,11,0,41,273,33,701,2012-12-31
MERTON,7,106,20,1107,455,4,104,0,70,1306,272,3451,2012-12-31
MID BEDFORDSHIRE,0,0,0,1,0,0,0,0,2,0,0,3,2012-12-31
MID DEVON,45,9,29,487,140,7,64,0,82,390,74,1327,2012-12-31
MID SUFFOLK,34,4,30,456,193,9,48,1,96,457,112,1440,2012-12-31
MID SUSSEX,5,18,44,740,296,4,101,0,75,822,223,2328,2012-12-31
MIDDLESBROUGH,15,8,25,473,224,5,31,1,50,510,104,1446,2012-12-31
MILTON KEYNES,36,81,89,1077,488,46,249,0,236,1616,422,4340,2012-12-31
MOLE VALLEY,2,14,15,459,187,2,38,0,67,578,151,1513,2012-12-31
MONMOUTHSHIRE,39,28,32,432,202,2,81,0,98,492,104,1510,2012-12-31
NEATH PORT TALBOT,27,13,16,616,253,7,41,0,84,639,119,1815,2012-12-31
NEW FOREST,32,42,17,968,370,14,80,0,143,1020,206,2892,2012-12-31
NEWARK AND SHERWOOD,153,41,23,549,244,3,56,0,77,593,120,1859,2012-12-31
NEWCASTLE UPON TYNE,26,34,40,1008,487,11,108,0,132,1386,233,3465,2012-12-31
NEWCASTLE-UNDER-LYME,28,19,25,489,228,2,47,0,57,476,71,1442,2012-12-31
NEWHAM,6,101,8,1013,446,16,108,0,95,1959,479,4231,2012-12-31
NEWPORT,26,50,23,620,280,10,78,0,88,754,124,2053,2012-12-31
NORTH DEVON,44,20,17,627,205,4,23,0,104,551,90,1685,2012-12-31
NORTH DORSET,24,5,16,340,152,0,43,0,53,335,186,1154,2012-12-31
NORTH EAST DERBYSHIRE,33,14,12,345,167,2,16,0,69,360,83,1101,2012-12-31
NORTH EAST LINCOLNSHIRE,26,48,30,647,298,2,39,0,71,662,90,1913,2012-12-31
NORTH HERTFORDSHIRE,24,44,21,634,298,4,50,4,71,629,171,1950,2012-12-31
NORTH KESTEVEN,31,16,46,524,255,4,75,0,91,527,102,1671,2012-12-31
NORTH LINCOLNSHIRE,44,56,25,658,281,9,47,0,82,706,128,2036,2012-12-31
NORTH NORFOLK,50,14,41,522,264,3,37,0,122,526,117,1696,2012-12-31
NORTH SOMERSET,53,35,44,1048,486,4,101,0,126,1227,213,3337,2012-12-31
NORTH TYNESIDE,24,60,30,953,420,10,71,0,51,797,175,2591,2012-12-31
NORTH WARWICKSHIRE,19,9,11,274,159,1,10,1,53,349,53,939,2012-12-31
NORTH WEST LEICESTERSHIRE,21,20,18,423,225,3,51,0,88,522,94,1465,2012-12-31
NORTHAMPTON,109,31,49,936,415,4,78,0,105,1132,245,3104,2012-12-31
NORTHUMBERLAND,65,50,87,1317,629,14,172,0,191,1421,349,4295,2012-12-31
NORWICH,6,25,17,566,248,4,61,0,69,694,151,1841,2012-12-31
NUNEATON AND BEDWORTH,15,23,20,526,198,2,43,0,47,544,109,1527,2012-12-31
OADBY AND WIGSTON,12,31,1,227,91,1,5,0,25,223,34,650,2012-12-31
OLDHAM,49,25,30,729,345,4,43,0,145,1284,263,2917,2012-12-31
OXFORD,9,21,7,523,274,4,35,0,94,785,135,1887,2012-12-31
PEMBROKESHIRE,74,9,36,478,242,3,52,0,146,647,120,1807,2012-12-31
PENDLE,24,10,12,390,161,10,8,0,60,445,44,1164,2012-12-31
POOLE,18,45,7,726,349,3,34,0,48,844,157,2231,2012-12-31
PORTSMOUTH,42,48,8,895,402,4,54,0,70,1161,268,2952,2012-12-31
POWYS,116,2,48,650,228,4,66,0,134,607,124,1979,2012-12-31
PRESTON,18,20,10,537,233,2,24,0,96,606,103,1649,2012-12-31
PURBECK,12,7,12,214,82,0,25,1,46,285,70,754,2012-12-31
READING,22,40,23,707,320,1,93,0,80,1100,158,2544,2012-12-31
REDBRIDGE,16,63,8,1111,463,8,28,0,77,1461,247,3482,2012-12-31
REDCAR AND CLEVELAND,16,5,20,562,211,4,38,1,47,480,96,1480,2012-12-31
REDDITCH,5,8,9,446,170,1,17,0,35,317,73,1081,2012-12-31
REIGATE AND BANSTEAD,4,34,36,804,345,7,79,0,99,1041,221,2670,2012-12-31
RHONDDA CYNON TAFF,66,10,43,960,426,13,70,0,189,1206,163,3146,2012-12-31
RIBBLE VALLEY,19,8,13,342,148,0,18,0,78,343,39,1008,2012-12-31
RICHMOND UPON THAMES,1,109,11,1219,520,3,75,0,84,1451,270,3743,2012-12-31
RICHMONDSHIRE,22,2,10,211,88,0,17,0,58,253,40,701,2012-12-31
ROCHDALE,9,116,24,770,363,5,68,0,90,1094,168,2707,2012-12-31
ROCHFORD,26,5,7,352,149,1,10,0,61,369,111,1091,2012-12-31
ROSSENDALE,10,12,8,344,166,3,24,0,89,439,96,1191,2012-12-31
ROTHER,11,15,15,564,245,8,30,0,82,593,117,1680,2012-12-31
ROTHERHAM,40,99,40,1143,450,6,135,0,110,1085,214,3322,2012-12-31
RUGBY,20,14,37,493,226,3,61,0,59,509,127,1549,2012-12-31
RUNNYMEDE,4,34,14,480,195,1,28,0,42,981,113,1892,2012-12-31
RUSHCLIFFE,7,19,20,619,238,4,47,0,77,529,105,1665,2012-12-31
RUSHMOOR,17,12,7,394,194,4,31,0,30,508,120,1317,2012-12-31
RUTLAND,26,6,9,178,84,1,25,0,50,194,37,610,2012-12-31
RYEDALE,33,11,33,271,115,1,43,0,43,268,45,863,2012-12-31
SALFORD,36,66,15,939,469,20,114,0,119,1482,311,3571,2012-12-31
SANDWELL,18,63,53,989,439,27,84,0,109,1377,283,3442,2012-12-31
SCARBOROUGH,49,20,12,500,261,3,21,0,121,662,86,1735,2012-12-31
SEDGEMOOR,52,28,41,558,282,6,83,0,85,582,122,1839,2012-12-31
SEFTON,47,44,50,1151,434,14,56,2,134,1380,268,3580,2012-12-31
SELBY,51,5,36,403,224,1,47,0,31,440,57,1295,2012-12-31
SEVENOAKS,9,25,11,528,260,3,43,0,91,626,184,1780,2012-12-31
SHEFFIELD,74,66,65,2359,1831,20,120,0,314,2993,463,8305,2012-12-31
SHEPWAY,5,12,11,567,246,5,33,0,75,709,103,1766,2012-12-31
SHROPSHIRE,136,31,100,1372,592,6,189,2,285,1472,310,4495,2012-12-31
SLOUGH,6,45,12,658,206,2,86,0,67,945,193,2220,2012-12-31
SOLIHULL,26,29,46,1019,439,2,128,0,104,1231,279,3303,2012-12-31
SOUTH BUCKS,28,24,21,351,156,1,36,0,69,509,76,1271,2012-12-31
SOUTH CAMBRIDGESHIRE,50,35,33,738,317,3,148,0,91,747,153,2315,2012-12-31
SOUTH DERBYSHIRE,16,16,26,437,242,1,66,0,69,540,99,1512,2012-12-31
SOUTH GLOUCESTERSHIRE,59,70,70,1333,601,8,170,4,149,1233,237,3934,2012-12-31
SOUTH HAMS,22,15,25,501,227,4,46,0,113,679,117,1749,2012-12-31
SOUTH HOLLAND,32,5,34,454,160,4,42,0,82,478,75,1366,2012-12-31
SOUTH KESTEVEN,51,14,54,616,289,4,75,1,86,599,115,1904,2012-12-31
SOUTH LAKELAND,119,15,29,532,253,5,41,0,150,597,103,1844,2012-12-31
SOUTH NORFOLK,58,16,59,584,260,2,137,0,130,648,120,2014,2012-12-31
SOUTH NORTHAMPTONSHIRE,26,12,15,420,176,6,42,0,82,494,81,1354,2012-12-31
SOUTH OXFORDSHIRE,18,31,57,731,308,4,98,0,104,784,191,2326,2012-12-31
SOUTH RIBBLE,34,23,23,488,248,9,19,0,88,495,95,1522,2012-12-31
SOUTH SHROPSHIRE,0,0,0,2,0,0,0,0,0,0,0,2,2012-12-31
SOUTH SOMERSET,73,26,47,848,436,6,82,0,122,675,184,2499,2012-12-31
SOUTH STAFFORDSHIRE,40,2,22,419,165,0,26,0,76,437,76,1263,2012-12-31
SOUTH TYNESIDE,14,19,24,515,235,2,35,0,28,528,110,1510,2012-12-31
SOUTHAMPTON,42,44,9,914,358,5,63,0,80,1093,219,2827,2012-12-31
SOUTHEND-ON-SEA,13,44,8,891,390,5,67,0,42,989,233,2682,2012-12-31
SOUTHWARK,0,119,19,1402,605,28,108,0,151,2708,502,5642,2012-12-31
SPELTHORNE,1,21,11,474,208,4,25,0,40,635,187,1606,2012-12-31
ST ALBANS,9,52,14,782,323,2,51,0,102,905,225,2465,2012-12-31
ST EDMUNDSBURY,44,5,18,523,227,3,34,0,82,491,130,1557,2012-12-31
ST HELENS,35,31,28,790,277,9,52,0,104,839,146,2311,2012-12-31
STAFFORD,37,20,23,596,225,1,50,0,93,568,92,1705,2012-12-31
STAFFORDSHIRE MOORLANDS,52,23,12,352,155,4,21,0,88,393,77,1177,2012-12-31
STEVENAGE,8,6,10,293,140,3,25,0,11,303,72,871,2012-12-31
STOCKPORT,26,44,23,1302,520,8,40,0,187,1446,245,3841,2012-12-31
STOCKTON-ON-TEES,51,23,42,765,336,12,123,1,62,751,163,2329,2012-12-31
STOKE-ON-TRENT,30,68,30,1071,455,7,37,1,108,1043,197,3047,2012-12-31
STRATFORD-ON-AVON,36,20,45,589,286,1,54,0,118,672,159,1980,2012-12-31
STROUD,38,14,26,558,231,0,60,0,85,566,126,1704,2012-12-31
SUFFOLK COASTAL,51,15,28,597,256,3,49,0,149,835,135,2118,2012-12-31
SUNDERLAND,19,28,51,988,430,16,81,0,98,1090,220,3021,2012-12-31
SURREY HEATH,1,10,8,473,192,1,19,0,45,486,110,1345,2012-12-31
SUTTON,5,43,19,1001,395,10,50,0,50,1026,393,2992,2012-12-31
SWALE,6,16,37,701,265,9,56,0,89,734,200,2113,2012-12-31
SWANSEA,65,44,47,1009,449,12,90,0,163,1070,140,3089,2012-12-31
SWINDON,19,38,39,1007,374,4,121,0,79,1067,274,3022,2012-12-31
TAMESIDE,25,36,27,832,366,9,111,1,110,986,187,2690,2012-12-31
TAMWORTH,8,9,7,323,182,3,15,0,25,345,66,983,2012-12-31
TANDRIDGE,2,19,211,476,195,6,28,0,58,531,120,1646,2012-12-31
TAUNTON DEANE,19,14,60,575,300,4,73,3,92,582,141,1863,2012-12-31
TEIGNBRIDGE,25,20,48,769,307,8,150,0,100,613,123,2163,2012-12-31
TENDRING,48,10,20,617,257,3,30,0,137,652,148,1922,2012-12-31
TEST VALLEY,23,32,41,607,277,5,79,0,141,565,96,1866,2012-12-31
TEWKESBURY,16,18,31,380,183,5,75,0,62,452,95,1317,2012-12-31
THANET,5,24,11,666,288,6,24,0,58,813,153,2048,2012-12-31
THE VALE OF GLAMORGAN,23,29,17,572,254,11,22,0,57,671,99,1755,2012-12-31
THREE RIVERS,6,17,12,405,152,6,32,0,43,442,91,1206,2012-12-31
THURROCK,16,33,15,661,309,6,62,0,106,953,181,2342,2012-12-31
TONBRIDGE AND MALLING,22,22,34,589,283,4,51,0,123,730,161,2019,2012-12-31
TORBAY,18,40,11,658,310,7,44,0,43,617,120,1868,2012-12-31
TORFAEN,22,8,12,332,172,5,27,0,45,301,82,1006,2012-12-31
TORRIDGE,26,18,30,382,158,4,34,0,77,348,78,1155,2012-12-31
TOWER HAMLETS,7,171,252,1128,573,16,225,0,181,3248,596,6397,2012-12-31
TRAFFORD,31,23,23,1110,514,5,51,0,119,1530,274,3680,2012-12-31
TUNBRIDGE WELLS,3,23,12,650,284,2,33,0,108,826,307,2248,2012-12-31
UTTLESFORD,20,6,42,454,177,7,88,0,73,493,94,1454,2012-12-31
VALE OF WHITE HORSE,10,26,29,723,262,24,106,0,81,750,187,2198,2012-12-31
VALE ROYAL,0,0,0,1,0,0,0,0,1,0,0,2,2012-12-31
WAKEFIELD,42,56,76,1263,604,14,110,1,164,1523,269,4122,2012-12-31
WALSALL,24,53,24,868,424,8,93,0,106,1099,177,2876,2012-12-31
WALTHAM FOREST,12,68,10,997,460,10,64,0,69,1616,222,3528,2012-12-31
WANDSWORTH,1,152,20,2055,912,11,167,0,92,3045,663,7118,2012-12-31
WARRINGTON,244,53,15,870,377,4,144,0,116,1163,323,3309,2012-12-31
WARWICK,18,22,10,701,315,5,30,1,99,802,157,2160,2012-12-31
WATFORD,8,37,9,469,200,4,78,0,46,608,105,1564,2012-12-31
WAVENEY,52,14,18,521,219,2,24,0,73,480,83,1486,2012-12-31
WAVERLEY,7,22,18,732,277,2,25,0,113,885,140,2221,2012-12-31
WEALDEN,38,43,45,851,370,2,127,1,144,931,201,2753,2012-12-31
WELLINGBOROUGH,18,13,24,314,137,3,36,1,51,383,68,1048,2012-12-31
WELWYN HATFIELD,20,12,14,425,203,3,28,0,73,571,138,1487,2012-12-31
WEST BERKSHIRE,17,20,13,817,325,4,49,2,96,1010,187,2540,2012-12-31
WEST DEVON,38,9,12,292,147,3,29,0,76,324,56,986,2012-12-31
WEST DORSET,35,13,14,498,230,3,37,0,101,591,112,1634,2012-12-31
WEST LANCASHIRE,18,13,15,422,163,6,38,1,74,492,88,1330,2012-12-31
WEST LINDSEY,28,25,30,386,164,7,43,0,86,544,121,1434,2012-12-31
WEST OXFORDSHIRE,25,24,45,542,220,9,75,0,115,554,121,1730,2012-12-31
WEST SOMERSET,11,2,13,210,76,0,20,0,45,193,30,600,2012-12-31
WEYMOUTH AND PORTLAND,12,20,10,291,118,1,19,0,33,329,71,904,2012-12-31
WIGAN,67,61,48,1260,634,20,100,3,191,1540,255,4179,2012-12-31
WILTSHIRE,145,101,113,2199,969,14,253,0,361,2410,482,7047,2012-12-31
WINCHESTER,41,14,33,560,226,5,62,0,105,713,161,1920,2012-12-31
WINDSOR AND MAIDENHEAD,9,25,25,780,373,5,92,0,117,1019,227,2672,2012-12-31
WIRRAL,24,71,24,1233,501,13,61,0,116,1404,243,3690,2012-12-31
WOKING,1,11,9,576,239,0,52,0,41,620,133,1682,2012-12-31
WOKINGHAM,11,38,21,835,372,9,43,0,71,910,190,2500,2012-12-31
WOLVERHAMPTON,53,46,28,794,313,5,80,0,132,1064,199,2714,2012-12-31
WORCESTER,15,24,12,434,196,3,40,0,70,469,100,1363,2012-12-31
WREKIN,31,35,51,683,302,7,92,0,81,709,149,2140,2012-12-31
WORTHING,11,32,5,601,241,2,22,0,48,596,100,1658,2012-12-31
WREXHAM,35,13,15,463,167,5,47,0,85,519,99,1448,2012-12-31
WYCHAVON,62,15,47,503,261,5,55,0,148,610,115,1821,2012-12-31
WYCOMBE,103,54,28,801,330,2,90,1,130,1185,296,3020,2012-12-31
WYRE,46,9,13,475,200,9,25,0,82,540,85,1484,2012-12-31
WYRE FOREST,55,29,14,503,168,5,28,0,83,399,74,1358,2012-12-31
YORK,56,30,15,840,373,8,73,0,92,880,187,2554,2012-12-31
Total,13275,15643,11528,300935,136413,6273,23275,90,51845,493586,96432,1149295,2012-11-30
ALL COUNTIES,1,0,0,0,0,0,0,0,0,6,41,48,2012-11-30
ADUR,9,11,16,393,204,29,17,0,161,459,76,1375,2012-11-30
ALLERDALE,106,7,34,761,229,5,39,0,155,676,117,2129,2012-11-30
AMBER VALLEY,39,27,26,619,358,13,46,0,116,924,171,2339,2012-11-30
ARUN,19,55,25,954,449,7,60,0,104,1412,322,3407,2012-11-30
ASHFIELD,27,29,41,494,299,18,69,0,98,797,155,2027,2012-11-30
ASHFORD,8,22,83,668,300,5,46,0,165,1342,353,2992,2012-11-30
AYLESBURY VALE,68,52,77,1000,498,10,157,0,204,1402,358,3826,2012-11-30
BABERGH,39,8,41,469,217,8,44,0,130,660,131,1747,2012-11-30
BARKING AND DAGENHAM,6,31,7,747,293,7,92,6,87,1656,259,3191,2012-11-30
BARNET,9,226,24,1869,889,8,148,2,207,4015,822,8219,2012-11-30
BARNSLEY,62,38,72,1054,549,95,97,0,230,1835,379,4411,2012-11-30
BARROW-IN-FURNESS,16,58,7,355,178,4,26,0,46,477,53,1220,2012-11-30
BASILDON,15,30,46,920,399,6,80,0,96,1283,357,3232,2012-11-30
BASINGSTOKE AND DEANE,41,34,26,958,445,4,81,0,158,1259,367,3373,2012-11-30
BASSETLAW,43,27,23,563,246,12,41,1,123,891,158,2128,2012-11-30
BATH AND NORTH EAST SOMERSET,62,62,50,1029,454,15,88,0,198,1522,290,3770,2012-11-30
BEDFORD,27,28,73,809,437,16,103,0,142,1212,261,3108,2012-11-30
BEXLEY,9,91,7,1211,566,13,91,0,125,1765,375,4253,2012-11-30
BIRMINGHAM,129,253,180,4575,2001,68,285,1,637,8246,1368,17743,2012-11-30
BLABY,15,13,24,455,254,1,32,0,85,718,123,1720,2012-11-30
BLACKBURN WITH DARWEN,15,68,27,679,271,84,29,0,125,1142,190,2630,2012-11-30
BLACKPOOL,32,21,13,796,351,17,12,0,122,1235,223,2822,2012-11-30
BLAENAU GWENT,29,5,18,291,108,10,14,0,78,497,62,1112,2012-11-30
BOLSOVER,9,21,21,422,167,10,15,0,73,576,117,1431,2012-11-30
BOLTON,39,93,45,1404,599,26,72,0,240,2406,421,5345,2012-11-30
BOSTON,33,10,16,264,154,6,18,0,63,406,60,1030,2012-11-30
BOURNEMOUTH,34,92,21,1113,477,4,96,0,87,1696,388,4008,2012-11-30
BRACKNELL FOREST,6,12,39,727,361,9,46,0,87,1116,244,2647,2012-11-30
BRADFORD,122,86,74,1929,1093,46,200,0,312,3579,581,8022,2012-11-30
BRAINTREE,38,8,28,826,333,14,46,0,213,1224,250,2980,2012-11-30
BRECKLAND,76,33,59,754,341,4,47,1,185,959,200,2659,2012-11-30
BRENT,1,118,11,1424,591,7,115,1,136,3267,551,6222,2012-11-30
BRENTWOOD,20,32,10,514,251,3,51,0,71,769,131,1852,2012-11-30
BRIDGEND,34,23,34,813,347,12,33,0,157,1000,158,2611,2012-11-30
BRIGHTON AND HOVE,28,156,17,1935,868,8,99,0,155,3166,541,6973,2012-11-30
BROADLAND,70,21,22,665,299,8,19,0,137,751,155,2147,2012-11-30
BROMLEY,15,133,40,2045,886,11,146,0,168,2917,568,6929,2012-11-30
BROMSGROVE,55,13,42,506,258,3,30,0,122,727,118,1874,2012-11-30
BROXBOURNE,9,11,32,524,235,10,36,0,107,1026,176,2166,2012-11-30
BROXTOWE,21,13,10,499,284,2,32,0,52,636,117,1666,2012-11-30
BURNLEY,17,69,5,479,237,19,16,0,101,1173,142,2258,2012-11-30
BURY,25,32,23,1090,444,21,43,0,169,1665,247,3759,2012-11-30
CAERPHILLY,49,28,39,868,385,15,34,0,148,1082,149,2797,2012-11-30
CALDERDALE,41,32,67,1087,512,66,55,0,190,1553,277,3880,2012-11-30
CAMBRIDGE,14,36,20,551,294,5,65,0,155,964,165,2269,2012-11-30
CAMDEN,5,203,6,1450,696,14,159,2,213,5064,822,8634,2012-11-30
CANNOCK CHASE,24,33,25,456,246,9,42,0,74,717,146,1772,2012-11-30
CANTERBURY,14,43,23,966,419,5,82,0,147,1429,280,3408,2012-11-30
CARDIFF,44,88,35,1786,848,12,106,1,224,2983,471,6598,2012-11-30
CARLISLE,41,21,34,608,248,3,35,0,141,855,158,2144,2012-11-30
CARMARTHENSHIRE,116,13,66,873,386,7,102,0,255,1389,227,3434,2012-11-30
CARRICK,0,0,0,0,0,0,0,0,1,0,0,1,2012-11-30
CASTLE POINT,28,8,6,414,200,2,6,0,93,478,77,1312,2012-11-30
CENTRAL BEDFORDSHIRE,41,50,129,1437,656,11,187,0,201,1914,433,5059,2012-11-30
CEREDIGION,47,4,30,387,186,11,28,1,123,514,127,1458,2012-11-30
CHARNWOOD,38,27,41,756,373,5,94,0,123,1106,218,2781,2012-11-30
CHELMSFORD,25,45,24,920,374,3,48,0,197,1405,306,3347,2012-11-30
CHELTENHAM,30,42,12,705,306,5,37,0,113,1048,228,2526,2012-11-30
CHERWELL,40,36,36,849,395,12,66,0,220,1330,311,3295,2012-11-30
CHESHIRE EAST,98,58,48,2107,976,47,107,0,421,3403,633,7898,2012-11-30
CHESHIRE WEST AND CHESTER,118,87,47,1860,796,33,115,0,415,2881,550,6902,2012-11-30
CHESTER,0,0,0,0,0,0,0,0,1,0,0,1,2012-11-30
CHESTERFIELD,23,40,26,471,234,22,28,1,70,753,141,1809,2012-11-30
CHICHESTER,55,38,29,711,324,4,71,0,214,1191,289,2926,2012-11-30
CHILTERN,37,18,55,543,244,13,57,0,104,811,168,2050,2012-11-30
CHORLEY,29,35,28,576,295,20,72,0,152,816,177,2200,2012-11-30
CHRISTCHURCH,10,9,7,275,140,6,19,0,36,458,115,1075,2012-11-30
CITY OF BRISTOL,75,195,54,2414,1093,19,189,1,319,3841,873,9073,2012-11-30
CITY OF DERBY,26,25,20,1210,645,13,57,0,107,1743,303,4149,2012-11-30
CITY OF KINGSTON UPON HULL,64,71,47,1129,512,39,84,0,123,1626,288,3983,2012-11-30
CITY OF LONDON,12,51,0,338,95,14,39,2,187,1795,380,2913,2012-11-30
CITY OF NOTTINGHAM,26,79,30,1258,566,14,90,0,196,2371,415,5045,2012-11-30
CITY OF PETERBOROUGH,33,31,60,993,391,25,136,0,128,1439,313,3549,2012-11-30
CITY OF PLYMOUTH,48,54,46,1319,578,27,114,0,161,1820,367,4534,2012-11-30
CITY OF WESTMINSTER,12,340,21,2779,1128,41,371,2,519,10265,2026,17504,2012-11-30
COLCHESTER,41,36,78,976,424,9,110,1,158,1366,318,3517,2012-11-30
CONWY,66,23,11,645,234,6,35,0,153,946,148,2267,2012-11-30
COPELAND,197,3,21,373,172,6,20,0,94,542,91,1519,2012-11-30
CORBY,8,20,38,348,127,8,45,0,61,559,127,1341,2012-11-30
CORNWALL,333,137,237,3362,1476,22,365,0,1006,5124,875,12937,2012-11-30
COTSWOLD,45,18,33,540,245,4,73,0,137,982,233,2310,2012-11-30
COUNTY DURHAM,294,65,126,2469,1117,60,193,1,462,3804,733,9324,2012-11-30
COVENTRY,52,45,67,1250,656,456,102,0,170,2108,300,5206,2012-11-30
CRAVEN,35,4,14,318,153,1,25,0,79,439,76,1144,2012-11-30
CRAWLEY,5,35,10,513,248,5,37,0,47,881,222,2003,2012-11-30
CROYDON,10,128,11,1989,819,16,90,0,174,3332,804,7373,2012-11-30
DACORUM,29,29,35,804,376,8,49,0,135,1200,275,2940,2012-11-30
DARLINGTON,11,13,14,561,269,8,34,0,70,819,150,1949,2012-11-30
DARTFORD,4,28,32,624,278,8,74,0,100,920,228,2296,2012-11-30
DAVENTRY,27,9,18,407,211,6,20,0,92,574,110,1474,2012-11-30
DENBIGHSHIRE,60,15,23,559,250,11,40,0,128,736,125,1947,2012-11-30
DERBYSHIRE DALES,61,13,30,428,186,18,32,0,161,577,97,1603,2012-11-30
DONCASTER,48,43,50,1508,635,36,75,0,199,2083,414,5091,2012-11-30
DOVER,8,12,21,710,340,11,31,0,105,908,163,2309,2012-11-30
DUDLEY,67,46,50,1343,656,24,74,0,204,2040,298,4802,2012-11-30
EALING,9,142,16,1639,720,20,195,0,146,3453,605,6945,2012-11-30
EAST CAMBRIDGESHIRE,122,11,21,515,258,3,62,0,105,570,130,1797,2012-11-30
EAST DEVON,46,38,63,968,405,10,67,1,208,1220,210,3236,2012-11-30
EAST DORSET,18,21,18,489,223,1,23,0,111,748,148,1800,2012-11-30
EAST HAMPSHIRE,41,24,32,654,288,2,55,0,187,947,238,2468,2012-11-30
EAST HERTFORDSHIRE,33,39,50,946,420,11,61,0,143,1248,287,3238,2012-11-30
EAST LINDSEY,81,26,30,713,311,6,36,1,169,857,137,2367,2012-11-30
EAST NORTHAMPTONSHIRE,32,19,25,481,223,4,49,0,96,683,160,1772,2012-11-30
EAST RIDING OF YORKSHIRE,151,57,81,1863,938,28,160,0,399,2821,478,6976,2012-11-30
EAST STAFFORDSHIRE,43,19,24,631,230,10,46,1,120,820,137,2081,2012-11-30
EASTBOURNE,0,45,4,712,264,3,38,0,51,1071,237,2425,2012-11-30
EASTLEIGH,24,25,34,760,309,4,47,1,97,934,201,2436,2012-11-30
EDEN,54,3,13,280,113,0,35,0,109,477,69,1153,2012-11-30
ELLESMERE PORT AND NESTON,0,0,0,0,0,0,0,0,1,0,0,1,2012-11-30
ELMBRIDGE,3,24,27,974,440,4,57,0,135,1605,339,3608,2012-11-30
ENFIELD,3,121,21,1497,675,22,68,0,142,3076,679,6304,2012-11-30
EPPING FOREST,21,34,16,731,369,5,71,0,157,1422,255,3081,2012-11-30
EPSOM AND EWELL,3,30,19,481,224,4,55,0,38,604,137,1595,2012-11-30
EREWASH,27,34,22,627,279,10,32,0,69,892,153,2145,2012-11-30
EXETER,8,26,16,662,282,11,36,0,111,1038,288,2478,2012-11-30
FAREHAM,20,29,21,690,325,9,59,2,114,876,204,2349,2012-11-30
FENLAND,49,19,28,476,242,7,32,2,100,714,121,1790,2012-11-30
FLINTSHIRE,53,8,41,720,295,19,40,0,158,919,157,2410,2012-11-30
FOREST HEATH,21,6,23,335,166,4,54,0,94,412,117,1232,2012-11-30
FOREST OF DEAN,52,9,29,421,206,6,36,4,107,564,110,1544,2012-11-30
FYLDE,14,12,19,501,235,7,21,0,86,777,122,1794,2012-11-30
GATESHEAD,41,51,53,989,427,14,85,0,122,1518,317,3617,2012-11-30
GEDLING,18,19,23,588,307,1,36,0,84,740,151,1967,2012-11-30
GLOUCESTER,51,29,21,694,318,15,66,0,103,882,201,2380,2012-11-30
GOSPORT,17,29,4,438,240,13,48,0,42,558,179,1568,2012-11-30
GRAVESHAM,11,32,39,582,258,7,23,0,59,834,184,2029,2012-11-30
GREAT YARMOUTH,42,18,25,519,214,8,26,0,81,619,117,1669,2012-11-30
GREENWICH,3,155,18,1172,672,13,118,0,127,2622,579,5479,2012-11-30
GUILDFORD,6,41,25,814,373,7,51,0,173,1366,286,3142,2012-11-30
GWYNEDD,102,20,29,685,279,8,37,0,236,1564,155,3115,2012-11-30
HACKNEY,16,276,25,1300,568,20,184,0,161,2957,552,6059,2012-11-30
HALTON,24,19,9,538,243,12,40,0,88,955,161,2089,2012-11-30
HAMBLETON,52,11,17,528,208,6,106,0,126,644,118,1816,2012-11-30
HAMMERSMITH AND FULHAM,4,136,5,1240,554,305,112,1,156,3273,600,6386,2012-11-30
HARBOROUGH,31,28,57,511,271,5,51,1,92,682,146,1875,2012-11-30
HARINGEY,6,179,16,1393,647,13,115,0,122,3071,509,6071,2012-11-30
HARLOW,1,14,14,393,189,9,30,0,62,533,223,1468,2012-11-30
HARROGATE,140,28,18,1108,394,5,35,0,197,1177,203,3305,2012-11-30
HARROW,3,93,9,1143,457,4,93,0,111,1995,356,4264,2012-11-30
HART,49,4,36,571,232,2,32,0,113,718,212,1969,2012-11-30
HARTLEPOOL,12,11,24,432,182,6,43,0,46,589,127,1472,2012-11-30
HASTINGS,2,31,8,528,276,4,14,0,45,950,182,2040,2012-11-30
HAVANT,37,42,11,606,266,6,31,3,77,884,249,2212,2012-11-30
HAVERING,26,36,19,1229,536,9,113,0,128,1929,285,4310,2012-11-30
HEREFORDSHIRE,80,28,64,933,458,9,70,1,262,1285,288,3478,2012-11-30
HERTSMERE,8,28,9,558,264,3,62,0,75,978,187,2172,2012-11-30
HIGH PEAK,49,19,18,456,233,10,30,2,140,752,144,1853,2012-11-30
HILLINGDON,7,123,36,1335,611,11,207,0,169,2340,497,5336,2012-11-30
HINCKLEY AND BOSWORTH,29,27,42,572,242,12,40,0,115,844,171,2094,2012-11-30
HORSHAM,36,37,41,850,375,72,97,2,177,1325,353,3365,2012-11-30
HOUNSLOW,5,91,12,1311,611,11,79,0,133,2521,490,5264,2012-11-30
HUNTINGDONSHIRE,48,32,70,991,473,9,95,0,136,1236,316,3406,2012-11-30
HYNDBURN,32,6,5,438,194,13,5,0,115,708,106,1622,2012-11-30
IPSWICH,28,23,17,637,285,20,37,0,101,1187,299,2634,2012-11-30
ISLE OF ANGLESEY,97,10,25,410,157,6,21,0,134,573,64,1497,2012-11-30
ISLE OF WIGHT,58,49,55,857,364,10,78,0,202,1504,303,3480,2012-11-30
ISLES OF SCILLY,0,0,0,5,4,0,1,0,3,22,2,37,2012-11-30
ISLINGTON,3,167,13,1284,600,11,193,2,160,3522,596,6551,2012-11-30
KENSINGTON AND CHELSEA,57,205,8,1565,658,108,88,0,279,5707,1015,9690,2012-11-30
KERRIER,0,0,0,0,0,0,0,0,0,1,0,1,2012-11-30
KETTERING,22,10,18,471,231,8,61,0,68,710,156,1755,2012-11-30
KING'S LYNN AND WEST NORFOLK,92,23,59,803,448,9,86,0,212,1062,199,2993,2012-11-30
KINGSTON UPON THAMES,5,58,8,1084,505,5,47,0,78,1618,304,3712,2012-11-30
KIRKLEES,53,66,96,2166,919,41,125,0,341,3331,549,7687,2012-11-30
KNOWSLEY,20,69,26,568,220,15,42,0,82,910,172,2124,2012-11-30
LAMBETH,7,160,7,1762,847,80,136,0,189,4544,913,8645,2012-11-30
LANCASTER,65,31,13,733,314,12,50,0,161,915,169,2463,2012-11-30
LEEDS,102,157,90,3317,1544,93,269,1,646,5672,957,12848,2012-11-30
LEICESTER,17,73,51,1249,547,13,93,0,154,1706,318,4221,2012-11-30
LEWES,9,27,23,663,260,7,36,0,140,958,184,2307,2012-11-30
LEWISHAM,2,134,20,1398,637,17,160,0,151,2926,616,6061,2012-11-30
LICHFIELD,29,16,56,582,291,8,51,0,96,831,205,2165,2012-11-30
LINCOLN,16,21,23,474,252,4,47,0,68,680,106,1691,2012-11-30
LIVERPOOL,54,335,56,2028,933,72,199,0,253,3763,647,8340,2012-11-30
LUTON,14,38,10,816,383,11,37,0,89,1410,247,3055,2012-11-30
MAIDSTONE,13,26,40,829,402,17,83,0,137,1286,286,3119,2012-11-30
MALDON,16,4,19,332,152,3,14,0,95,461,112,1208,2012-11-30
MALVERN HILLS,54,17,36,399,163,7,33,0,142,576,127,1554,2012-11-30
MANCHESTER,24,266,41,2275,936,67,179,0,458,5085,1000,10331,2012-11-30
MANSFIELD,13,33,20,469,185,7,35,0,71,719,158,1710,2012-11-30
MEDWAY,16,37,32,1297,645,19,75,0,145,2067,453,4786,2012-11-30
MELTON,22,11,20,254,107,4,22,0,63,384,85,972,2012-11-30
MENDIP,56,19,42,669,266,1,32,2,160,859,194,2300,2012-11-30
MERTHYR TYDFIL,13,6,9,266,113,5,26,0,113,508,65,1124,2012-11-30
MERTON,7,115,8,1226,553,10,105,0,104,2145,455,4728,2012-11-30
MID DEVON,34,13,38,474,200,7,39,0,149,643,125,1722,2012-11-30
MID SUFFOLK,52,12,60,546,229,48,60,0,144,802,199,2152,2012-11-30
MID SUSSEX,18,54,49,937,412,18,94,0,142,1490,334,3548,2012-11-30
MIDDLESBROUGH,12,11,11,581,270,7,39,0,60,794,144,1929,2012-11-30
MILTON KEYNES,21,71,107,1308,566,58,206,0,398,2148,665,5548,2012-11-30
MOLE VALLEY,2,20,23,511,241,6,41,0,141,967,189,2141,2012-11-30
MONMOUTHSHIRE,162,14,30,522,242,5,40,0,109,658,123,1905,2012-11-30
NEATH PORT TALBOT,30,22,35,696,294,13,45,0,163,997,146,2441,2012-11-30
NEW FOREST,63,34,33,1113,512,10,65,0,186,1460,296,3772,2012-11-30
NEWARK AND SHERWOOD,37,39,31,645,282,11,66,0,129,900,180,2320,2012-11-30
NEWCASTLE UPON TYNE,34,68,60,1289,688,10,86,0,181,2311,398,5125,2012-11-30
NEWCASTLE-UNDER-LYME,29,29,30,623,280,12,47,0,140,768,145,2103,2012-11-30
NEWHAM,9,64,7,1036,397,8,110,0,227,2890,629,5377,2012-11-30
NEWPORT,46,37,35,736,335,13,72,0,154,1063,176,2667,2012-11-30
NORTH CORNWALL,0,0,0,0,0,0,0,0,0,1,0,1,2012-11-30
NORTH DEVON,50,19,25,633,295,9,23,0,145,783,137,2119,2012-11-30
NORTH DORSET,24,9,15,402,169,3,39,0,91,481,153,1386,2012-11-30
NORTH EAST DERBYSHIRE,26,26,24,413,182,5,29,0,93,657,120,1575,2012-11-30
NORTH EAST LINCOLNSHIRE,40,66,34,994,371,17,44,0,94,1055,140,2855,2012-11-30
NORTH HERTFORDSHIRE,31,36,24,813,349,10,69,1,81,887,252,2553,2012-11-30
NORTH KESTEVEN,45,25,33,574,294,3,56,0,138,787,204,2159,2012-11-30
NORTH LINCOLNSHIRE,52,51,39,882,377,15,39,0,163,1233,185,3036,2012-11-30
NORTH NORFOLK,58,19,38,637,297,6,46,0,227,915,184,2427,2012-11-30
NORTH SOMERSET,40,33,69,1215,578,6,90,0,178,1687,393,4289,2012-11-30
NORTH TYNESIDE,23,68,37,1175,480,31,86,0,68,1465,480,3913,2012-11-30
NORTH WARWICKSHIRE,22,13,20,328,144,6,13,0,78,494,80,1198,2012-11-30
NORTH WEST LEICESTERSHIRE,24,23,29,485,231,16,61,0,137,895,158,2059,2012-11-30
NORTHAMPTON,79,63,38,1187,545,13,82,0,166,1673,352,4198,2012-11-30
NORTHUMBERLAND,106,60,107,1598,686,21,90,0,332,2694,477,6171,2012-11-30
NORWICH,12,40,31,699,304,7,51,0,91,947,181,2363,2012-11-30
NUNEATON AND BEDWORTH,19,27,17,604,250,5,40,0,78,914,155,2109,2012-11-30
OADBY AND WIGSTON,9,23,5,269,124,1,6,0,28,302,59,826,2012-11-30
OLDHAM,28,49,30,1005,414,34,44,0,204,1854,442,4104,2012-11-30
OSWESTRY,0,0,0,1,0,0,0,0,0,0,0,1,2012-11-30
OXFORD,12,35,10,643,281,1,29,0,109,1199,205,2524,2012-11-30
PEMBROKESHIRE,79,23,63,613,258,8,78,1,221,1024,171,2539,2012-11-30
PENDLE,23,5,13,410,240,4,28,0,103,643,76,1545,2012-11-30
PENWITH,0,0,0,1,0,0,0,0,0,0,0,1,2012-11-30
POOLE,15,32,20,920,399,8,43,0,68,1492,230,3227,2012-11-30
PORTSMOUTH,54,50,18,1046,527,15,56,2,101,1988,332,4189,2012-11-30
POWYS,112,10,62,894,318,19,48,0,252,1146,209,3070,2012-11-30
PRESTON,14,20,16,679,284,19,25,0,129,1040,174,2400,2012-11-30
PURBECK,16,30,10,251,130,0,21,0,92,407,81,1038,2012-11-30
READING,27,60,30,892,409,9,69,0,116,1930,326,3868,2012-11-30
REDBRIDGE,21,37,11,1278,598,69,34,0,117,2775,381,5321,2012-11-30
REDCAR AND CLEVELAND,16,20,14,627,265,11,53,0,95,831,138,2070,2012-11-30
REDDITCH,11,13,11,433,222,3,29,0,55,609,125,1511,2012-11-30
REIGATE AND BANSTEAD,3,70,23,855,438,4,69,1,127,1507,346,3443,2012-11-30
RHONDDA CYNON TAFF,91,16,50,1160,524,26,55,0,295,1913,257,4387,2012-11-30
RIBBLE VALLEY,24,6,11,379,138,4,22,0,116,509,79,1288,2012-11-30
RICHMOND UPON THAMES,14,126,11,1418,654,14,97,0,134,2313,435,5216,2012-11-30
RICHMONDSHIRE,38,2,18,263,115,4,21,0,90,370,70,991,2012-11-30
ROCHDALE,16,99,45,995,400,23,59,0,161,1627,271,3696,2012-11-30
ROCHFORD,26,14,16,437,206,1,13,0,74,581,122,1490,2012-11-30
ROSSENDALE,37,6,13,458,179,1,19,0,123,663,136,1635,2012-11-30
ROTHER,15,21,22,642,333,4,35,0,155,1093,213,2533,2012-11-30
ROTHERHAM,37,80,43,1186,532,21,88,0,159,1859,316,4321,2012-11-30
RUGBY,26,12,38,552,272,7,44,0,90,852,177,2070,2012-11-30
RUNNYMEDE,1,44,39,583,244,0,39,0,52,734,159,1895,2012-11-30
RUSHCLIFFE,17,24,41,675,345,5,43,0,123,886,176,2335,2012-11-30
RUSHMOOR,19,12,12,470,186,6,22,0,73,740,113,1653,2012-11-30
RUTLAND,12,4,11,218,88,1,30,4,63,305,58,794,2012-11-30
RYEDALE,22,10,28,312,141,5,39,0,100,516,63,1236,2012-11-30
SALFORD,32,86,27,1172,573,25,122,1,159,2636,533,5366,2012-11-30
SANDWELL,24,68,61,1203,532,28,84,0,181,2282,377,4840,2012-11-30
SCARBOROUGH,50,23,12,672,314,33,35,0,193,886,178,2396,2012-11-30
SEDGEMOOR,41,15,52,619,268,13,79,0,160,841,148,2236,2012-11-30
SEFTON,58,55,28,1331,581,25,75,0,146,1996,324,4619,2012-11-30
SELBY,107,18,51,422,203,16,51,0,109,740,125,1842,2012-11-30
SEVENOAKS,10,31,18,670,332,6,45,0,179,1084,309,2684,2012-11-30
SHEFFIELD,85,82,105,2714,1359,895,101,0,386,4777,769,11273,2012-11-30
SHEPWAY,13,28,14,649,272,6,28,0,97,1004,202,2313,2012-11-30
SHROPSHIRE,150,51,132,1518,669,34,154,2,461,2392,562,6125,2012-11-30
SLOUGH,18,48,20,608,268,4,59,0,76,1101,279,2481,2012-11-30
SOLIHULL,28,34,62,1154,511,8,78,0,115,1593,258,3841,2012-11-30
SOUTH BEDFORDSHIRE,0,0,0,0,1,0,0,0,0,0,0,1,2012-11-30
SOUTH BUCKS,24,16,13,417,189,2,38,0,62,715,131,1607,2012-11-30
SOUTH CAMBRIDGESHIRE,49,29,69,830,424,6,155,1,149,1113,234,3059,2012-11-30
SOUTH DERBYSHIRE,21,10,29,564,216,8,56,2,103,779,170,1958,2012-11-30
SOUTH GLOUCESTERSHIRE,62,62,51,1428,645,4,161,0,199,1841,474,4927,2012-11-30
SOUTH HAMS,26,20,47,610,222,9,50,0,178,952,220,2334,2012-11-30
SOUTH HOLLAND,45,15,24,482,260,9,50,0,119,658,125,1787,2012-11-30
SOUTH KESTEVEN,61,33,44,712,321,14,94,1,141,930,162,2513,2012-11-30
SOUTH LAKELAND,64,15,48,632,283,5,45,0,173,1062,189,2516,2012-11-30
SOUTH NORFOLK,79,18,70,698,290,10,97,0,213,990,185,2650,2012-11-30
SOUTH NORTHAMPTONSHIRE,37,7,14,478,206,13,50,2,122,685,123,1737,2012-11-30
SOUTH OXFORDSHIRE,37,51,38,795,414,4,80,1,185,1480,336,3421,2012-11-30
SOUTH RIBBLE,32,28,6,610,237,3,21,0,92,753,134,1916,2012-11-30
SOUTH SOMERSET,70,26,59,920,378,9,97,0,217,1303,258,3337,2012-11-30
SOUTH STAFFORDSHIRE,36,7,24,437,244,0,36,0,126,723,125,1758,2012-11-30
SOUTH TYNESIDE,35,22,28,611,267,9,35,0,57,902,172,2138,2012-11-30
SOUTHAMPTON,48,106,34,1144,495,28,62,0,115,1790,379,4201,2012-11-30
SOUTHEND-ON-SEA,44,48,16,1092,529,9,64,0,73,1664,241,3780,2012-11-30
SOUTHWARK,4,130,8,1561,835,21,137,1,249,3885,761,7592,2012-11-30
SPELTHORNE,3,36,7,611,256,1,41,0,64,787,155,1961,2012-11-30
ST ALBANS,27,47,20,927,412,3,62,0,111,1411,261,3281,2012-11-30
ST EDMUNDSBURY,55,24,22,615,255,9,42,0,128,805,193,2148,2012-11-30
ST HELENS,33,33,24,844,393,14,50,0,166,1414,275,3246,2012-11-30
STAFFORD,48,16,37,682,331,7,42,2,158,784,174,2281,2012-11-30
STAFFORDSHIRE MOORLANDS,87,3,12,525,202,13,19,0,116,641,103,1721,2012-11-30
STEVENAGE,5,15,12,394,152,3,25,0,30,461,122,1219,2012-11-30
STOCKPORT,43,62,29,1541,690,9,40,0,266,2299,434,5413,2012-11-30
STOCKTON-ON-TEES,24,26,67,924,425,6,81,0,117,1250,402,3322,2012-11-30
STOKE-ON-TRENT,56,50,114,1253,671,33,51,0,146,1694,287,4355,2012-11-30
STRATFORD-ON-AVON,63,35,35,757,363,8,62,0,186,1148,258,2915,2012-11-30
STROUD,54,21,48,625,317,6,36,2,130,871,168,2278,2012-11-30
SUFFOLK COASTAL,63,18,42,710,348,41,79,0,187,1091,283,2862,2012-11-30
SUNDERLAND,27,61,80,1164,529,18,105,0,151,1662,313,4110,2012-11-30
SURREY HEATH,2,26,15,501,247,4,29,0,82,682,174,1762,2012-11-30
SUTTON,8,83,8,1095,494,11,36,0,83,1557,363,3738,2012-11-30
SWALE,11,31,42,745,339,5,69,1,92,1096,253,2684,2012-11-30
SWANSEA,64,41,49,1286,527,16,72,0,296,1658,249,4258,2012-11-30
SWINDON,64,62,54,1103,541,11,76,0,135,1498,322,3866,2012-11-30
TAMESIDE,42,41,17,1026,461,18,53,0,158,1584,318,3718,2012-11-30
TAMWORTH,6,9,13,429,204,5,19,0,40,510,113,1348,2012-11-30
TANDRIDGE,3,17,80,534,271,7,36,0,100,837,225,2110,2012-11-30
TAUNTON DEANE,39,16,41,627,305,4,64,0,133,861,227,2317,2012-11-30
TEIGNBRIDGE,25,31,42,833,366,11,88,0,152,1101,241,2890,2012-11-30
TENDRING,50,17,35,745,355,6,37,0,205,1106,208,2764,2012-11-30
TEST VALLEY,36,43,51,650,303,12,87,0,143,870,192,2387,2012-11-30
TEWKESBURY,30,16,67,492,195,0,66,1,73,627,138,1705,2012-11-30
THANET,6,25,12,709,392,10,67,1,89,1184,278,2773,2012-11-30
THE VALE OF GLAMORGAN,23,21,29,732,310,6,28,0,106,976,165,2396,2012-11-30
THREE RIVERS,7,23,9,515,225,4,30,0,61,950,191,2015,2012-11-30
THURROCK,9,29,35,779,306,8,93,0,128,1389,312,3088,2012-11-30
TONBRIDGE AND MALLING,5,20,39,734,387,2,75,0,139,1039,231,2671,2012-11-30
TORBAY,19,25,19,760,361,8,47,0,88,1236,235,2798,2012-11-30
TORFAEN,26,7,13,410,180,6,30,0,84,586,154,1496,2012-11-30
TORRIDGE,27,12,38,453,209,6,51,0,97,531,117,1541,2012-11-30
TOWER HAMLETS,4,304,15,1512,655,13,240,0,257,4912,992,8904,2012-11-30
TRAFFORD,96,58,11,1353,586,5,66,0,172,1992,360,4699,2012-11-30
TUNBRIDGE WELLS,7,39,29,731,303,2,30,0,151,1298,308,2898,2012-11-30
UTTLESFORD,19,10,43,515,248,11,63,0,123,933,157,2122,2012-11-30
VALE OF WHITE HORSE,21,33,30,690,412,15,89,0,134,1070,266,2760,2012-11-30
WAKEFIELD,40,65,100,1537,611,46,130,0,263,2436,364,5592,2012-11-30
WALSALL,54,39,41,1076,419,23,87,2,158,1707,348,3954,2012-11-30
WALTHAM FOREST,25,107,5,1095,564,4,105,0,112,2590,388,4995,2012-11-30
WANDSWORTH,2,172,7,2455,1138,10,206,0,182,4642,986,9800,2012-11-30
WARRINGTON,88,66,20,1148,538,18,101,0,152,1691,293,4115,2012-11-30
WARWICK,16,31,21,738,383,10,28,0,107,1178,262,2774,2012-11-30
WATFORD,9,80,18,542,215,3,61,0,67,945,122,2062,2012-11-30
WAVENEY,63,14,26,556,284,8,21,0,124,720,131,1947,2012-11-30
WAVERLEY,10,24,20,843,396,9,40,0,173,1381,240,3136,2012-11-30
WEALDEN,61,50,67,973,425,4,104,0,232,1469,346,3731,2012-11-30
WELLINGBOROUGH,25,13,5,379,169,3,32,1,58,560,112,1357,2012-11-30
WELWYN HATFIELD,21,20,15,543,226,7,31,0,76,727,174,1840,2012-11-30
WEST BERKSHIRE,14,29,22,957,409,5,76,2,141,1355,314,3324,2012-11-30
WEST DEVON,23,10,23,287,150,13,16,0,92,482,103,1199,2012-11-30
WEST DORSET,41,23,30,580,240,6,45,2,164,768,175,2074,2012-11-30
WEST LANCASHIRE,42,13,18,518,214,11,30,0,115,757,145,1863,2012-11-30
WEST LINDSEY,44,42,34,443,204,7,63,0,124,1000,138,2099,2012-11-30
WEST OXFORDSHIRE,36,32,28,689,284,7,68,1,152,911,199,2407,2012-11-30
WEST SOMERSET,22,0,11,203,80,2,15,0,58,288,84,763,2012-11-30
WEYMOUTH AND PORTLAND,16,9,7,427,167,12,38,0,56,515,87,1334,2012-11-30
WIGAN,68,44,45,1489,670,32,71,0,297,2265,401,5382,2012-11-30
WILTSHIRE,169,74,169,2440,1041,19,224,0,610,3466,800,9012,2012-11-30
WINCHESTER,61,19,29,681,322,9,63,1,205,1072,228,2690,2012-11-30
WINDSOR AND MAIDENHEAD,25,39,24,937,411,5,53,1,154,1635,302,3586,2012-11-30
WIRRAL,58,68,21,1493,676,26,63,0,177,2232,374,5188,2012-11-30
WOKING,1,34,14,642,270,3,49,0,88,1092,250,2443,2012-11-30
WOKINGHAM,7,53,21,1005,412,21,58,0,141,1376,293,3387,2012-11-30
WOLVERHAMPTON,80,50,35,1075,466,10,77,0,168,1451,244,3656,2012-11-30
WORCESTER,18,24,17,512,240,11,23,0,81,773,134,1833,2012-11-30
WREKIN,30,56,37,816,339,14,116,0,155,1151,274,2988,2012-11-30
WORTHING,21,35,8,658,351,22,18,0,51,940,182,2286,2012-11-30
WREXHAM,47,22,28,554,257,31,37,0,120,911,143,2150,2012-11-30
WYCHAVON,56,27,42,595,273,8,66,0,184,1006,175,2432,2012-11-30
WYCOMBE,83,39,57,937,432,6,61,0,162,1414,342,3533,2012-11-30
WYRE,44,20,19,604,244,4,20,0,147,786,137,2025,2012-11-30
WYRE FOREST,59,19,17,438,228,5,32,0,115,628,124,1665,2012-11-30
YORK,92,40,20,1041,471,15,60,2,210,1228,263,3442,2012-11-30
ALL COUNTIES,0,0,0,0,0,0,0,0,0,2,27,29,2012-10-31
ADUR,16,10,12,372,204,4,25,0,43,518,105,1309,2012-10-31
ALLERDALE,82,12,37,542,245,3,33,0,156,834,114,2058,2012-10-31
AMBER VALLEY,63,17,28,635,294,1,45,0,160,917,169,2329,2012-10-31
ARUN,22,68,36,908,459,5,64,4,120,1687,306,3679,2012-10-31
ASHFIELD,41,26,49,537,228,16,34,0,108,763,155,1957,2012-10-31
ASHFORD,8,27,66,660,290,5,55,0,161,1214,269,2755,2012-10-31
AYLESBURY VALE,66,39,90,1029,424,10,142,0,193,1372,350,3715,2012-10-31
BABERGH,33,3,30,546,231,0,53,0,145,798,216,2055,2012-10-31
BARKING AND DAGENHAM,9,63,11,639,295,3,52,0,92,1550,266,2980,2012-10-31
BARNET,15,212,26,1993,890,6,188,0,175,4062,723,8290,2012-10-31
BARNSLEY,102,33,66,1521,518,14,74,0,178,1747,327,4580,2012-10-31
BARROW-IN-FURNESS,22,10,8,328,182,1,28,0,55,541,73,1248,2012-10-31
BASILDON,20,26,53,902,419,6,112,0,116,1188,262,3104,2012-10-31
BASINGSTOKE AND DEANE,31,25,35,1009,491,7,64,0,145,1210,304,3321,2012-10-31
BASSETLAW,57,24,28,576,257,9,44,0,136,921,184,2236,2012-10-31
BATH AND NORTH EAST SOMERSET,59,59,27,1064,492,2,78,0,236,1757,354,4128,2012-10-31
BEDFORD,29,47,74,845,382,8,115,1,147,1362,241,3251,2012-10-31
BEXLEY,11,109,21,1200,559,5,79,0,109,1857,305,4255,2012-10-31
BIRMINGHAM,96,239,157,4582,2072,66,282,0,689,8411,1368,17962,2012-10-31
BLABY,20,18,23,497,206,7,24,0,71,733,146,1745,2012-10-31
BLACKBURN WITH DARWEN,18,75,28,659,364,14,23,0,119,1372,225,2897,2012-10-31
BLACKPOOL,40,13,9,719,452,9,11,0,129,1179,193,2754,2012-10-31
BLAENAU GWENT,28,9,16,304,145,5,15,0,77,514,67,1180,2012-10-31
BLYTH VALLEY,0,0,0,0,0,0,0,0,0,1,0,1,2012-10-31
BOLSOVER,16,27,25,381,182,3,33,0,57,553,100,1377,2012-10-31
BOLTON,49,55,25,1434,626,9,68,0,244,2425,386,5321,2012-10-31
BOSTON,30,11,8,309,142,3,18,0,99,446,84,1150,2012-10-31
BOURNEMOUTH,38,97,16,1114,548,5,55,0,89,1878,364,4204,2012-10-31
BRACKNELL FOREST,9,27,33,692,332,5,81,0,91,1063,252,2585,2012-10-31
BRADFORD,121,276,105,2308,927,24,160,0,333,3423,631,8308,2012-10-31
BRAINTREE,49,53,19,850,382,4,36,0,209,1246,294,3142,2012-10-31
BRECKLAND,52,10,46,757,336,8,42,0,200,1020,258,2729,2012-10-31
BRENT,0,136,12,1323,573,2,79,2,145,3211,603,6086,2012-10-31
BRENTWOOD,20,24,11,451,229,3,60,0,83,689,129,1699,2012-10-31
BRIDGEND,40,21,40,840,359,5,49,0,181,1121,192,2848,2012-10-31
BRIDGNORTH,0,0,0,0,0,0,0,0,1,0,0,1,2012-10-31
BRIGHTON AND HOVE,22,253,13,2018,906,7,92,0,141,3196,610,7258,2012-10-31
BROADLAND,59,21,25,730,338,4,17,0,180,879,187,2440,2012-10-31
BROMLEY,18,94,58,1915,935,8,122,0,175,3025,612,6962,2012-10-31
BROMSGROVE,51,10,25,565,223,3,24,0,110,695,140,1846,2012-10-31
BROXBOURNE,43,17,37,578,244,0,42,0,60,938,150,2109,2012-10-31
BROXTOWE,24,17,17,567,211,3,11,0,60,696,147,1753,2012-10-31
BURNLEY,14,61,18,526,235,10,16,0,151,1352,148,2531,2012-10-31
BURY,23,26,23,1068,551,11,24,0,212,1741,291,3970,2012-10-31
CAERPHILLY,44,15,64,858,397,12,54,0,181,1160,205,2990,2012-10-31
CALDERDALE,55,22,48,1136,535,18,67,0,236,1706,312,4135,2012-10-31
CAMBRIDGE,13,45,11,644,226,4,55,2,147,1057,220,2424,2012-10-31
CAMDEN,4,221,10,1602,680,14,102,1,212,4576,949,8371,2012-10-31
CANNOCK CHASE,12,15,25,517,243,2,26,0,64,808,132,1844,2012-10-31
CANTERBURY,10,52,63,991,451,3,49,0,134,1524,278,3555,2012-10-31
CARDIFF,51,74,39,1979,886,16,108,0,280,2916,544,6893,2012-10-31
CARLISLE,64,11,31,594,278,7,32,0,153,844,247,2261,2012-10-31
CARMARTHENSHIRE,113,23,83,873,388,4,104,0,312,1416,229,3545,2012-10-31
CARRICK,0,0,0,0,0,0,0,0,1,0,0,1,2012-10-31
CASTLE POINT,55,27,6,432,170,4,14,1,134,589,83,1515,2012-10-31
CENTRAL BEDFORDSHIRE,76,57,140,1612,696,9,152,1,220,2020,447,5430,2012-10-31
CEREDIGION,47,11,29,387,172,4,33,0,129,528,90,1430,2012-10-31
CHARNWOOD,50,22,53,818,371,4,96,0,144,1201,260,3019,2012-10-31
CHELMSFORD,41,24,31,1011,447,4,80,0,199,1399,283,3519,2012-10-31
CHELTENHAM,40,31,22,735,366,5,43,2,103,1051,214,2612,2012-10-31
CHERWELL,69,20,31,882,390,9,43,0,189,1192,300,3125,2012-10-31
CHESHIRE EAST,150,79,68,2353,1014,29,110,1,520,3672,668,8664,2012-10-31
CHESHIRE WEST AND CHESTER,105,123,80,1847,754,13,88,0,377,2968,530,6885,2012-10-31
CHESTERFIELD,26,26,28,507,227,20,29,2,99,700,139,1803,2012-10-31
CHICHESTER,50,53,50,711,334,6,64,2,203,1223,247,2943,2012-10-31
CHILTERN,34,33,28,605,262,6,68,0,129,833,192,2190,2012-10-31
CHORLEY,37,53,53,612,292,0,71,0,151,928,136,2333,2012-10-31
CHRISTCHURCH,10,23,9,329,138,2,5,0,32,393,92,1033,2012-10-31
CITY OF BRISTOL,72,171,37,2442,1240,14,169,0,349,3870,850,9214,2012-10-31
CITY OF DERBY,32,38,42,1181,576,10,68,0,148,1779,325,4199,2012-10-31
CITY OF KINGSTON UPON HULL,57,40,67,1288,519,15,66,0,174,1549,276,4051,2012-10-31
CITY OF LONDON,2,58,2,335,129,8,92,2,153,2202,372,3355,2012-10-31
CITY OF NOTTINGHAM,34,75,29,1207,587,11,76,0,200,2695,441,5355,2012-10-31
CITY OF PETERBOROUGH,38,24,72,957,420,8,108,0,119,1440,291,3477,2012-10-31
CITY OF PLYMOUTH,30,47,27,1389,606,6,108,0,208,2016,408,4845,2012-10-31
CITY OF WESTMINSTER,20,419,28,2738,1131,29,292,0,523,10982,2131,18293,2012-10-31
COLCHESTER,50,35,70,1068,498,6,154,1,191,1425,341,3839,2012-10-31
CONGLETON,0,0,0,0,0,0,0,0,1,0,0,1,2012-10-31
CONWY,65,29,25,598,316,8,57,0,216,1005,177,2496,2012-10-31
COPELAND,36,5,18,316,162,3,28,0,110,609,120,1407,2012-10-31
CORBY,5,24,41,335,142,3,81,0,66,598,152,1447,2012-10-31
CORNWALL,302,116,267,3217,1596,58,289,0,1046,5411,970,13272,2012-10-31
COTSWOLD,42,21,36,539,254,4,48,0,167,963,205,2279,2012-10-31
COUNTY DURHAM,308,105,143,2552,1136,58,181,0,490,4210,832,10015,2012-10-31
COVENTRY,48,74,57,1292,544,13,99,0,184,2872,352,5535,2012-10-31
CRAVEN,37,11,16,292,150,2,18,0,94,470,95,1185,2012-10-31
CRAWLEY,2,62,19,543,235,1,43,0,45,784,202,1936,2012-10-31
CREWE AND NANTWICH,0,0,0,0,0,0,0,0,2,0,0,2,2012-10-31
CROYDON,3,114,15,1924,891,16,109,0,175,3480,679,7406,2012-10-31
DACORUM,25,41,25,901,361,0,62,1,111,1259,315,3101,2012-10-31
DARLINGTON,31,9,22,552,249,1,41,0,75,820,154,1954,2012-10-31
DARTFORD,11,36,39,914,246,5,99,0,94,899,226,2569,2012-10-31
DAVENTRY,29,8,25,441,209,3,34,0,93,642,121,1605,2012-10-31
DENBIGHSHIRE,48,10,25,460,276,5,26,0,152,768,145,1915,2012-10-31
DERBYSHIRE DALES,71,11,32,448,184,2,38,1,179,634,118,1718,2012-10-31
DONCASTER,51,70,52,1425,676,10,99,0,225,2267,427,5302,2012-10-31
DOVER,7,23,14,674,331,1,31,0,113,999,164,2357,2012-10-31
DUDLEY,62,44,57,1368,592,11,73,0,184,2165,343,4899,2012-10-31
DURHAM,0,0,0,1,0,0,0,0,0,0,0,1,2012-10-31
EALING,3,164,19,1727,777,10,156,1,189,3414,615,7075,2012-10-31
EAST CAMBRIDGESHIRE,101,18,28,491,235,0,43,0,113,630,139,1798,2012-10-31
EAST DEVON,44,48,50,1008,446,4,60,0,163,1264,260,3347,2012-10-31
EAST DORSET,23,13,11,491,238,3,20,0,98,744,135,1776,2012-10-31
EAST HAMPSHIRE,53,34,15,732,328,2,33,0,153,977,260,2587,2012-10-31
EAST HERTFORDSHIRE,24,45,33,853,426,5,55,0,149,1646,363,3599,2012-10-31
EAST LINDSEY,92,24,30,727,329,25,31,0,185,1009,168,2620,2012-10-31
EAST NORTHAMPTONSHIRE,37,15,32,503,246,2,43,1,76,701,174,1830,2012-10-31
EAST RIDING OF YORKSHIRE,153,39,94,1995,910,11,136,0,455,3038,497,7328,2012-10-31
EAST STAFFORDSHIRE,48,21,25,526,271,3,36,0,142,917,179,2168,2012-10-31
EASTBOURNE,1,52,25,637,323,3,22,0,58,1210,288,2619,2012-10-31
EASTLEIGH,35,35,32,700,335,5,38,2,80,971,211,2444,2012-10-31
EDEN,42,10,23,360,121,0,21,0,105,526,79,1287,2012-10-31
ELMBRIDGE,5,32,44,1036,469,4,53,0,170,1779,362,3954,2012-10-31
ENFIELD,13,92,20,1489,578,7,90,0,112,3708,455,6564,2012-10-31
EPPING FOREST,21,37,22,770,325,4,46,0,175,1373,250,3023,2012-10-31
EPSOM AND EWELL,3,28,18,531,217,1,37,0,42,707,195,1779,2012-10-31
EREWASH,26,23,19,573,287,9,50,0,100,808,159,2054,2012-10-31
EXETER,20,27,16,673,294,11,24,0,108,1033,213,2419,2012-10-31
FAREHAM,31,41,21,703,317,9,27,1,99,957,195,2401,2012-10-31
FENLAND,143,13,22,503,217,12,48,1,124,721,137,1941,2012-10-31
FLINTSHIRE,63,11,38,715,337,5,48,0,154,1064,211,2646,2012-10-31
FOREST HEATH,45,16,25,323,151,0,68,0,87,475,145,1335,2012-10-31
FOREST OF DEAN,49,9,27,404,210,4,48,1,106,626,110,1594,2012-10-31
FYLDE,31,19,6,493,213,2,20,0,146,871,136,1937,2012-10-31
GATESHEAD,35,70,60,1057,461,10,56,0,144,1505,283,3681,2012-10-31
GEDLING,34,29,19,620,260,3,32,0,90,707,140,1934,2012-10-31
GLOUCESTER,51,49,27,598,282,9,53,4,111,882,198,2264,2012-10-31
GOSPORT,16,36,14,475,208,4,38,1,44,611,118,1565,2012-10-31
GRAVESHAM,4,33,28,604,241,2,29,0,58,782,177,1958,2012-10-31
GREAT YARMOUTH,34,15,28,500,219,4,21,0,87,673,113,1694,2012-10-31
GREENWICH,0,230,18,1117,544,10,96,0,130,2458,491,5094,2012-10-31
GUILDFORD,7,59,54,926,404,2,76,0,213,1442,258,3441,2012-10-31
GWYNEDD,106,10,25,643,278,2,31,0,269,989,141,2494,2012-10-31
HACKNEY,9,275,13,1245,543,12,192,0,136,3077,549,6051,2012-10-31
HALTON,26,22,23,598,329,12,34,0,96,953,171,2264,2012-10-31
HAMBLETON,51,12,18,501,242,1,32,0,126,687,138,1808,2012-10-31
HAMMERSMITH AND FULHAM,3,142,4,1394,566,3,148,0,130,3478,617,6485,2012-10-31
HARBOROUGH,43,32,29,533,235,4,64,1,132,832,142,2047,2012-10-31
HARINGEY,15,141,12,1345,653,3,89,0,124,3251,595,6228,2012-10-31
HARLOW,1,28,7,358,169,4,32,0,44,589,128,1360,2012-10-31
HARROGATE,187,11,31,1039,434,8,30,0,224,1258,207,3429,2012-10-31
HARROW,4,128,22,1165,532,7,79,1,109,2077,384,4508,2012-10-31
HART,56,12,28,542,262,5,43,0,95,698,188,1929,2012-10-31
HARTLEPOOL,9,12,27,433,174,4,36,0,39,636,114,1484,2012-10-31
HASTINGS,4,32,15,552,258,5,16,0,75,992,191,2140,2012-10-31
HAVANT,24,70,12,696,286,6,18,1,63,894,238,2308,2012-10-31
HAVERING,28,48,30,1159,514,7,59,0,125,2134,307,4411,2012-10-31
HEREFORDSHIRE,79,23,67,976,460,11,76,0,320,1556,361,3929,2012-10-31
HERTSMERE,2,38,13,547,266,4,30,0,70,1029,206,2205,2012-10-31
HIGH PEAK,42,18,25,529,212,2,27,0,136,731,134,1856,2012-10-31
HILLINGDON,5,134,33,1448,570,3,157,0,172,2486,484,5492,2012-10-31
HINCKLEY AND BOSWORTH,30,19,34,539,257,8,41,0,99,948,157,2132,2012-10-31
HORSHAM,36,35,56,892,375,11,105,2,183,1347,298,3340,2012-10-31
HOUNSLOW,4,60,9,1265,555,4,60,0,126,2614,482,5179,2012-10-31
HUNTINGDONSHIRE,43,31,76,1018,457,4,106,0,153,1261,306,3455,2012-10-31
HYNDBURN,43,5,8,813,200,3,7,0,101,855,129,2164,2012-10-31
IPSWICH,17,24,16,675,310,0,52,0,85,1034,257,2470,2012-10-31
ISLE OF ANGLESEY,90,11,21,438,185,3,36,0,132,625,85,1626,2012-10-31
ISLE OF WIGHT,56,63,40,811,380,9,53,0,197,1476,284,3369,2012-10-31
ISLES OF SCILLY,0,2,0,7,5,0,0,0,7,21,1,43,2012-10-31
ISLINGTON,1,254,9,1241,611,6,208,1,160,3553,618,6662,2012-10-31
KENSINGTON AND CHELSEA,84,209,14,1658,783,11,106,0,255,6036,1053,10209,2012-10-31
KERRIER,0,0,0,0,0,0,0,0,1,0,0,1,2012-10-31
KETTERING,43,22,26,475,206,4,35,0,67,765,140,1783,2012-10-31
KING'S LYNN AND WEST NORFOLK,88,16,68,819,383,7,108,1,263,1178,226,3157,2012-10-31
KINGSTON UPON THAMES,7,57,7,1014,498,3,47,0,74,1775,292,3774,2012-10-31
KIRKLEES,75,85,160,2106,998,32,135,0,357,3586,619,8153,2012-10-31
KNOWSLEY,15,97,25,584,269,7,38,0,83,1039,296,2453,2012-10-31
LAMBETH,3,263,8,1933,842,13,168,1,191,4813,798,9033,2012-10-31
LANCASTER,73,32,18,638,355,12,42,0,171,972,178,2491,2012-10-31
LEEDS,116,168,105,3528,1712,27,453,0,632,5941,988,13670,2012-10-31
LEICESTER,11,66,29,1142,482,16,66,0,222,2041,345,4420,2012-10-31
LEWES,24,22,24,640,327,4,37,0,127,953,241,2399,2012-10-31
LEWISHAM,3,138,26,1596,620,10,125,2,122,2987,557,6186,2012-10-31
LICHFIELD,16,14,41,602,261,3,37,0,107,818,166,2065,2012-10-31
LINCOLN,21,29,31,522,243,10,35,0,98,693,142,1824,2012-10-31
LIVERPOOL,62,337,46,1985,1123,47,150,0,292,4445,644,9131,2012-10-31
LUTON,29,50,11,945,357,6,27,0,97,1423,256,3201,2012-10-31
MACCLESFIELD,0,0,0,0,0,0,0,0,1,0,0,1,2012-10-31
MAIDSTONE,11,30,50,893,370,2,67,0,175,1532,333,3463,2012-10-31
MALDON,33,3,21,396,155,2,27,0,113,463,87,1300,2012-10-31
MALVERN HILLS,66,16,22,370,154,2,46,0,136,583,137,1532,2012-10-31
MANCHESTER,43,290,50,2084,1291,32,198,0,508,5541,1086,11123,2012-10-31
MANSFIELD,22,34,37,560,245,6,29,2,66,758,155,1914,2012-10-31
MEDWAY,14,32,52,1443,565,14,78,1,183,2202,549,5133,2012-10-31
MELTON,27,6,17,277,142,3,23,0,86,397,103,1081,2012-10-31
MENDIP,79,37,41,640,301,1,43,0,158,921,201,2422,2012-10-31
MERTHYR TYDFIL,29,4,13,255,94,1,12,0,103,409,59,979,2012-10-31
MERTON,1,143,5,1366,581,8,136,0,124,2246,426,5036,2012-10-31
MID DEVON,21,13,28,523,238,2,48,0,123,743,183,1922,2012-10-31
MID SUFFOLK,62,9,48,599,269,15,59,1,153,841,206,2262,2012-10-31
MID SUSSEX,29,53,61,913,438,7,81,0,143,1407,360,3492,2012-10-31
MIDDLESBROUGH,14,18,28,625,249,6,42,0,63,901,168,2114,2012-10-31
MILTON KEYNES,30,83,86,1290,621,12,185,1,224,2480,700,5712,2012-10-31
MOLE VALLEY,5,19,42,566,232,4,28,0,119,946,173,2134,2012-10-31
MONMOUTHSHIRE,147,17,43,567,253,4,46,0,124,798,143,2142,2012-10-31
NEATH PORT TALBOT,42,18,32,650,244,43,42,0,203,999,133,2406,2012-10-31
NEW FOREST,42,37,28,1075,528,7,52,0,195,1708,356,4028,2012-10-31
NEWARK AND SHERWOOD,38,32,41,611,305,6,38,1,168,950,173,2363,2012-10-31
NEWCASTLE UPON TYNE,36,70,69,1324,660,11,73,0,203,2411,404,5261,2012-10-31
NEWCASTLE-UNDER-LYME,29,12,16,577,273,8,43,0,125,925,149,2157,2012-10-31
NEWHAM,10,75,16,979,481,16,89,0,164,2700,623,5153,2012-10-31
NEWPORT,37,29,32,711,330,5,57,0,135,1178,187,2701,2012-10-31
NORTH CORNWALL,0,0,0,5,0,0,0,0,0,0,0,5,2012-10-31
NORTH DEVON,49,23,31,619,293,4,35,0,157,850,162,2223,2012-10-31
NORTH DORSET,30,17,27,407,204,9,28,0,127,608,171,1628,2012-10-31
NORTH EAST DERBYSHIRE,48,22,27,486,196,2,27,0,104,661,136,1709,2012-10-31
NORTH EAST LINCOLNSHIRE,41,46,38,901,497,46,38,0,111,1153,186,3057,2012-10-31
NORTH HERTFORDSHIRE,35,44,15,754,327,5,55,3,110,1017,259,2624,2012-10-31
NORTH KESTEVEN,39,25,53,602,278,5,65,0,169,855,211,2302,2012-10-31
NORTH LINCOLNSHIRE,65,27,34,803,383,17,46,0,159,1315,273,3122,2012-10-31
NORTH NORFOLK,66,24,47,613,326,7,65,0,264,996,239,2647,2012-10-31
NORTH SOMERSET,73,46,58,1299,620,6,147,1,219,1573,358,4400,2012-10-31
NORTH TYNESIDE,37,71,58,1116,542,6,71,0,110,1439,281,3731,2012-10-31
NORTH WARWICKSHIRE,26,15,15,363,159,6,27,1,84,543,104,1343,2012-10-31
NORTH WEST LEICESTERSHIRE,30,23,33,524,226,1,39,0,156,860,157,2049,2012-10-31
NORTHAMPTON,42,55,61,1167,516,10,93,0,164,1774,366,4248,2012-10-31
NORTHUMBERLAND,127,77,136,1819,726,21,122,0,335,2400,508,6271,2012-10-31
NORWICH,26,38,14,741,375,11,48,0,99,1063,203,2618,2012-10-31
NUNEATON AND BEDWORTH,20,19,15,554,257,5,31,0,72,853,168,1994,2012-10-31
OADBY AND WIGSTON,13,17,3,208,118,1,4,0,27,308,69,768,2012-10-31
OLDHAM,28,42,40,964,476,8,58,0,227,1801,314,3958,2012-10-31
OSWESTRY,0,0,0,1,0,0,0,0,0,0,0,1,2012-10-31
OXFORD,15,37,18,730,290,0,44,0,87,1307,184,2712,2012-10-31
PEMBROKESHIRE,80,16,35,637,295,6,57,0,233,1063,204,2626,2012-10-31
PENDLE,43,10,15,453,206,4,17,0,105,740,107,1700,2012-10-31
POOLE,21,37,15,939,398,0,43,0,90,1475,342,3360,2012-10-31
PORTSMOUTH,60,88,22,1035,504,18,59,1,125,1869,365,4146,2012-10-31
POWYS,179,11,56,757,339,10,58,0,287,1110,221,3028,2012-10-31
PRESTON,24,27,17,689,326,3,24,0,143,1093,199,2545,2012-10-31
PURBECK,22,10,20,225,102,0,22,0,83,416,123,1023,2012-10-31
READING,20,60,16,1021,468,4,56,0,104,1821,269,3839,2012-10-31
REDBRIDGE,21,60,15,1172,546,16,42,0,127,2457,373,4829,2012-10-31
REDCAR AND CLEVELAND,22,8,28,670,308,9,40,0,80,862,224,2251,2012-10-31
REDDITCH,16,6,18,375,200,2,18,0,67,734,137,1573,2012-10-31
REIGATE AND BANSTEAD,4,59,40,893,408,4,75,0,101,1552,342,3478,2012-10-31
RESTORMEL,0,0,0,1,0,0,0,0,1,0,0,2,2012-10-31
RHONDDA CYNON TAFF,121,24,61,1164,478,11,65,0,300,1904,259,4387,2012-10-31
RIBBLE VALLEY,32,8,14,311,177,4,26,0,176,636,100,1484,2012-10-31
RICHMOND UPON THAMES,6,96,17,1511,731,9,85,0,136,2668,487,5746,2012-10-31
RICHMONDSHIRE,25,6,15,237,120,1,19,0,87,395,86,991,2012-10-31
ROCHDALE,21,225,45,928,491,12,48,0,185,1707,260,3922,2012-10-31
ROCHFORD,42,8,14,429,170,4,11,0,90,560,131,1459,2012-10-31
ROSSENDALE,68,7,21,401,156,5,10,0,110,705,120,1603,2012-10-31
ROTHER,11,24,23,759,326,4,25,0,136,1180,245,2733,2012-10-31
ROTHERHAM,41,89,55,1224,513,11,110,1,138,1902,330,4414,2012-10-31
RUGBY,19,28,45,574,263,2,46,0,109,802,184,2072,2012-10-31
RUNNYMEDE,4,15,9,548,257,2,19,0,55,886,176,1971,2012-10-31
RUSHCLIFFE,16,27,62,669,300,3,54,0,155,1078,178,2542,2012-10-31
RUSHMOOR,20,22,15,530,212,12,27,0,67,629,152,1686,2012-10-31
RUTLAND,9,5,5,244,122,0,19,0,75,269,73,821,2012-10-31
RYEDALE,57,29,40,297,108,2,22,0,120,459,60,1194,2012-10-31
SALFORD,28,52,31,1176,747,27,105,0,182,2423,510,5281,2012-10-31
SANDWELL,27,53,62,1221,514,12,67,0,171,2256,405,4788,2012-10-31
SCARBOROUGH,62,30,34,630,341,2,28,0,202,922,186,2437,2012-10-31
SEDGEMOOR,51,34,52,636,289,7,72,0,180,852,188,2361,2012-10-31
SEFTON,62,46,19,1430,569,6,56,0,188,2123,344,4843,2012-10-31
SELBY,65,23,31,519,203,2,49,0,126,822,150,1990,2012-10-31
SEVENOAKS,16,25,39,613,303,1,54,0,143,1109,255,2558,2012-10-31
SHEFFIELD,100,82,107,2748,1268,19,155,1,473,4278,993,10224,2012-10-31
SHEPWAY,12,13,23,619,333,10,32,0,109,1183,226,2560,2012-10-31
SHROPSHIRE,129,46,100,1519,711,6,183,0,492,2569,579,6334,2012-10-31
SLOUGH,11,24,11,550,222,2,48,0,84,1353,252,2557,2012-10-31
SOLIHULL,34,44,47,1057,524,12,74,0,147,1831,302,4072,2012-10-31
SOUTH BEDFORDSHIRE,0,0,0,0,0,0,0,0,3,0,0,3,2012-10-31
SOUTH BUCKS,18,21,16,455,203,1,34,0,95,927,154,1924,2012-10-31
SOUTH CAMBRIDGESHIRE,38,45,70,859,390,4,99,0,190,1168,274,3137,2012-10-31
SOUTH DERBYSHIRE,30,17,51,543,237,9,55,1,114,778,158,1993,2012-10-31
SOUTH GLOUCESTERSHIRE,65,58,61,1636,692,4,114,0,360,2205,423,5618,2012-10-31
SOUTH HAMS,29,12,43,633,317,38,42,0,164,1068,223,2569,2012-10-31
SOUTH HOLLAND,44,17,27,485,237,6,32,0,145,775,167,1935,2012-10-31
SOUTH KESTEVEN,48,32,46,740,316,5,77,0,207,1058,213,2742,2012-10-31
SOUTH LAKELAND,81,15,51,644,339,17,42,0,200,907,208,2504,2012-10-31
SOUTH NORFOLK,68,27,58,710,335,1,66,0,193,1008,247,2713,2012-10-31
SOUTH NORTHAMPTONSHIRE,28,8,22,502,237,2,24,1,124,617,141,1706,2012-10-31
SOUTH OXFORDSHIRE,39,46,71,843,349,0,50,0,157,1470,257,3282,2012-10-31
SOUTH RIBBLE,39,17,13,559,274,10,19,0,119,830,196,2076,2012-10-31
SOUTH SOMERSET,92,39,50,932,426,4,81,0,247,1185,300,3356,2012-10-31
SOUTH STAFFORDSHIRE,47,11,23,539,194,1,30,4,141,753,181,1924,2012-10-31
SOUTH TYNESIDE,11,33,44,693,301,2,34,0,57,1101,211,2487,2012-10-31
SOUTHAMPTON,57,262,35,1148,510,18,86,1,130,1930,379,4556,2012-10-31
SOUTHEND-ON-SEA,28,63,28,1054,532,10,31,0,73,1731,307,3857,2012-10-31
SOUTHWARK,4,137,17,1677,758,11,267,1,193,4555,814,8434,2012-10-31
SPELTHORNE,0,36,15,635,239,0,31,1,41,948,194,2140,2012-10-31
ST ALBANS,28,51,23,1017,430,6,38,0,114,1341,302,3350,2012-10-31
ST EDMUNDSBURY,49,19,30,577,264,3,36,0,137,827,190,2132,2012-10-31
ST HELENS,39,32,36,1064,351,5,27,0,178,1439,260,3431,2012-10-31
ST MARTIN'S,0,0,0,0,0,0,0,0,0,0,1,1,2012-10-31
STAFFORD,66,18,37,673,309,4,39,1,190,1059,187,2583,2012-10-31
STAFFORDSHIRE MOORLANDS,89,18,25,535,232,11,22,3,132,661,123,1851,2012-10-31
STEVENAGE,5,22,14,389,166,3,26,0,35,548,144,1352,2012-10-31
STOCKPORT,64,41,32,1607,710,8,50,0,284,2261,455,5512,2012-10-31
STOCKTON-ON-TEES,20,33,72,989,431,5,83,0,98,1374,298,3403,2012-10-31
STOKE-ON-TRENT,35,40,47,1125,536,33,46,0,175,2026,532,4595,2012-10-31
STRATFORD-ON-AVON,56,32,37,743,375,3,46,0,178,1361,335,3166,2012-10-31
STROUD,51,16,68,720,297,1,71,1,167,1030,215,2637,2012-10-31
SUFFOLK COASTAL,79,20,45,806,342,10,45,0,275,1097,269,2988,2012-10-31
SUNDERLAND,36,87,56,1253,535,13,74,0,121,1757,394,4326,2012-10-31
SURREY HEATH,3,23,19,553,231,1,30,0,99,793,158,1910,2012-10-31
SUTTON,3,92,19,1121,530,2,80,1,66,1758,379,4051,2012-10-31
SWALE,7,28,37,856,364,1,63,1,108,1076,272,2813,2012-10-31
SWANSEA,56,59,53,1326,553,12,85,0,314,1847,320,4625,2012-10-31
SWINDON,100,75,65,1201,502,12,90,0,140,1575,381,4141,2012-10-31
TAMESIDE,31,43,29,1033,466,15,41,0,151,1751,359,3919,2012-10-31
TAMWORTH,7,15,13,385,154,2,16,0,61,584,96,1333,2012-10-31
TANDRIDGE,2,28,83,577,232,2,36,0,98,1014,191,2263,2012-10-31
TAUNTON DEANE,38,21,33,603,273,4,69,0,140,960,204,2345,2012-10-31
TEIGNBRIDGE,92,24,45,892,380,4,84,0,170,1279,241,3211,2012-10-31
TENDRING,52,20,27,639,322,3,46,0,214,1023,210,2556,2012-10-31
TEST VALLEY,38,37,88,657,293,5,76,0,122,878,205,2399,2012-10-31
TEWKESBURY,43,21,43,495,206,5,56,0,97,680,170,1816,2012-10-31
THANET,10,34,17,817,381,17,21,0,83,1266,231,2877,2012-10-31
THE VALE OF GLAMORGAN,32,25,29,718,349,6,38,0,127,982,171,2477,2012-10-31
THREE RIVERS,3,12,21,550,233,14,43,0,65,755,149,1845,2012-10-31
THURROCK,55,34,25,813,370,9,80,0,94,1403,259,3142,2012-10-31
TONBRIDGE AND MALLING,4,32,37,736,346,3,91,0,137,1157,264,2807,2012-10-31
TORBAY,22,39,19,789,361,10,48,0,107,1148,208,2751,2012-10-31
TORFAEN,15,12,17,349,165,3,18,0,88,639,282,1588,2012-10-31
TORRIDGE,20,21,31,423,187,0,34,0,134,567,120,1537,2012-10-31
TOWER HAMLETS,2,313,55,1688,690,14,313,0,196,4512,917,8700,2012-10-31
TRAFFORD,62,65,34,1369,593,8,74,0,198,2258,444,5105,2012-10-31
TUNBRIDGE WELLS,9,47,25,823,339,5,30,0,138,1205,231,2852,2012-10-31
UTTLESFORD,20,10,61,509,215,2,82,0,130,904,166,2099,2012-10-31
VALE OF WHITE HORSE,21,28,41,792,311,12,85,0,168,1188,243,2889,2012-10-31
VALE ROYAL,0,0,0,0,0,0,0,0,1,0,0,1,2012-10-31
WAKEFIELD,54,63,70,1484,690,17,112,1,263,2301,366,5421,2012-10-31
WALSALL,38,34,43,1258,510,10,60,0,187,1899,322,4361,2012-10-31
WALTHAM FOREST,35,130,22,1200,536,10,73,0,112,2371,426,4915,2012-10-31
WANDSWORTH,5,246,16,2432,1154,6,124,1,170,4731,1009,9894,2012-10-31
WARRINGTON,66,88,17,1191,466,11,88,0,187,1779,303,4196,2012-10-31
WARWICK,14,42,27,838,357,1,38,0,127,1175,272,2891,2012-10-31
WATFORD,12,91,25,584,252,6,88,0,55,989,130,2232,2012-10-31
WAVENEY,69,18,28,675,259,5,34,0,125,886,166,2265,2012-10-31
WAVERLEY,32,29,22,919,398,3,50,0,141,1439,276,3309,2012-10-31
WEALDEN,33,22,61,1068,488,4,154,1,232,1464,342,3869,2012-10-31
WELLINGBOROUGH,29,10,8,374,184,1,11,0,46,508,113,1284,2012-10-31
WELWYN HATFIELD,27,14,17,544,232,4,48,1,99,762,188,1936,2012-10-31
WEST BERKSHIRE,12,34,24,1113,448,0,45,0,180,1442,317,3615,2012-10-31
WEST DEVON,28,35,18,347,191,8,23,0,98,526,92,1366,2012-10-31
WEST DORSET,51,41,26,554,272,2,29,0,148,916,211,2250,2012-10-31
WEST LANCASHIRE,32,28,30,522,222,2,36,8,131,837,155,2003,2012-10-31
WEST LINDSEY,38,23,20,517,241,0,48,0,105,623,121,1736,2012-10-31
WEST OXFORDSHIRE,40,25,23,680,344,2,56,1,166,1022,206,2565,2012-10-31
WEST SOMERSET,19,2,12,201,90,0,13,0,86,338,60,821,2012-10-31
WEYMOUTH AND PORTLAND,18,15,10,375,198,3,33,0,71,477,137,1337,2012-10-31
WIGAN,127,60,53,1460,688,17,72,0,334,2588,473,5872,2012-10-31
WILTSHIRE,193,120,189,2601,1174,20,234,0,570,3618,820,9539,2012-10-31
WINCHESTER,65,23,36,720,341,7,50,1,201,1108,268,2820,2012-10-31
WINDSOR AND MAIDENHEAD,15,32,28,989,397,10,51,1,174,1722,331,3750,2012-10-31
WIRRAL,44,43,35,1520,775,11,52,0,191,2315,337,5323,2012-10-31
WOKING,2,34,18,666,348,2,26,0,88,1046,201,2431,2012-10-31
WOKINGHAM,18,55,41,1093,428,12,63,0,128,1460,320,3618,2012-10-31
WOLVERHAMPTON,69,25,45,1042,430,14,70,0,192,1630,265,3782,2012-10-31
WORCESTER,34,42,6,504,222,4,36,0,99,714,126,1787,2012-10-31
WREKIN,32,54,75,881,407,4,104,0,170,1264,256,3247,2012-10-31
WORTHING,11,55,10,764,309,1,23,0,58,967,211,2409,2012-10-31
WREXHAM,30,23,28,560,239,5,33,0,104,836,128,1986,2012-10-31
WYCHAVON,84,54,75,717,278,5,80,0,193,985,201,2672,2012-10-31
WYCOMBE,77,40,36,1043,450,16,69,0,185,1451,349,3716,2012-10-31
WYRE,44,9,23,548,319,6,35,0,145,854,177,2160,2012-10-31
WYRE FOREST,81,18,15,472,197,3,41,0,111,601,125,1664,2012-10-31
YORK,73,28,30,1153,542,1,48,0,178,1267,302,3622,2012-10-31
ALL COUNTIES,1,0,0,2,0,0,0,0,0,7,29,39,2012-09-30
ADUR,10,10,12,305,157,2,7,0,48,431,87,1069,2012-09-30
ALLERDALE,65,7,29,429,196,4,40,0,136,610,87,1603,2012-09-30
AMBER VALLEY,52,20,45,531,186,13,25,0,134,908,153,2067,2012-09-30
ARUN,14,50,44,847,402,2,55,2,124,1536,319,3395,2012-09-30
ASHFIELD,34,21,58,506,214,10,59,0,73,662,149,1786,2012-09-30
ASHFORD,1,18,42,721,264,2,53,1,126,1031,212,2471,2012-09-30
AYLESBURY VALE,57,39,89,895,392,32,158,1,212,1597,337,3809,2012-09-30
BABERGH,24,8,31,443,191,11,37,1,100,591,123,1560,2012-09-30
BARKING AND DAGENHAM,8,114,8,538,249,14,48,0,67,1301,185,2532,2012-09-30
BARNET,14,165,21,1662,812,27,158,4,155,3181,581,6780,2012-09-30
BARNSLEY,67,35,59,1195,430,12,69,0,127,1364,273,3631,2012-09-30
BARROW-IN-FURNESS,11,4,10,316,159,4,7,0,53,502,73,1139,2012-09-30
BASILDON,6,26,30,772,340,5,104,0,93,1859,255,3490,2012-09-30
BASINGSTOKE AND DEANE,36,14,33,855,416,8,36,0,140,1210,298,3046,2012-09-30
BASSETLAW,215,19,34,643,209,4,34,0,96,729,150,2133,2012-09-30
BATH AND NORTH EAST SOMERSET,53,59,42,958,400,4,86,0,219,1403,284,3508,2012-09-30
BEDFORD,25,47,56,733,378,3,105,0,114,1075,203,2739,2012-09-30
BEXLEY,7,54,12,1147,470,7,80,0,82,1513,286,3658,2012-09-30
BIRMINGHAM,81,174,91,3781,1799,48,331,1,530,7455,1163,15454,2012-09-30
BLABY,18,10,22,401,182,3,36,0,71,505,107,1355,2012-09-30
BLACKBURN WITH DARWEN,14,27,16,555,250,5,21,0,117,929,159,2093,2012-09-30
BLACKPOOL,40,16,5,653,315,8,15,0,92,1036,139,2319,2012-09-30
BLAENAU GWENT,28,3,7,227,122,3,15,0,58,357,52,872,2012-09-30
BLYTH VALLEY,0,0,0,0,0,0,0,0,0,1,0,1,2012-09-30
BOLSOVER,11,16,15,365,152,3,21,0,46,464,87,1180,2012-09-30
BOLTON,66,64,28,1305,536,14,80,0,234,2102,302,4731,2012-09-30
BOSTON,17,5,9,273,135,3,17,0,88,374,68,989,2012-09-30
BOURNEMOUTH,24,91,20,971,448,10,41,1,93,1600,287,3586,2012-09-30
BRACKNELL FOREST,4,20,29,656,254,0,37,0,65,838,194,2097,2012-09-30
BRADFORD,88,41,81,1960,832,26,287,0,304,3196,489,7304,2012-09-30
BRAINTREE,29,12,17,709,344,6,41,0,174,1070,248,2650,2012-09-30
BRECKLAND,46,8,27,619,312,18,78,1,155,874,224,2362,2012-09-30
BRENT,7,95,8,1128,492,7,94,0,107,2549,485,4972,2012-09-30
BRENTWOOD,13,23,14,366,184,3,48,0,77,635,128,1491,2012-09-30
BRIDGEND,27,7,30,654,294,5,61,0,126,1004,159,2367,2012-09-30
BRIGHTON AND HOVE,24,204,10,1888,814,7,80,0,130,2592,506,6255,2012-09-30
BROADLAND,65,18,17,677,268,13,30,0,115,673,136,2012,2012-09-30
BROMLEY,10,118,41,1835,748,10,86,1,137,2564,501,6051,2012-09-30
BROMSGROVE,27,9,13,529,238,2,28,0,93,646,96,1681,2012-09-30
BROXBOURNE,11,11,36,464,207,4,26,1,56,695,163,1674,2012-09-30
BROXTOWE,18,6,19,556,227,9,19,0,68,635,119,1676,2012-09-30
BURNLEY,13,23,5,418,187,11,14,0,92,1047,108,1918,2012-09-30
BURY,26,22,12,837,365,8,21,1,141,1498,223,3154,2012-09-30
CAERPHILLY,35,15,39,912,345,1,44,0,116,946,158,2611,2012-09-30
CALDERDALE,48,19,35,1002,410,9,45,0,175,1595,233,3571,2012-09-30
CAMBRIDGE,11,35,8,495,254,5,65,2,100,717,137,1829,2012-09-30
CAMDEN,3,171,12,1227,618,13,132,0,168,3466,638,6448,2012-09-30
CANNOCK CHASE,20,7,22,376,172,6,37,0,53,707,124,1524,2012-09-30
CANTERBURY,9,42,36,792,395,11,60,0,138,1174,222,2879,2012-09-30
CARDIFF,35,70,24,1701,762,19,61,0,210,2524,394,5800,2012-09-30
CARLISLE,65,16,26,463,226,17,52,0,116,661,101,1743,2012-09-30
CARMARTHENSHIRE,88,20,74,796,321,5,80,0,270,1331,194,3179,2012-09-30
CASTLE POINT,38,6,4,401,164,4,24,1,103,527,73,1345,2012-09-30
CENTRAL BEDFORDSHIRE,54,35,122,1253,660,22,186,2,198,1775,356,4663,2012-09-30
CEREDIGION,30,5,17,328,166,3,29,0,153,558,70,1359,2012-09-30
CHARNWOOD,31,14,37,690,347,6,110,0,127,1080,196,2638,2012-09-30
CHELMSFORD,26,22,19,824,400,5,58,0,185,1215,274,3028,2012-09-30
CHELTENHAM,16,23,8,628,279,5,20,0,90,817,174,2060,2012-09-30
CHERWELL,50,11,35,757,344,14,61,0,184,1216,217,2889,2012-09-30
CHESHIRE EAST,79,51,49,2266,854,19,82,0,461,3165,526,7552,2012-09-30
CHESHIRE WEST AND CHESTER,77,52,44,1588,711,22,100,0,320,2412,436,5762,2012-09-30
CHESTERFIELD,16,12,13,478,197,5,31,0,80,607,127,1566,2012-09-30
CHICHESTER,51,45,23,623,308,3,73,0,180,1080,187,2573,2012-09-30
CHILTERN,32,23,28,543,231,6,38,0,116,1045,166,2228,2012-09-30
CHORLEY,36,28,35,490,220,3,51,0,114,775,178,1930,2012-09-30
CHRISTCHURCH,8,16,3,235,124,7,5,0,22,363,75,858,2012-09-30
CITY OF BRISTOL,67,154,39,2053,1010,29,237,0,265,3232,731,7817,2012-09-30
CITY OF DERBY,16,43,41,964,490,3,38,0,122,1538,330,3585,2012-09-30
CITY OF KINGSTON UPON HULL,17,20,35,890,429,21,74,0,103,1408,192,3189,2012-09-30
CITY OF LONDON,9,45,7,280,127,8,70,4,105,1508,234,2397,2012-09-30
CITY OF NOTTINGHAM,45,35,42,1138,445,12,60,0,179,2011,392,4359,2012-09-30
CITY OF PETERBOROUGH,21,29,52,737,367,14,139,2,103,1304,276,3044,2012-09-30
CITY OF PLYMOUTH,26,108,37,1193,490,41,63,0,136,1754,330,4178,2012-09-30
CITY OF WESTMINSTER,22,428,66,2255,1024,25,286,1,633,8053,1803,14596,2012-09-30
COLCHESTER,32,33,52,860,414,20,117,1,150,1120,232,3031,2012-09-30
CONGLETON,0,0,0,1,0,0,0,0,0,0,0,1,2012-09-30
CONWY,52,21,15,473,255,1,22,0,155,784,137,1915,2012-09-30
COPELAND,28,5,22,329,129,6,23,0,97,614,132,1385,2012-09-30
CORBY,10,11,42,255,104,0,59,0,41,425,94,1041,2012-09-30
CORNWALL,265,150,217,2820,1282,63,286,0,939,4766,846,11634,2012-09-30
COTSWOLD,31,28,54,456,213,5,67,0,140,837,182,2013,2012-09-30
COUNTY DURHAM,236,64,190,2206,982,30,147,0,396,3596,644,8491,2012-09-30
COVENTRY,42,34,55,1129,487,15,102,1,127,2337,280,4609,2012-09-30
CRAVEN,26,11,17,294,93,1,23,0,75,379,68,987,2012-09-30
CRAWLEY,9,36,19,444,211,2,31,0,82,698,164,1696,2012-09-30
CROYDON,4,79,11,1518,756,13,108,0,160,2882,674,6205,2012-09-30
DACORUM,21,25,6,666,328,2,31,0,80,1078,268,2505,2012-09-30
DARLINGTON,31,8,19,563,207,4,24,1,48,685,122,1712,2012-09-30
DARTFORD,6,25,26,519,221,4,92,1,60,806,204,1964,2012-09-30
DAVENTRY,28,9,14,388,171,3,18,1,62,542,102,1338,2012-09-30
DENBIGHSHIRE,34,12,13,433,190,7,25,0,116,820,107,1757,2012-09-30
DERBYSHIRE DALES,37,7,16,357,200,3,31,0,170,542,99,1462,2012-09-30
DONCASTER,46,40,36,1438,537,20,70,1,172,1826,368,4554,2012-09-30
DOVER,4,14,16,642,267,11,24,0,84,821,152,2035,2012-09-30
DUDLEY,31,25,42,1092,483,12,61,0,214,1843,334,4137,2012-09-30
EALING,8,124,19,1430,668,14,121,0,171,2769,498,5822,2012-09-30
EAST CAMBRIDGESHIRE,81,16,25,407,146,1,37,0,80,539,104,1436,2012-09-30
EAST DEVON,38,29,41,778,377,15,53,0,182,993,205,2711,2012-09-30
EAST DORSET,12,19,12,455,194,14,17,0,81,588,94,1486,2012-09-30
EAST HAMPSHIRE,50,22,29,595,270,21,42,1,142,804,190,2166,2012-09-30
EAST HERTFORDSHIRE,29,63,29,786,362,4,56,1,151,1210,240,2931,2012-09-30
EAST LINDSEY,82,19,33,653,291,30,37,0,184,864,141,2334,2012-09-30
EAST NORTHAMPTONSHIRE,26,10,27,426,194,4,47,1,51,607,123,1516,2012-09-30
EAST RIDING OF YORKSHIRE,83,34,63,1606,781,14,93,0,322,2348,337,5681,2012-09-30
EAST STAFFORDSHIRE,32,9,21,464,183,4,28,0,144,886,161,1932,2012-09-30
EASTBOURNE,0,32,5,570,261,6,26,0,35,1044,215,2194,2012-09-30
EASTLEIGH,25,40,34,654,285,5,51,0,69,933,220,2316,2012-09-30
EDEN,69,4,26,257,120,2,28,0,67,380,51,1004,2012-09-30
ELMBRIDGE,4,43,19,1042,425,4,43,2,120,1372,317,3391,2012-09-30
ENFIELD,7,74,17,1222,603,6,61,0,114,2685,407,5196,2012-09-30
EPPING FOREST,22,22,17,627,325,4,61,0,113,1114,231,2536,2012-09-30
EPSOM AND EWELL,2,24,16,432,209,4,22,0,29,578,133,1449,2012-09-30
EREWASH,19,15,25,612,223,3,31,0,85,748,130,1891,2012-09-30
EXETER,16,24,10,625,277,12,24,0,79,914,171,2152,2012-09-30
FAREHAM,32,19,16,627,310,16,41,0,74,764,178,2077,2012-09-30
FENLAND,54,7,26,412,177,4,28,0,106,626,119,1559,2012-09-30
FLINTSHIRE,58,15,36,564,241,5,48,0,133,905,147,2152,2012-09-30
FOREST HEATH,28,5,19,300,127,5,48,0,59,396,109,1096,2012-09-30
FOREST OF DEAN,36,7,28,359,163,10,42,1,122,611,123,1502,2012-09-30
FYLDE,10,12,8,409,181,12,24,0,109,770,167,1702,2012-09-30
GATESHEAD,26,36,62,833,376,9,62,0,102,1356,214,3076,2012-09-30
GEDLING,12,19,26,526,215,3,31,0,88,688,145,1753,2012-09-30
GLOUCESTER,17,24,29,611,242,3,59,0,109,735,170,1999,2012-09-30
GOSPORT,11,32,4,388,161,19,39,0,30,503,152,1339,2012-09-30
GRAVESHAM,2,8,5,415,180,3,93,0,46,682,159,1593,2012-09-30
GREAT YARMOUTH,34,9,13,448,167,6,14,0,50,518,113,1372,2012-09-30
GREENWICH,1,112,12,973,450,19,108,0,106,1956,387,4124,2012-09-30
GUILDFORD,13,35,24,801,330,11,39,0,135,1110,204,2702,2012-09-30
GWYNEDD,75,12,31,536,231,3,32,0,232,953,138,2243,2012-09-30
HACKNEY,5,183,13,1078,535,46,242,0,109,2439,441,5091,2012-09-30
HALTON,34,20,14,468,209,8,47,0,101,771,163,1835,2012-09-30
HAMBLETON,42,10,28,379,180,20,8,0,119,654,133,1573,2012-09-30
HAMMERSMITH AND FULHAM,4,118,6,1170,567,6,105,0,109,2573,480,5138,2012-09-30
HARBOROUGH,26,16,23,468,214,2,65,0,96,633,153,1696,2012-09-30
HARINGEY,5,121,12,1156,522,6,90,0,96,2473,419,4900,2012-09-30
HARLOW,2,13,12,321,138,2,28,0,34,540,127,1217,2012-09-30
HARROGATE,147,21,43,838,340,20,21,0,175,1099,192,2896,2012-09-30
HARROW,3,66,28,1093,400,15,126,0,87,1650,290,3758,2012-09-30
HART,14,16,13,498,237,14,22,0,72,623,160,1669,2012-09-30
HARTLEPOOL,11,20,33,360,173,2,45,0,39,532,110,1325,2012-09-30
HASTINGS,3,25,9,438,226,4,8,0,50,869,143,1775,2012-09-30
HAVANT,27,58,13,582,278,8,21,1,42,748,226,2004,2012-09-30
HAVERING,23,41,27,1035,467,9,51,0,108,1712,280,3753,2012-09-30
HEREFORDSHIRE,68,27,47,790,394,22,53,1,239,1182,266,3089,2012-09-30
HERTSMERE,7,22,8,486,218,14,29,0,52,804,173,1813,2012-09-30
HIGH PEAK,87,14,17,451,172,4,12,0,109,618,105,1589,2012-09-30
HILLINGDON,8,154,33,1229,532,33,159,0,168,2152,424,4892,2012-09-30
HINCKLEY AND BOSWORTH,27,16,12,466,194,2,38,0,77,795,141,1768,2012-09-30
HORSHAM,30,23,32,791,353,5,65,1,150,1123,237,2810,2012-09-30
HOUNSLOW,5,78,10,1104,491,9,52,0,123,2228,455,4555,2012-09-30
HOVE,0,0,0,0,0,0,0,0,0,1,0,1,2012-09-30
HUNTINGDONSHIRE,39,51,49,900,400,13,94,1,120,1217,293,3177,2012-09-30
HYNDBURN,50,3,5,388,148,5,4,0,113,627,103,1446,2012-09-30
IPSWICH,19,22,15,565,243,7,28,0,95,930,176,2100,2012-09-30
ISLE OF ANGLESEY,66,3,13,315,121,12,27,0,143,547,75,1322,2012-09-30
ISLE OF WIGHT,92,52,44,713,287,4,44,0,185,1186,220,2827,2012-09-30
ISLES OF SCILLY,0,1,0,6,1,0,1,0,1,13,2,25,2012-09-30
ISLINGTON,8,187,74,1058,532,4,201,0,135,3531,538,6268,2012-09-30
KENSINGTON AND CHELSEA,102,167,5,1304,616,12,135,0,201,4320,783,7645,2012-09-30
KETTERING,15,11,23,401,175,4,30,0,62,554,127,1402,2012-09-30
KING'S LYNN AND WEST NORFOLK,70,17,37,709,301,20,65,0,229,1039,173,2660,2012-09-30
KINGSTON UPON THAMES,4,54,4,942,415,8,62,1,86,1430,306,3312,2012-09-30
KIRKLEES,60,44,117,1817,828,19,125,0,292,2930,471,6703,2012-09-30
KNOWSLEY,19,38,16,528,219,9,59,0,69,881,149,1987,2012-09-30
LAMBETH,1,126,10,1635,790,13,218,1,168,3341,641,6944,2012-09-30
LANCASTER,59,12,21,592,254,2,45,0,148,904,128,2165,2012-09-30
LEEDS,84,152,91,3024,1386,39,232,0,443,4835,743,11029,2012-09-30
LEICESTER,14,46,27,1031,470,8,60,0,145,1745,329,3875,2012-09-30
LEWES,11,25,27,541,241,5,29,0,99,769,165,1912,2012-09-30
LEWISHAM,1,145,7,1335,641,13,100,0,93,2301,423,5059,2012-09-30
LICHFIELD,14,12,18,467,232,6,41,0,72,856,142,1860,2012-09-30
LINCOLN,15,12,19,443,192,4,38,0,68,583,127,1501,2012-09-30
LIVERPOOL,51,173,28,1691,777,33,192,0,267,3213,512,6937,2012-09-30
LUTON,23,38,7,752,465,11,29,1,69,1156,224,2775,2012-09-30
MAIDSTONE,14,19,40,913,344,7,71,1,167,1239,275,3090,2012-09-30
MALDON,13,1,10,302,151,1,22,0,85,522,76,1183,2012-09-30
MALVERN HILLS,40,18,8,348,169,5,27,0,108,509,116,1348,2012-09-30
MANCHESTER,26,121,56,1929,993,34,165,0,377,4768,952,9421,2012-09-30
MANSFIELD,33,18,23,400,215,7,47,0,69,621,110,1543,2012-09-30
MEDWAY,18,36,43,1382,577,32,60,1,138,1731,387,4405,2012-09-30
MELTON,17,3,4,220,108,7,21,0,60,359,99,898,2012-09-30
MENDIP,50,33,37,599,265,1,49,0,144,755,182,2115,2012-09-30
MERTHYR TYDFIL,18,4,14,268,70,1,7,0,55,320,53,810,2012-09-30
MERTON,3,95,18,1140,552,6,121,0,105,1818,374,4232,2012-09-30
MID DEVON,26,12,24,461,231,1,23,0,102,647,120,1647,2012-09-30
MID SUFFOLK,42,5,39,508,216,53,70,0,170,778,165,2046,2012-09-30
MID SUSSEX,16,64,51,858,374,4,68,0,158,1313,289,3195,2012-09-30
MIDDLESBROUGH,13,12,29,518,221,9,28,0,45,691,131,1697,2012-09-30
MILTON KEYNES,42,74,84,1348,483,12,172,2,147,1888,498,4750,2012-09-30
MOLE VALLEY,1,23,32,506,211,1,28,0,80,799,172,1853,2012-09-30
MONMOUTHSHIRE,52,17,38,468,214,1,23,0,116,713,127,1769,2012-09-30
NEATH PORT TALBOT,34,13,28,602,240,11,47,0,157,928,120,2180,2012-09-30
NEW FOREST,43,50,36,963,416,20,35,1,187,1473,254,3478,2012-09-30
NEWARK AND SHERWOOD,41,17,37,567,229,4,40,2,129,855,201,2122,2012-09-30
NEWCASTLE UPON TYNE,24,70,75,1142,540,16,51,0,171,1902,342,4333,2012-09-30
NEWCASTLE-UNDER-LYME,22,13,24,497,211,2,23,0,87,792,108,1779,2012-09-30
NEWHAM,11,84,8,909,350,7,126,0,140,2761,609,5005,2012-09-30
NEWPORT,21,35,30,567,328,14,51,0,130,1008,152,2336,2012-09-30
NORTH CORNWALL,0,0,0,0,0,0,0,0,0,1,0,1,2012-09-30
NORTH DEVON,37,24,16,531,222,13,35,0,142,773,114,1907,2012-09-30
NORTH DORSET,18,10,21,334,155,9,34,0,77,454,112,1224,2012-09-30
NORTH EAST DERBYSHIRE,23,3,19,405,185,1,25,0,84,525,103,1373,2012-09-30
NORTH EAST LINCOLNSHIRE,30,34,37,649,311,3,36,1,89,988,119,2297,2012-09-30
NORTH HERTFORDSHIRE,30,27,17,605,289,1,66,2,82,819,207,2145,2012-09-30
NORTH KESTEVEN,45,13,26,506,201,16,40,0,128,649,127,1751,2012-09-30
NORTH LINCOLNSHIRE,79,21,27,703,306,10,36,0,160,1068,178,2588,2012-09-30
NORTH NORFOLK,72,9,18,546,251,14,38,0,175,865,176,2164,2012-09-30
NORTH SOMERSET,68,45,46,1215,519,16,98,0,201,1546,316,4070,2012-09-30
NORTH TYNESIDE,26,61,40,928,419,12,58,0,74,1316,230,3164,2012-09-30
NORTH WARWICKSHIRE,19,12,7,288,152,11,20,0,67,498,109,1183,2012-09-30
NORTH WEST LEICESTERSHIRE,30,6,34,497,200,5,32,0,107,734,123,1768,2012-09-30
NORTH WILTSHIRE,0,0,0,0,0,0,0,0,0,1,0,1,2012-09-30
NORTHAMPTON,15,30,32,1036,426,10,70,0,123,1555,337,3634,2012-09-30
NORTHUMBERLAND,96,54,109,1428,612,42,122,0,265,2220,406,5354,2012-09-30
NORWICH,13,16,7,625,283,7,33,0,94,836,170,2084,2012-09-30
NUNEATON AND BEDWORTH,12,14,16,648,210,10,33,0,51,700,166,1860,2012-09-30
OADBY AND WIGSTON,12,14,1,220,87,7,13,0,26,322,53,755,2012-09-30
OLDHAM,26,26,35,883,334,10,41,0,183,1605,292,3435,2012-09-30
OXFORD,3,21,9,618,311,1,29,0,86,976,164,2218,2012-09-30
PEMBROKESHIRE,56,23,44,493,226,17,54,0,230,859,147,2149,2012-09-30
PENDLE,45,3,12,364,169,2,22,0,99,668,75,1459,2012-09-30
PENWITH,0,0,0,0,0,0,0,0,0,2,1,3,2012-09-30
POOLE,19,36,18,741,376,5,32,0,103,1098,257,2685,2012-09-30
PORTSMOUTH,35,44,9,983,473,35,49,0,102,1558,242,3530,2012-09-30
POWYS,105,3,43,668,272,23,54,0,337,1007,160,2672,2012-09-30
PRESTON,17,19,13,545,249,10,14,0,107,971,141,2086,2012-09-30
PURBECK,20,6,14,217,95,9,29,0,77,354,113,934,2012-09-30
READING,21,36,14,828,373,2,72,0,90,1491,256,3183,2012-09-30
REDBRIDGE,23,46,3,1084,512,41,36,1,113,2093,321,4273,2012-09-30
REDCAR AND CLEVELAND,18,9,31,536,244,4,23,0,79,836,140,1920,2012-09-30
REDDITCH,16,3,3,340,147,2,5,0,50,518,112,1196,2012-09-30
REIGATE AND BANSTEAD,3,42,25,885,365,1,82,0,73,1228,246,2950,2012-09-30
RHONDDA CYNON TAFF,101,11,49,1035,443,12,39,0,208,1580,180,3658,2012-09-30
RIBBLE VALLEY,26,7,13,266,137,4,17,0,122,390,69,1051,2012-09-30
RICHMOND UPON THAMES,5,155,3,1358,631,10,94,0,88,1942,362,4648,2012-09-30
RICHMONDSHIRE,35,3,24,197,107,29,14,0,57,278,83,827,2012-09-30
ROCHDALE,23,27,36,823,368,5,44,0,138,1422,220,3106,2012-09-30
ROCHFORD,23,7,3,375,183,0,28,0,62,513,73,1267,2012-09-30
ROSSENDALE,23,10,16,353,111,4,15,0,103,537,85,1257,2012-09-30
ROTHER,7,22,19,674,292,6,30,0,108,1007,183,2348,2012-09-30
ROTHERHAM,38,55,40,1223,392,13,75,0,115,1531,291,3773,2012-09-30
RUGBY,9,18,30,538,258,2,53,0,64,788,163,1923,2012-09-30
RUNNYMEDE,1,10,7,440,263,7,35,0,59,659,158,1639,2012-09-30
RUSHCLIFFE,23,14,40,598,235,3,45,0,111,751,143,1963,2012-09-30
RUSHMOOR,14,17,20,421,215,46,21,0,72,601,151,1578,2012-09-30
RUTLAND,12,2,7,189,91,15,14,0,56,247,60,693,2012-09-30
RYEDALE,39,4,37,234,126,1,32,0,71,347,55,946,2012-09-30
SALFORD,26,144,26,986,577,15,79,2,135,2001,500,4491,2012-09-30
SANDWELL,23,52,38,1010,485,23,74,0,112,1994,282,4093,2012-09-30
SCARBOROUGH,54,15,15,479,245,11,33,0,167,762,168,1949,2012-09-30
SEDGEMOOR,60,18,48,567,245,2,60,0,145,802,163,2110,2012-09-30
SEFTON,49,37,32,1153,502,18,41,0,182,1795,256,4065,2012-09-30
SELBY,68,6,39,456,204,1,39,0,93,561,127,1594,2012-09-30
SEVENOAKS,17,40,23,635,278,4,43,0,136,965,199,2340,2012-09-30
SHEFFIELD,101,82,86,2366,1098,20,100,0,393,3485,718,8449,2012-09-30
SHEPWAY,5,24,16,742,230,30,32,0,97,1093,167,2436,2012-09-30
SHROPSHIRE,112,34,73,1197,553,29,113,0,413,2340,422,5286,2012-09-30
SLOUGH,16,24,11,529,247,5,25,0,74,944,197,2072,2012-09-30
SOLIHULL,30,35,23,1059,391,5,70,0,126,1569,217,3525,2012-09-30
SOUTH BEDFORDSHIRE,0,0,0,0,1,0,0,0,0,0,0,1,2012-09-30
SOUTH BUCKS,23,56,25,387,173,2,50,2,113,717,145,1693,2012-09-30
SOUTH CAMBRIDGESHIRE,36,10,53,740,337,21,77,1,147,989,219,2630,2012-09-30
SOUTH DERBYSHIRE,18,9,33,458,233,9,54,1,106,687,129,1737,2012-09-30
SOUTH GLOUCESTERSHIRE,71,43,70,1294,639,5,81,0,246,1716,354,4519,2012-09-30
SOUTH HAMS,28,21,35,513,269,10,40,0,168,833,158,2075,2012-09-30
SOUTH HOLLAND,41,13,18,396,172,9,28,0,112,613,118,1520,2012-09-30
SOUTH KESTEVEN,43,19,52,608,309,8,67,0,133,777,206,2222,2012-09-30
SOUTH LAKELAND,64,24,35,574,279,5,53,0,181,818,157,2190,2012-09-30
SOUTH NORFOLK,50,16,54,673,245,4,73,0,133,802,184,2234,2012-09-30
SOUTH NORTHAMPTONSHIRE,21,9,23,410,200,2,40,1,137,641,115,1599,2012-09-30
SOUTH OXFORDSHIRE,33,23,53,798,370,21,61,0,139,1104,215,2817,2012-09-30
SOUTH RIBBLE,30,25,6,745,224,1,34,0,97,679,178,2019,2012-09-30
SOUTH SOMERSET,65,33,51,857,398,19,70,0,217,1067,264,3041,2012-09-30
SOUTH STAFFORDSHIRE,31,17,31,416,189,4,16,0,86,609,110,1509,2012-09-30
SOUTH TYNESIDE,10,28,36,637,254,4,31,0,70,904,168,2142,2012-09-30
SOUTHAMPTON,25,111,25,950,480,14,67,0,106,1666,340,3784,2012-09-30
SOUTHEND-ON-SEA,8,23,21,838,432,10,37,0,68,1638,228,3303,2012-09-30
SOUTHWARK,2,122,11,1384,748,7,140,3,198,3345,572,6532,2012-09-30
SPELTHORNE,2,33,6,528,255,8,37,0,47,849,174,1939,2012-09-30
ST ALBANS,34,38,21,723,401,1,44,0,113,1018,205,2598,2012-09-30
ST EDMUNDSBURY,25,10,30,542,258,17,48,0,136,716,178,1960,2012-09-30
ST HELENS,22,32,37,777,316,9,39,0,151,1149,174,2706,2012-09-30
STAFFORD,57,14,26,537,242,5,31,0,136,796,150,1994,2012-09-30
STAFFORDSHIRE MOORLANDS,64,9,13,365,187,0,18,0,132,619,114,1521,2012-09-30
STEVENAGE,2,11,7,321,136,0,21,0,30,433,126,1087,2012-09-30
STOCKPORT,52,36,21,1407,605,9,27,0,259,1886,369,4671,2012-09-30
STOCKTON-ON-TEES,25,26,73,821,381,10,68,0,103,1217,217,2941,2012-09-30
STOKE-ON-TRENT,31,22,15,999,442,17,29,0,162,1539,273,3529,2012-09-30
STRATFORD-ON-AVON,40,26,31,645,297,5,31,0,135,965,250,2425,2012-09-30
STROUD,43,13,49,635,295,2,57,0,149,859,194,2296,2012-09-30
SUFFOLK COASTAL,55,18,42,689,323,72,58,0,214,1097,180,2748,2012-09-30
SUNDERLAND,24,29,61,1075,409,25,91,0,107,1620,289,3730,2012-09-30
SURREY HEATH,2,25,22,476,226,23,44,0,59,734,126,1737,2012-09-30
SUTTON,4,36,6,944,408,3,57,0,49,1488,305,3300,2012-09-30
SWALE,6,22,38,660,307,5,55,0,120,1022,229,2464,2012-09-30
SWANSEA,38,24,46,1035,439,8,61,1,443,1731,271,4097,2012-09-30
SWINDON,174,54,47,938,418,18,95,0,106,1286,302,3438,2012-09-30
TAMESIDE,41,48,28,838,373,11,72,0,145,1520,288,3364,2012-09-30
TAMWORTH,7,8,17,364,147,1,31,0,57,467,74,1173,2012-09-30
TANDRIDGE,1,28,41,499,203,4,31,1,103,723,137,1771,2012-09-30
TAUNTON DEANE,41,29,34,490,228,9,54,0,134,787,190,1996,2012-09-30
TEIGNBRIDGE,22,18,46,753,329,5,89,0,165,983,192,2602,2012-09-30
TENDRING,52,15,12,674,288,0,34,0,195,954,198,2422,2012-09-30
TEST VALLEY,26,21,48,663,279,31,143,0,101,751,152,2215,2012-09-30
TEWKESBURY,19,5,37,527,200,11,63,0,74,527,135,1598,2012-09-30
THANET,7,36,10,654,319,16,21,1,82,1215,234,2595,2012-09-30
THE VALE OF GLAMORGAN,26,12,17,575,279,27,31,0,97,905,123,2092,2012-09-30
THREE RIVERS,7,18,8,444,215,20,26,0,59,692,134,1623,2012-09-30
THURROCK,8,32,14,672,295,7,77,0,90,1426,240,2861,2012-09-30
TONBRIDGE AND MALLING,7,15,24,722,290,8,46,0,130,862,191,2295,2012-09-30
TORBAY,12,32,20,691,297,3,30,0,71,954,169,2279,2012-09-30
TORFAEN,21,10,16,331,152,5,16,0,64,443,91,1149,2012-09-30
TORRIDGE,26,10,30,370,168,8,30,1,88,463,125,1319,2012-09-30
TOWER HAMLETS,8,338,7,1520,642,15,283,2,187,4252,736,7990,2012-09-30
TRAFFORD,36,35,18,1150,510,11,62,2,162,1720,339,4045,2012-09-30
TUNBRIDGE WELLS,7,22,26,688,333,5,41,0,137,1083,231,2573,2012-09-30
UTTLESFORD,16,14,26,445,181,11,71,3,158,911,194,2030,2012-09-30
VALE OF WHITE HORSE,21,26,27,583,279,25,56,0,118,1000,176,2311,2012-09-30
VALE ROYAL,0,0,0,0,0,0,0,0,0,1,0,1,2012-09-30
WAKEFIELD,40,42,39,1417,599,14,93,0,192,1972,321,4729,2012-09-30
WALSALL,45,50,24,1026,395,11,61,1,159,1563,228,3563,2012-09-30
WALTHAM FOREST,21,63,12,959,427,6,53,0,87,1832,296,3756,2012-09-30
WANDSWORTH,6,262,20,2300,947,18,155,2,147,3721,825,8403,2012-09-30
WARRINGTON,103,62,27,1031,437,10,92,0,175,1652,272,3861,2012-09-30
WARWICK,18,20,7,777,317,8,32,0,262,1070,215,2726,2012-09-30
WATFORD,7,48,20,507,206,2,111,0,49,846,142,1938,2012-09-30
WAVENEY,68,5,24,508,245,6,19,0,92,778,158,1903,2012-09-30
WAVERLEY,21,47,29,742,341,0,41,0,146,1147,233,2747,2012-09-30
WEALDEN,13,24,54,887,378,8,83,0,170,1383,345,3345,2012-09-30
WELLINGBOROUGH,14,7,6,289,122,4,10,0,60,435,102,1049,2012-09-30
WELWYN HATFIELD,15,13,14,445,218,3,33,2,64,775,213,1795,2012-09-30
WEST BERKSHIRE,9,29,23,793,393,11,58,0,119,1496,291,3222,2012-09-30
WEST DEVON,28,9,10,373,137,9,21,1,98,440,95,1221,2012-09-30
WEST DORSET,52,24,26,439,185,5,31,0,129,907,257,2055,2012-09-30
WEST LANCASHIRE,30,15,15,438,182,6,34,0,118,733,115,1686,2012-09-30
WEST LINDSEY,38,6,29,434,192,12,33,2,104,538,103,1491,2012-09-30
WEST OXFORDSHIRE,34,23,30,599,248,21,47,0,137,935,165,2239,2012-09-30
WEST SOMERSET,16,5,5,168,90,1,15,0,71,275,64,710,2012-09-30
WEYMOUTH AND PORTLAND,17,13,7,287,146,19,24,0,40,414,94,1061,2012-09-30
WIGAN,72,49,55,1477,535,12,56,0,282,2154,374,5066,2012-09-30
WILTSHIRE,216,64,125,2420,999,152,215,0,485,3014,705,8395,2012-09-30
WINCHESTER,74,23,20,841,299,14,44,4,139,994,221,2673,2012-09-30
WINDSOR AND MAIDENHEAD,14,27,14,825,398,23,38,0,126,1394,232,3091,2012-09-30
WIRRAL,39,37,36,1474,607,15,48,0,137,1813,294,4500,2012-09-30
WOKING,8,51,18,611,252,3,44,0,81,829,197,2094,2012-09-30
WOKINGHAM,4,39,33,896,387,17,48,0,101,1290,262,3077,2012-09-30
WOLVERHAMPTON,65,15,32,821,373,9,46,0,153,1339,196,3049,2012-09-30
WORCESTER,11,29,8,526,218,9,42,0,94,708,150,1795,2012-09-30
WREKIN,26,40,39,713,287,9,77,0,150,1101,213,2655,2012-09-30
WORTHING,18,36,5,627,270,3,21,0,61,859,159,2059,2012-09-30
WREXHAM,37,21,22,521,224,9,26,0,90,638,120,1708,2012-09-30
WYCHAVON,54,24,41,575,227,8,79,1,151,817,189,2166,2012-09-30
WYCOMBE,50,38,32,810,364,28,51,0,161,1287,285,3106,2012-09-30
WYRE,51,11,12,466,202,5,8,0,134,773,86,1748,2012-09-30
WYRE FOREST,66,12,12,402,169,3,17,0,93,537,88,1399,2012-09-30
YORK,87,25,26,924,450,24,45,0,170,1130,212,3093,2012-09-30
ALL COUNTIES,1,0,0,0,0,0,0,0,0,7,33,41,2012-08-31
ADUR,8,17,11,307,155,2,25,0,53,524,123,1225,2012-08-31
ALLERDALE,32,6,23,468,257,1,29,0,133,709,125,1783,2012-08-31
AMBER VALLEY,45,14,26,661,283,9,65,0,111,811,170,2195,2012-08-31
ARUN,19,26,24,934,491,7,62,1,126,1424,310,3424,2012-08-31
ASHFIELD,21,17,31,565,203,4,52,0,84,755,163,1895,2012-08-31
ASHFORD,6,35,29,793,321,6,49,0,155,1199,235,2828,2012-08-31
AYLESBURY VALE,63,69,101,1137,447,13,146,2,190,1327,345,3840,2012-08-31
BABERGH,28,6,16,468,215,3,48,0,104,623,132,1643,2012-08-31
BARKING AND DAGENHAM,12,12,9,715,348,6,58,0,96,1403,207,2866,2012-08-31
BARNET,10,226,20,1946,910,11,150,1,175,3396,656,7501,2012-08-31
BARNSLEY,32,29,92,1436,452,9,79,0,187,1533,297,4146,2012-08-31
BARROW-IN-FURNESS,12,7,8,353,163,2,12,0,52,431,54,1094,2012-08-31
BASILDON,19,48,61,879,389,3,78,0,97,1554,301,3429,2012-08-31
BASINGSTOKE AND DEANE,20,36,42,996,439,9,60,0,137,1311,343,3393,2012-08-31
BASSETLAW,180,21,16,608,284,12,42,0,120,804,168,2255,2012-08-31
BATH AND NORTH EAST SOMERSET,62,52,52,1127,525,5,86,0,213,1554,322,3998,2012-08-31
BEDFORD,22,41,46,780,362,12,94,2,126,1357,304,3146,2012-08-31
BEXLEY,8,41,6,1164,561,6,80,0,84,1688,290,3928,2012-08-31
BIRMINGHAM,64,173,102,4192,1868,67,307,2,624,7967,1243,16609,2012-08-31
BLABY,15,15,28,485,198,2,32,0,75,601,145,1596,2012-08-31
BLACKBURN WITH DARWEN,13,44,16,844,292,11,37,0,108,1012,145,2522,2012-08-31
BLACKPOOL,25,10,10,717,353,14,12,0,130,1214,180,2665,2012-08-31
BLAENAU GWENT,18,4,5,304,121,9,15,0,47,415,70,1008,2012-08-31
BOLSOVER,20,6,19,421,160,7,27,0,62,496,98,1316,2012-08-31
BOLTON,62,65,29,1286,617,15,101,0,230,2318,364,5087,2012-08-31
BOSTON,26,3,10,273,134,1,25,0,79,427,83,1061,2012-08-31
BOURNEMOUTH,31,80,13,1093,494,10,83,0,94,1680,396,3974,2012-08-31
BRACKNELL FOREST,4,15,32,760,321,5,36,0,69,1004,258,2504,2012-08-31
BRADFORD,57,41,56,2163,973,29,115,0,342,3273,571,7620,2012-08-31
BRAINTREE,26,23,24,806,358,5,39,0,208,1125,291,2905,2012-08-31
BRECKLAND,68,10,33,748,334,6,58,0,183,847,228,2515,2012-08-31
BRENT,3,102,3,1363,567,7,57,0,119,2629,540,5390,2012-08-31
BRENTWOOD,16,24,9,456,215,3,32,0,77,633,122,1587,2012-08-31
BRIDGEND,27,19,46,760,313,8,47,0,133,1070,170,2593,2012-08-31
BRIGHTON AND HOVE,21,172,12,1944,922,10,65,0,153,2847,578,6724,2012-08-31
BROADLAND,63,23,29,726,368,6,45,0,146,1122,167,2695,2012-08-31
BROMLEY,13,183,39,1937,916,6,160,1,156,2678,580,6669,2012-08-31
BROMSGROVE,20,9,25,568,254,3,44,0,121,668,132,1844,2012-08-31
BROXBOURNE,8,23,36,521,220,3,23,0,63,752,186,1835,2012-08-31
BROXTOWE,14,8,24,603,262,3,16,0,62,675,126,1793,2012-08-31
BURNLEY,4,44,6,440,237,14,29,0,96,1121,127,2118,2012-08-31
BURY,28,46,14,1046,450,5,27,1,195,1491,234,3537,2012-08-31
CAERPHILLY,36,17,33,856,301,4,36,0,152,1103,172,2710,2012-08-31
CALDERDALE,35,17,42,1086,491,13,85,0,209,1530,261,3769,2012-08-31
CAMBRIDGE,10,33,10,590,301,3,56,0,103,927,176,2209,2012-08-31
CAMDEN,5,203,6,1470,658,14,156,0,201,3698,777,7188,2012-08-31
CANNOCK CHASE,15,13,28,480,236,3,34,0,77,663,139,1688,2012-08-31
CANTERBURY,17,46,52,967,443,4,58,0,158,1319,239,3303,2012-08-31
CARDIFF,48,73,29,1879,857,10,76,0,214,2820,436,6442,2012-08-31
CARLISLE,89,18,17,581,285,8,50,0,124,762,140,2074,2012-08-31
CARMARTHENSHIRE,94,21,111,961,407,8,84,0,310,1322,228,3546,2012-08-31
CASTLE POINT,37,10,5,380,161,3,9,0,93,530,93,1321,2012-08-31
CENTRAL BEDFORDSHIRE,55,25,100,1404,659,7,185,0,216,1881,426,4958,2012-08-31
CEREDIGION,54,5,28,355,152,7,15,0,114,525,91,1346,2012-08-31
CHARNWOOD,38,28,50,835,363,2,56,0,130,1110,264,2876,2012-08-31
CHELMSFORD,39,16,14,988,398,4,76,0,141,1612,294,3582,2012-08-31
CHELTENHAM,26,25,10,903,347,4,35,1,91,833,222,2497,2012-08-31
CHERWELL,31,19,28,842,391,5,49,0,185,1327,284,3161,2012-08-31
CHESHIRE EAST,86,44,70,2228,999,29,101,0,397,3071,557,7582,2012-08-31
CHESHIRE WEST AND CHESTER,103,93,57,1896,753,9,108,0,369,2465,431,6284,2012-08-31
CHESTERFIELD,15,22,16,616,216,1,34,1,79,709,139,1848,2012-08-31
CHICHESTER,65,42,34,730,295,4,54,2,212,1269,261,2968,2012-08-31
CHILTERN,54,17,32,540,313,2,47,0,125,766,170,2066,2012-08-31
CHORLEY,30,28,49,554,296,2,62,0,154,873,131,2179,2012-08-31
CHRISTCHURCH,14,15,10,285,138,1,11,0,39,371,99,983,2012-08-31
CITY OF BRISTOL,98,192,53,2573,1157,14,188,0,305,3557,898,9035,2012-08-31
CITY OF DERBY,26,30,35,1184,533,8,62,1,137,1442,322,3780,2012-08-31
CITY OF KINGSTON UPON HULL,19,19,40,1030,454,9,99,0,112,1443,231,3456,2012-08-31
CITY OF LONDON,3,41,53,331,113,5,69,1,121,1740,287,2764,2012-08-31
CITY OF NOTTINGHAM,17,58,31,1312,510,12,49,0,208,2279,403,4879,2012-08-31
CITY OF PETERBOROUGH,18,30,55,755,345,8,134,0,112,1389,327,3173,2012-08-31
CITY OF PLYMOUTH,27,69,55,1433,615,17,86,1,184,1862,390,4739,2012-08-31
CITY OF WESTMINSTER,11,324,106,2962,1102,23,284,0,476,9746,1631,16665,2012-08-31
COLCHESTER,39,34,65,1024,452,6,131,1,160,1201,264,3377,2012-08-31
CONWY,59,22,25,549,255,10,29,0,173,788,132,2042,2012-08-31
COPELAND,21,8,22,308,155,0,19,0,129,492,80,1234,2012-08-31
CORBY,11,35,45,288,135,6,70,0,37,501,107,1235,2012-08-31
CORNWALL,262,187,209,3534,1421,17,349,1,1033,5070,974,13057,2012-08-31
COTSWOLD,37,27,43,580,241,3,60,2,117,785,199,2094,2012-08-31
COUNTY DURHAM,111,40,99,2539,992,38,154,1,498,3874,717,9063,2012-08-31
COVENTRY,35,30,61,1293,566,14,91,0,186,2009,318,4603,2012-08-31
CRAVEN,13,4,11,322,153,0,34,0,75,442,74,1128,2012-08-31
CRAWLEY,6,22,7,511,227,2,34,0,41,838,195,1883,2012-08-31
CROYDON,4,83,23,1809,766,17,89,0,129,3058,651,6629,2012-08-31
DACORUM,25,39,24,752,352,10,80,0,119,1024,237,2662,2012-08-31
DARLINGTON,21,5,10,577,227,15,33,0,68,690,136,1782,2012-08-31
DARTFORD,4,22,22,502,246,3,65,1,80,877,183,2005,2012-08-31
DAVENTRY,41,9,7,367,181,0,26,3,74,605,140,1453,2012-08-31
DENBIGHSHIRE,35,13,19,431,223,12,43,0,136,781,144,1837,2012-08-31
DERBYSHIRE DALES,52,8,36,434,218,2,41,2,157,568,94,1612,2012-08-31
DONCASTER,35,32,37,1750,591,18,66,0,213,1956,377,5075,2012-08-31
DOVER,5,16,19,617,298,1,25,0,90,1113,205,2389,2012-08-31
DUDLEY,35,21,39,1394,502,9,76,0,169,1909,342,4496,2012-08-31
EALING,4,131,26,1620,701,7,113,1,202,3509,620,6934,2012-08-31
EAST CAMBRIDGESHIRE,64,15,30,499,214,3,47,0,86,605,126,1689,2012-08-31
EAST DEVON,26,54,43,842,430,9,65,1,238,1248,268,3224,2012-08-31
EAST DORSET,17,31,7,511,236,3,19,0,104,629,134,1691,2012-08-31
EAST HAMPSHIRE,50,17,24,735,288,1,43,0,142,934,230,2464,2012-08-31
EAST HERTFORDSHIRE,20,63,44,852,394,3,75,0,143,1280,289,3163,2012-08-31
EAST LINDSEY,52,17,22,747,346,12,33,0,208,913,150,2500,2012-08-31
EAST NORTHAMPTONSHIRE,30,13,34,463,230,4,29,0,75,611,140,1629,2012-08-31
EAST RIDING OF YORKSHIRE,95,18,90,1728,773,15,111,1,402,2518,378,6129,2012-08-31
EAST STAFFORDSHIRE,57,16,26,524,246,9,61,0,154,821,189,2103,2012-08-31
EASTBOURNE,1,31,2,694,309,2,51,0,38,1127,288,2543,2012-08-31
EASTLEIGH,21,24,22,685,328,5,57,0,109,993,207,2451,2012-08-31
EDEN,36,9,13,270,139,2,22,0,120,442,65,1118,2012-08-31
ELMBRIDGE,5,29,17,1001,479,5,45,1,112,1403,332,3429,2012-08-31
ENFIELD,6,84,11,1374,610,13,69,0,102,2814,535,5618,2012-08-31
EPPING FOREST,14,20,17,779,316,3,41,0,148,1209,241,2788,2012-08-31
EPSOM AND EWELL,0,9,10,469,199,1,40,0,25,579,153,1485,2012-08-31
EREWASH,20,13,22,648,306,5,24,0,86,720,130,1974,2012-08-31
EXETER,14,45,15,757,287,3,34,0,132,863,202,2352,2012-08-31
FAREHAM,25,25,22,680,291,9,33,0,67,786,205,2143,2012-08-31
FENLAND,51,21,26,495,240,4,34,0,104,620,116,1711,2012-08-31
FLINTSHIRE,66,8,54,670,307,4,38,0,155,946,167,2415,2012-08-31
FOREST HEATH,26,7,37,330,151,3,19,1,55,398,113,1140,2012-08-31
FOREST OF DEAN,39,6,28,513,206,3,58,0,129,651,154,1787,2012-08-31
FYLDE,14,9,11,406,210,1,9,0,103,817,119,1699,2012-08-31
GATESHEAD,20,22,56,982,390,10,70,1,127,1277,241,3196,2012-08-31
GEDLING,16,18,21,603,260,4,26,0,75,671,127,1821,2012-08-31
GLOUCESTER,24,45,37,1228,300,8,45,1,116,741,175,2720,2012-08-31
GOSPORT,13,32,13,485,198,6,43,0,22,544,99,1455,2012-08-31
GRAVESHAM,7,12,18,483,225,1,31,0,67,873,158,1875,2012-08-31
GREAT YARMOUTH,32,15,23,490,219,5,27,2,83,572,130,1598,2012-08-31
GREENWICH,4,127,16,1042,502,8,113,1,149,2049,396,4407,2012-08-31
GUILDFORD,8,30,17,860,403,2,64,0,142,1213,239,2978,2012-08-31
GWYNEDD,86,9,38,522,276,4,32,0,237,978,140,2322,2012-08-31
HACKNEY,1,266,11,1168,558,22,267,0,117,2545,571,5526,2012-08-31
HALTON,25,23,21,530,228,3,30,0,111,848,184,2003,2012-08-31
HAMBLETON,26,3,8,497,209,0,24,0,129,644,135,1675,2012-08-31
HAMMERSMITH AND FULHAM,2,144,6,1405,630,14,95,2,141,3360,543,6342,2012-08-31
HARBOROUGH,18,18,44,435,234,5,31,0,108,636,158,1687,2012-08-31
HARINGEY,7,153,7,1345,620,5,97,0,127,2841,564,5766,2012-08-31
HARLOW,0,21,9,353,147,2,31,0,53,503,138,1257,2012-08-31
HARROGATE,172,19,25,1109,369,3,38,0,218,1124,208,3285,2012-08-31
HARROW,4,70,35,1068,514,5,79,0,87,1959,332,4153,2012-08-31
HART,19,6,13,514,238,3,38,0,89,672,167,1759,2012-08-31
HARTLEPOOL,11,10,19,393,156,5,40,1,39,625,97,1396,2012-08-31
HASTINGS,4,32,8,535,270,4,26,0,64,899,162,2004,2012-08-31
HAVANT,24,50,15,1177,297,6,31,0,65,863,211,2739,2012-08-31
HAVERING,22,44,33,1337,509,6,55,2,201,1906,334,4449,2012-08-31
HEREFORDSHIRE,88,13,32,945,450,5,71,0,264,1380,265,3513,2012-08-31
HERTSMERE,7,27,19,565,236,3,28,0,52,926,164,2027,2012-08-31
HIGH PEAK,40,9,18,577,218,2,26,0,113,659,108,1770,2012-08-31
HILLINGDON,4,121,52,1347,603,4,157,1,213,2278,589,5369,2012-08-31
HINCKLEY AND BOSWORTH,33,13,34,603,221,4,40,0,92,738,129,1907,2012-08-31
HORSHAM,24,16,23,754,363,8,52,0,179,1277,268,2964,2012-08-31
HOUNSLOW,4,96,14,1236,507,10,64,0,127,2323,426,4807,2012-08-31
HUNTINGDONSHIRE,69,32,37,917,414,6,82,1,160,1168,353,3239,2012-08-31
HYNDBURN,21,0,5,350,210,8,9,0,122,620,120,1465,2012-08-31
IPSWICH,21,34,5,671,326,12,37,0,82,959,184,2331,2012-08-31
ISLE OF ANGLESEY,73,6,16,309,149,2,23,0,119,676,136,1509,2012-08-31
ISLE OF WIGHT,98,33,36,890,384,5,68,0,254,1323,249,3340,2012-08-31
ISLES OF SCILLY,3,1,1,10,3,0,0,0,4,8,1,31,2012-08-31
ISLINGTON,1,205,20,1276,572,7,224,1,159,2858,519,5842,2012-08-31
KENSINGTON AND CHELSEA,74,207,13,1562,699,8,119,0,220,4277,811,7990,2012-08-31
KETTERING,21,26,22,508,199,3,28,0,72,658,150,1687,2012-08-31
KING'S LYNN AND WEST NORFOLK,69,12,46,819,376,5,80,2,260,1216,274,3159,2012-08-31
KINGSTON UPON THAMES,7,39,5,981,538,5,43,2,88,1502,266,3476,2012-08-31
KIRKLEES,50,45,121,2204,878,22,144,0,337,3141,540,7482,2012-08-31
KNOWSLEY,47,36,23,692,239,8,31,0,81,909,131,2197,2012-08-31
LAMBETH,0,128,13,1925,852,18,174,0,174,3566,672,7522,2012-08-31
LANCASTER,68,16,15,673,320,10,41,0,178,1059,164,2544,2012-08-31
LEEDS,112,185,114,3654,1534,33,243,0,546,5145,967,12533,2012-08-31
LEICESTER,20,80,41,1322,498,7,75,0,153,1700,319,4215,2012-08-31
LEWES,14,18,20,591,300,2,44,0,103,872,173,2137,2012-08-31
LEWISHAM,5,175,14,1454,640,16,122,0,126,2404,476,5432,2012-08-31
LICHFIELD,14,14,44,534,204,1,51,0,122,759,165,1908,2012-08-31
LINCOLN,16,19,33,599,237,1,41,0,78,671,115,1810,2012-08-31
LIVERPOOL,57,146,70,1920,900,49,368,1,301,3596,739,8147,2012-08-31
LUTON,17,33,6,799,353,1,28,0,86,1377,234,2934,2012-08-31
MAIDSTONE,16,39,46,917,419,2,61,0,169,1209,256,3134,2012-08-31
MALDON,20,9,18,283,164,10,27,0,83,599,105,1318,2012-08-31
MALVERN HILLS,49,10,22,338,163,0,34,0,112,556,111,1395,2012-08-31
MANCHESTER,22,99,29,2750,1029,42,175,0,528,4695,1052,10421,2012-08-31
MANSFIELD,24,21,38,513,219,6,38,2,82,653,119,1715,2012-08-31
MEDWAY,12,44,60,1421,610,10,76,1,159,1963,387,4743,2012-08-31
MELTON,67,6,18,297,124,1,15,1,81,369,71,1050,2012-08-31
MENDIP,47,30,22,648,320,2,53,0,167,996,212,2497,2012-08-31
MERTHYR TYDFIL,32,6,8,221,123,0,15,0,79,379,70,933,2012-08-31
MERTON,22,74,10,1262,539,5,59,0,120,1799,355,4245,2012-08-31
MID DEVON,45,22,35,448,242,11,28,1,125,627,141,1725,2012-08-31
MID SUFFOLK,48,8,37,546,253,8,72,0,164,749,158,2043,2012-08-31
MID SUSSEX,5,66,46,919,425,3,97,0,146,1290,338,3335,2012-08-31
MIDDLESBROUGH,13,16,11,633,240,4,34,0,52,846,144,1993,2012-08-31
MILTON KEYNES,29,62,105,2725,558,9,184,3,157,1938,676,6446,2012-08-31
MOLE VALLEY,3,12,32,563,272,3,28,0,90,823,157,1983,2012-08-31
MONMOUTHSHIRE,44,18,41,457,237,2,63,0,140,653,117,1772,2012-08-31
NEATH PORT TALBOT,24,41,19,685,238,3,45,0,162,892,142,2251,2012-08-31
NEW FOREST,29,41,30,1098,542,7,43,0,190,1561,305,3846,2012-08-31
NEWARK AND SHERWOOD,31,9,45,613,282,3,33,4,133,965,235,2353,2012-08-31
NEWCASTLE UPON TYNE,33,62,43,1305,513,14,65,0,163,2063,419,4680,2012-08-31
NEWCASTLE-UNDER-LYME,36,8,29,596,244,6,40,0,121,907,114,2101,2012-08-31
NEWHAM,8,62,7,945,370,18,93,1,118,2396,609,4627,2012-08-31
NEWPORT,13,61,24,672,346,8,31,0,149,1033,185,2522,2012-08-31
NORTH CORNWALL,1,0,0,3,0,0,0,0,0,0,0,4,2012-08-31
NORTH DEVON,43,18,23,600,257,16,38,0,150,954,167,2266,2012-08-31
NORTH DORSET,29,18,18,403,188,3,33,0,96,474,124,1386,2012-08-31
NORTH EAST DERBYSHIRE,45,9,25,499,209,0,38,1,112,594,98,1630,2012-08-31
NORTH EAST LINCOLNSHIRE,35,20,28,990,349,6,52,0,87,1087,204,2858,2012-08-31
NORTH HERTFORDSHIRE,28,40,19,809,320,7,51,3,104,923,231,2535,2012-08-31
NORTH KESTEVEN,38,12,32,591,274,4,41,2,110,746,137,1987,2012-08-31
NORTH LINCOLNSHIRE,51,24,36,1074,361,27,43,0,149,1115,192,3072,2012-08-31
NORTH NORFOLK,77,7,22,591,275,4,38,0,203,862,218,2297,2012-08-31
NORTH SOMERSET,62,61,78,1337,629,8,91,0,187,1702,370,4525,2012-08-31
NORTH TYNESIDE,39,41,25,1108,492,8,76,0,87,1336,239,3451,2012-08-31
NORTH WARWICKSHIRE,21,4,12,303,112,3,24,0,128,579,97,1283,2012-08-31
NORTH WEST LEICESTERSHIRE,27,18,59,516,200,4,29,0,113,763,161,1890,2012-08-31
NORTHAMPTON,25,34,58,1198,563,8,91,0,149,1587,400,4113,2012-08-31
NORTHUMBERLAND,94,41,84,1577,665,19,120,0,293,2293,485,5671,2012-08-31
NORWICH,18,27,14,734,316,4,43,0,87,887,173,2303,2012-08-31
NUNEATON AND BEDWORTH,15,19,11,551,233,7,31,0,84,808,138,1897,2012-08-31
OADBY AND WIGSTON,7,11,4,216,103,0,10,0,20,257,43,671,2012-08-31
OLDHAM,17,17,38,1305,399,17,53,0,198,1599,313,3956,2012-08-31
OXFORD,11,25,5,724,334,5,46,0,97,1088,212,2547,2012-08-31
PEMBROKESHIRE,81,19,33,588,254,3,70,0,212,827,182,2269,2012-08-31
PENDLE,36,5,5,429,186,7,19,0,95,680,97,1559,2012-08-31
POOLE,12,48,23,946,383,7,44,0,86,1274,300,3123,2012-08-31
PORTSMOUTH,49,55,10,1183,480,9,35,3,140,1804,289,4057,2012-08-31
POWYS,142,3,65,918,296,16,43,1,318,1096,166,3064,2012-08-31
PRESTON,16,13,14,612,292,10,29,0,160,1065,143,2354,2012-08-31
PURBECK,19,13,9,248,102,2,27,0,56,366,81,923,2012-08-31
READING,18,57,15,831,429,7,96,0,80,1480,256,3269,2012-08-31
REDBRIDGE,19,69,6,1327,550,7,20,0,110,2087,328,4523,2012-08-31
REDCAR AND CLEVELAND,19,15,28,720,273,6,23,0,111,1011,135,2341,2012-08-31
REDDITCH,15,9,4,399,182,1,4,0,41,476,117,1248,2012-08-31
REIGATE AND BANSTEAD,0,42,24,913,452,5,70,0,94,1252,282,3134,2012-08-31
RHONDDA CYNON TAFF,89,22,58,1217,507,14,81,0,273,1656,215,4132,2012-08-31
RIBBLE VALLEY,26,4,12,281,129,2,18,0,130,436,63,1101,2012-08-31
RICHMOND UPON THAMES,2,86,20,1478,674,6,87,0,126,2118,400,4997,2012-08-31
RICHMONDSHIRE,19,3,9,312,111,1,18,0,78,324,66,941,2012-08-31
ROCHDALE,41,23,27,1195,373,11,47,0,157,1637,236,3747,2012-08-31
ROCHFORD,16,7,6,419,203,3,16,0,66,478,84,1298,2012-08-31
ROSSENDALE,20,3,10,409,189,6,17,0,142,645,86,1527,2012-08-31
ROTHER,14,15,26,609,402,10,34,0,120,1055,183,2468,2012-08-31
ROTHERHAM,43,69,65,1689,583,13,58,0,159,1584,273,4536,2012-08-31
RUGBY,9,12,30,496,239,6,56,0,75,755,192,1870,2012-08-31
RUNNYMEDE,2,8,27,520,245,4,29,1,51,705,167,1759,2012-08-31
RUSHCLIFFE,12,9,41,667,292,2,50,1,96,801,156,2127,2012-08-31
RUSHMOOR,10,23,7,445,180,13,19,0,59,632,140,1528,2012-08-31
RUTLAND,11,6,9,207,108,1,15,1,72,269,55,754,2012-08-31
RYEDALE,29,3,13,292,117,3,35,0,75,501,60,1128,2012-08-31
SALFORD,30,39,19,1054,543,25,79,0,151,2201,438,4579,2012-08-31
SANDWELL,26,29,57,1164,439,11,65,0,166,1991,327,4275,2012-08-31
SCARBOROUGH,49,12,17,587,284,10,33,0,159,866,155,2172,2012-08-31
SEDGEMOOR,42,36,45,664,294,4,77,0,183,914,196,2455,2012-08-31
SEFTON,51,32,34,1220,569,20,44,0,241,1766,303,4280,2012-08-31
SELBY,47,12,36,447,209,4,32,0,89,622,111,1609,2012-08-31
SEVENOAKS,12,18,23,654,355,7,42,0,143,1077,201,2532,2012-08-31
SHEFFIELD,70,71,110,2864,1231,22,107,0,489,3646,748,9358,2012-08-31
SHEPWAY,4,14,13,751,270,21,15,2,106,1027,204,2427,2012-08-31
SHROPSHIRE,153,27,91,1546,607,13,137,0,424,2255,470,5723,2012-08-31
SLOUGH,21,16,31,588,237,4,31,0,93,970,220,2211,2012-08-31
SOLIHULL,13,37,32,1012,470,6,72,0,158,1506,250,3556,2012-08-31
SOUTH BEDFORDSHIRE,0,0,0,0,0,0,0,0,0,1,0,1,2012-08-31
SOUTH BUCKS,16,17,14,362,215,4,50,0,87,778,133,1676,2012-08-31
SOUTH CAMBRIDGESHIRE,54,24,51,813,386,5,96,0,184,1091,231,2935,2012-08-31
SOUTH DERBYSHIRE,15,6,51,505,241,7,45,0,113,790,133,1906,2012-08-31
SOUTH GLOUCESTERSHIRE,72,79,73,1578,662,15,68,1,228,1831,420,5027,2012-08-31
SOUTH HAMS,23,15,44,613,275,6,52,0,171,869,188,2256,2012-08-31
SOUTH HOLLAND,40,6,31,448,193,2,43,4,116,667,121,1671,2012-08-31
SOUTH KESTEVEN,52,14,49,772,324,4,91,1,121,918,167,2513,2012-08-31
SOUTH LAKELAND,58,28,32,586,291,1,36,0,179,954,149,2314,2012-08-31
SOUTH NORFOLK,50,26,57,934,316,6,56,1,153,767,174,2540,2012-08-31
SOUTH NORTHAMPTONSHIRE,29,20,35,581,254,13,25,2,118,655,140,1872,2012-08-31
SOUTH OXFORDSHIRE,16,35,44,811,410,2,65,0,140,1445,269,3237,2012-08-31
SOUTH RIBBLE,24,7,9,472,237,6,21,0,118,837,114,1845,2012-08-31
SOUTH SOMERSET,65,44,63,883,424,41,91,0,222,1242,259,3334,2012-08-31
SOUTH STAFFORDSHIRE,34,14,18,431,191,3,34,0,97,641,105,1568,2012-08-31
SOUTH TYNESIDE,13,19,15,697,316,8,27,0,73,912,246,2326,2012-08-31
SOUTHAMPTON,69,133,19,1100,523,10,173,0,113,1823,465,4428,2012-08-31
SOUTHEND-ON-SEA,19,28,11,1067,463,12,25,0,77,1552,279,3533,2012-08-31
SOUTHWARK,5,133,7,1565,742,12,150,3,212,3981,690,7500,2012-08-31
SPELTHORNE,2,21,12,554,275,2,47,0,68,769,183,1933,2012-08-31
ST ALBANS,11,48,17,964,373,10,55,0,114,1231,236,3059,2012-08-31
ST EDMUNDSBURY,43,9,27,602,281,7,44,0,133,809,175,2130,2012-08-31
ST HELENS,49,28,32,752,371,5,18,0,197,1301,213,2966,2012-08-31
STAFFORD,50,7,19,747,282,4,53,0,149,826,173,2310,2012-08-31
STAFFORDSHIRE MOORLANDS,57,6,16,471,218,7,25,3,146,625,98,1672,2012-08-31
STEVENAGE,3,26,14,444,178,3,21,0,18,518,137,1362,2012-08-31
STOCKPORT,32,28,23,1704,632,7,53,0,255,2136,406,5276,2012-08-31
STOCKTON-ON-TEES,17,21,69,986,396,9,62,0,124,1303,237,3224,2012-08-31
STOKE-ON-TRENT,36,38,37,1247,598,20,34,0,173,1847,342,4372,2012-08-31
STRATFORD-ON-AVON,37,12,37,684,338,5,64,0,211,992,200,2580,2012-08-31
STROUD,45,15,57,835,303,4,59,3,129,809,215,2474,2012-08-31
SUFFOLK COASTAL,61,11,35,677,342,1,54,0,220,1073,202,2676,2012-08-31
SUNDERLAND,28,17,61,1222,473,11,90,0,100,1675,334,4011,2012-08-31
SURREY HEATH,7,15,16,460,241,3,36,0,93,708,142,1721,2012-08-31
SUTTON,2,38,7,981,473,3,38,0,76,1520,330,3468,2012-08-31
SWALE,6,24,33,826,356,8,55,0,117,1209,232,2866,2012-08-31
SWANSEA,53,47,54,1183,531,14,75,0,317,1642,229,4145,2012-08-31
SWINDON,358,75,41,1065,513,8,73,1,110,1366,336,3946,2012-08-31
TAFF-ELY,0,0,0,0,0,0,0,0,1,0,0,1,2012-08-31
TAMESIDE,29,40,16,1038,435,14,34,0,183,1625,280,3694,2012-08-31
TAMWORTH,3,10,15,380,184,3,18,0,47,551,113,1324,2012-08-31
TANDRIDGE,4,16,56,618,261,0,38,0,89,869,225,2176,2012-08-31
TAUNTON DEANE,26,28,41,623,291,3,56,0,148,896,226,2338,2012-08-31
TEIGNBRIDGE,25,34,43,799,371,12,78,0,162,992,211,2727,2012-08-31
TENDRING,52,16,17,752,398,4,29,0,216,1027,177,2688,2012-08-31
TEST VALLEY,35,96,42,662,315,3,74,0,120,891,197,2435,2012-08-31
TEWKESBURY,18,23,24,633,268,2,50,1,79,667,163,1928,2012-08-31
THANET,17,26,7,741,388,14,20,0,92,1144,254,2703,2012-08-31
THE VALE OF GLAMORGAN,15,23,12,675,290,11,22,0,128,912,156,2244,2012-08-31
THREE RIVERS,11,30,26,478,200,7,37,0,57,640,133,1619,2012-08-31
THURROCK,9,26,17,747,330,9,77,1,162,1378,246,3002,2012-08-31
TONBRIDGE AND MALLING,9,18,28,702,355,1,44,0,152,976,219,2504,2012-08-31
TORBAY,16,21,22,739,339,6,27,0,72,954,195,2391,2012-08-31
TORFAEN,27,13,22,373,151,12,22,0,58,460,319,1457,2012-08-31
TORRIDGE,26,19,34,399,203,5,42,0,106,517,97,1448,2012-08-31
TOWER HAMLETS,2,367,18,1526,683,11,302,0,205,4832,834,8780,2012-08-31
TRAFFORD,41,41,20,1373,565,11,68,1,181,1909,356,4566,2012-08-31
TUNBRIDGE WELLS,7,32,21,756,389,5,32,0,130,1104,227,2703,2012-08-31
UTTLESFORD,25,9,39,474,210,1,69,5,132,1313,161,2438,2012-08-31
VALE OF WHITE HORSE,30,27,43,720,292,5,80,1,147,953,201,2499,2012-08-31
VALE ROYAL,0,0,0,0,0,0,0,0,1,0,0,1,2012-08-31
WAKEFIELD,53,55,103,1579,640,11,84,0,223,1975,390,5113,2012-08-31
WALSALL,25,24,49,1109,496,7,63,0,186,1620,246,3825,2012-08-31
WALTHAM FOREST,36,66,17,1197,516,7,62,0,98,2118,350,4467,2012-08-31
WANDSWORTH,4,174,36,2737,1234,8,166,2,177,4102,903,9543,2012-08-31
WARRINGTON,82,68,44,1059,446,2,73,0,183,1560,325,3842,2012-08-31
WARWICK,24,29,18,827,414,6,37,0,155,1088,219,2817,2012-08-31
WATFORD,8,56,20,561,259,6,91,0,58,809,170,2038,2012-08-31
WAVENEY,75,9,16,551,256,4,38,0,109,729,129,1916,2012-08-31
WAVERLEY,32,19,29,939,437,6,50,1,140,1236,213,3102,2012-08-31
WEALDEN,30,29,65,1016,479,5,104,1,220,1437,291,3677,2012-08-31
WELLINGBOROUGH,29,18,9,399,186,2,27,0,65,488,92,1315,2012-08-31
WELWYN HATFIELD,20,14,8,532,229,0,23,0,74,827,181,1908,2012-08-31
WEST BERKSHIRE,10,52,32,978,443,5,75,0,146,1393,319,3453,2012-08-31
WEST DEVON,17,3,10,302,129,1,21,0,90,430,91,1094,2012-08-31
WEST DORSET,43,20,19,629,239,3,43,0,134,794,200,2124,2012-08-31
WEST LANCASHIRE,33,8,38,456,219,2,29,0,115,924,189,2013,2012-08-31
WEST LINDSEY,33,5,31,480,193,2,28,0,103,603,83,1561,2012-08-31
WEST OXFORDSHIRE,41,25,32,679,302,8,55,0,134,895,181,2352,2012-08-31
WEST SOMERSET,11,10,10,192,71,4,11,0,69,307,40,725,2012-08-31
WEYMOUTH AND PORTLAND,14,18,7,354,128,5,24,0,43,484,84,1161,2012-08-31
WIGAN,54,35,41,1511,667,17,78,0,341,2150,391,5285,2012-08-31
WILTSHIRE,176,75,168,2546,1088,22,241,0,546,3399,799,9060,2012-08-31
WINCHESTER,78,24,34,772,422,4,43,3,187,1084,277,2928,2012-08-31
WINDSOR AND MAIDENHEAD,17,31,15,849,464,9,51,0,127,1471,277,3311,2012-08-31
WIRRAL,45,54,36,1551,671,14,82,0,199,2187,341,5180,2012-08-31
WOKING,5,20,20,681,286,1,37,0,72,790,219,2131,2012-08-31
WOKINGHAM,15,25,51,937,396,5,77,0,117,1256,261,3140,2012-08-31
WOLVERHAMPTON,59,19,35,823,396,8,83,0,162,1384,219,3188,2012-08-31
WORCESTER,18,21,11,561,294,6,48,0,73,670,130,1832,2012-08-31
WREKIN,20,15,45,740,362,6,82,0,111,1105,269,2755,2012-08-31
WORTHING,13,42,3,663,329,4,26,0,52,895,154,2181,2012-08-31
WREXHAM,47,14,33,476,214,5,41,0,113,720,143,1806,2012-08-31
WYCHAVON,54,5,40,618,299,3,91,3,212,986,208,2519,2012-08-31
WYCOMBE,63,40,37,921,425,6,64,0,197,1494,353,3600,2012-08-31
WYRE,46,19,13,532,254,2,14,0,132,933,111,2056,2012-08-31
WYRE FOREST,48,17,13,418,177,4,40,0,121,576,112,1526,2012-08-31
YORK,39,14,27,1098,509,2,40,0,229,1328,224,3510,2012-08-31
Total,12625,15302,11452,305723,139253,2672,19924,107,51178,478987,94684,1131907,2012-07-31
ALL COUNTIES,1,0,0,0,0,0,0,0,0,0,37,38,2012-07-31
ADUR,12,16,8,360,162,2,19,0,36,471,99,1185,2012-07-31
ALLERDALE,48,8,19,459,247,1,23,0,137,944,127,2013,2012-07-31
AMBER VALLEY,55,28,20,678,299,3,42,0,151,749,161,2186,2012-07-31
ARUN,24,28,31,1009,472,6,50,0,169,1560,343,3692,2012-07-31
ASHFIELD,25,33,58,605,257,16,39,1,107,763,182,2086,2012-07-31
ASHFORD,8,37,68,671,411,11,37,2,159,1292,298,2994,2012-07-31
AYLESBURY VALE,37,54,73,968,526,8,114,1,210,1431,395,3817,2012-07-31
BABERGH,48,6,25,471,207,12,19,0,114,639,134,1675,2012-07-31
BARKING AND DAGENHAM,6,36,13,816,287,16,76,0,88,1617,222,3177,2012-07-31
BARNET,31,215,26,1979,921,12,166,0,183,3983,729,8245,2012-07-31
BARNSLEY,47,49,75,1048,486,18,68,0,195,1574,395,3955,2012-07-31
BARROW-IN-FURNESS,40,8,8,336,234,3,10,0,54,473,56,1222,2012-07-31
BASILDON,18,43,25,883,393,6,121,0,121,1229,304,3143,2012-07-31
BASINGSTOKE AND DEANE,42,58,44,1126,438,3,55,0,133,1325,330,3554,2012-07-31
BASSETLAW,65,27,24,564,270,8,35,0,139,816,190,2138,2012-07-31
BATH AND NORTH EAST SOMERSET,49,53,33,1083,510,7,87,0,229,1693,328,4072,2012-07-31
BEDFORD,33,49,51,986,394,5,85,1,164,1215,250,3233,2012-07-31
BEXLEY,8,54,9,1228,559,5,77,0,87,1670,324,4021,2012-07-31
BIRMINGHAM,71,184,146,4168,1954,27,254,1,631,8862,1115,17413,2012-07-31
BLABY,20,12,34,538,211,2,35,0,59,558,127,1596,2012-07-31
BLACKBURN WITH DARWEN,16,32,33,644,308,21,27,0,135,1189,210,2615,2012-07-31
BLACKPOOL,33,25,5,705,361,10,11,0,143,1373,170,2836,2012-07-31
BLAENAU GWENT,26,6,12,329,145,5,7,0,73,475,65,1143,2012-07-31
BOLSOVER,8,15,37,409,158,5,10,0,48,461,88,1239,2012-07-31
BOLTON,26,51,26,1254,691,20,68,0,224,2252,328,4940,2012-07-31
BOSTON,27,12,16,274,141,0,17,0,50,443,95,1075,2012-07-31
BOURNEMOUTH,40,124,10,1155,531,4,73,0,105,1912,371,4325,2012-07-31
BRACKNELL FOREST,10,33,40,941,331,8,45,0,73,1025,216,2722,2012-07-31
BRADFORD,205,60,79,2191,920,22,109,0,357,3382,676,8001,2012-07-31
BRAINTREE,30,18,22,764,373,5,37,0,192,1147,268,2856,2012-07-31
BRECKLAND,51,12,53,753,311,8,65,0,199,862,209,2523,2012-07-31
BRENT,4,100,11,1355,589,3,114,0,136,3010,514,5836,2012-07-31
BRENTWOOD,16,8,15,476,231,2,45,0,78,706,126,1703,2012-07-31
BRIDGEND,27,26,39,752,327,4,58,1,144,1169,204,2751,2012-07-31
BRIGHTON AND HOVE,20,208,11,1825,862,10,89,1,128,2949,563,6666,2012-07-31
BROADLAND,62,18,38,692,320,4,60,0,173,1079,162,2608,2012-07-31
BROMLEY,12,82,31,1920,945,7,125,0,156,2803,548,6629,2012-07-31
BROMSGROVE,20,16,26,498,224,3,28,0,74,636,115,1640,2012-07-31
BROXBOURNE,15,22,37,715,275,3,38,0,65,793,180,2143,2012-07-31
BROXTOWE,20,13,14,590,262,8,15,2,57,676,104,1761,2012-07-31
BURNLEY,9,22,7,585,289,23,24,0,97,1155,137,2348,2012-07-31
BURY,27,24,14,1026,511,5,42,1,194,1653,266,3763,2012-07-31
CAERPHILLY,56,34,54,866,406,8,32,1,148,1035,144,2784,2012-07-31
CALDERDALE,34,35,50,1187,479,6,40,0,188,1582,328,3929,2012-07-31
CAMBRIDGE,23,65,15,587,270,2,47,0,121,793,158,2081,2012-07-31
CAMDEN,9,164,11,1433,708,13,141,0,191,4093,843,7606,2012-07-31
CANNOCK CHASE,8,12,17,500,225,1,26,0,53,574,103,1519,2012-07-31
CANTERBURY,14,73,38,964,456,4,74,1,129,1428,284,3465,2012-07-31
CARDIFF,52,80,36,1868,1013,16,71,0,226,2752,468,6582,2012-07-31
CARLISLE,34,10,19,514,265,4,38,0,172,831,151,2038,2012-07-31
CARMARTHENSHIRE,100,47,91,999,378,4,125,0,329,1422,221,3716,2012-07-31
CASTLE POINT,26,9,3,414,194,3,4,0,116,527,78,1374,2012-07-31
CENTRAL BEDFORDSHIRE,47,36,74,1520,644,27,129,2,251,2081,488,5299,2012-07-31
CEREDIGION,41,5,23,388,174,1,16,0,134,532,59,1373,2012-07-31
CHARNWOOD,28,30,72,832,361,3,57,1,165,1184,290,3023,2012-07-31
CHELMSFORD,43,27,24,911,455,4,30,0,204,1622,277,3597,2012-07-31
CHELTENHAM,30,28,14,693,343,4,29,0,113,969,220,2443,2012-07-31
CHERWELL,29,29,30,887,375,9,43,0,187,1156,298,3043,2012-07-31
CHESHIRE EAST,164,62,70,2134,1004,24,103,0,416,3285,615,7877,2012-07-31
CHESHIRE WEST AND CHESTER,67,82,41,1716,811,11,90,0,387,2737,500,6442,2012-07-31
CHESTER,0,0,0,0,0,0,0,0,1,0,0,1,2012-07-31
CHESTERFIELD,14,14,27,517,214,6,25,0,93,655,122,1687,2012-07-31
CHICHESTER,49,47,35,777,371,3,63,1,200,1228,296,3070,2012-07-31
CHILTERN,26,8,33,541,288,12,48,0,128,891,270,2245,2012-07-31
CHORLEY,25,43,42,540,250,6,47,0,154,865,176,2148,2012-07-31
CHRISTCHURCH,15,14,12,298,121,5,13,0,44,369,79,970,2012-07-31
CITY OF BRISTOL,81,163,52,2471,1237,9,151,1,284,3369,756,8574,2012-07-31
CITY OF DERBY,19,45,40,1109,538,12,58,6,131,1571,361,3890,2012-07-31
CITY OF KINGSTON UPON HULL,26,25,36,1290,489,13,46,0,131,1457,282,3795,2012-07-31
CITY OF LONDON,3,57,0,401,186,14,77,0,126,1509,282,2655,2012-07-31
CITY OF NOTTINGHAM,38,92,45,1467,559,12,56,0,179,2004,431,4883,2012-07-31
CITY OF PETERBOROUGH,38,37,36,837,419,10,104,0,97,1395,323,3296,2012-07-31
CITY OF PLYMOUTH,29,79,50,1387,643,7,61,0,158,1777,349,4540,2012-07-31
CITY OF WESTMINSTER,12,358,30,2610,1276,25,341,0,573,9610,1858,16693,2012-07-31
COLCHESTER,35,83,67,1069,437,7,115,0,167,1294,293,3567,2012-07-31
CONWY,54,16,19,661,274,5,35,0,155,838,173,2230,2012-07-31
COPELAND,37,3,13,313,154,1,26,0,123,546,73,1289,2012-07-31
CORBY,17,24,48,306,130,4,47,0,45,523,128,1272,2012-07-31
CORNWALL,265,176,239,3694,1528,25,334,0,1090,4860,933,13144,2012-07-31
COTSWOLD,47,31,40,574,255,12,69,2,129,856,189,2204,2012-07-31
COUNTY DURHAM,135,34,111,2463,1105,27,142,0,445,3939,685,9086,2012-07-31
COVENTRY,52,123,83,1282,573,16,123,0,195,2214,360,5021,2012-07-31
CRAVEN,32,4,25,333,155,0,18,2,96,417,70,1152,2012-07-31
CRAWLEY,6,13,5,536,212,1,31,0,52,831,212,1899,2012-07-31
CROYDON,5,106,11,1690,816,10,78,0,148,3139,647,6650,2012-07-31
DACORUM,14,37,23,809,390,5,43,0,96,1121,283,2821,2012-07-31
DARLINGTON,36,9,11,516,304,2,14,1,70,732,110,1805,2012-07-31
DARTFORD,7,23,23,539,218,7,67,1,69,957,209,2120,2012-07-31
DAVENTRY,28,5,12,453,185,0,14,0,85,559,156,1497,2012-07-31
DENBIGHSHIRE,59,18,27,424,229,35,25,1,163,715,120,1816,2012-07-31
DERBYSHIRE DALES,49,9,40,382,166,2,36,0,175,561,123,1543,2012-07-31
DONCASTER,43,52,33,1357,618,26,64,0,194,2055,357,4799,2012-07-31
DOVER,8,21,15,643,348,7,23,0,100,877,178,2220,2012-07-31
DUDLEY,39,27,63,1327,692,15,62,0,196,1997,283,4701,2012-07-31
DURHAM,0,0,0,0,0,0,1,0,0,0,0,1,2012-07-31
EALING,4,212,31,1576,786,5,120,2,186,2955,529,6406,2012-07-31
EAST CAMBRIDGESHIRE,80,19,41,558,245,2,36,1,120,714,149,1965,2012-07-31
EAST DEVON,29,41,39,945,405,5,60,0,181,1186,227,3118,2012-07-31
EAST DORSET,19,9,19,577,232,2,11,0,94,702,151,1816,2012-07-31
EAST HAMPSHIRE,40,20,34,776,329,8,56,0,145,1032,268,2708,2012-07-31
EAST HERTFORDSHIRE,22,35,40,838,451,7,94,0,157,1192,244,3080,2012-07-31
EAST LINDSEY,78,16,41,693,380,3,35,0,211,1021,140,2618,2012-07-31
EAST NORTHAMPTONSHIRE,26,23,38,546,257,4,49,0,80,728,151,1902,2012-07-31
EAST RIDING OF YORKSHIRE,128,53,80,1974,863,11,137,0,362,2611,441,6660,2012-07-31
EAST STAFFORDSHIRE,39,17,34,550,274,7,26,2,118,748,121,1936,2012-07-31
EASTBOURNE,2,41,3,712,338,11,22,0,54,998,296,2477,2012-07-31
EASTLEIGH,30,31,38,757,344,6,39,0,85,933,225,2488,2012-07-31
EDEN,44,8,10,329,156,4,22,0,116,500,58,1247,2012-07-31
ELMBRIDGE,10,36,23,1070,503,11,31,0,128,1605,309,3726,2012-07-31
ENFIELD,11,74,14,1423,637,10,62,0,146,3226,505,6108,2012-07-31
EPPING FOREST,22,24,34,827,382,1,24,1,172,1296,203,2986,2012-07-31
EPSOM AND EWELL,1,22,21,469,225,0,37,0,47,637,144,1603,2012-07-31
EREWASH,22,30,25,627,262,5,17,0,103,735,148,1974,2012-07-31
EXETER,13,40,18,712,317,3,33,0,110,944,162,2352,2012-07-31
FAREHAM,38,35,16,791,334,10,35,1,80,865,213,2418,2012-07-31
FENLAND,47,14,41,532,253,3,32,1,108,677,123,1831,2012-07-31
FLINTSHIRE,53,20,37,703,338,9,54,0,174,1129,187,2704,2012-07-31
FOREST HEATH,13,7,43,337,152,3,24,0,55,399,111,1144,2012-07-31
FOREST OF DEAN,51,9,23,463,213,2,32,1,115,668,115,1692,2012-07-31
FYLDE,14,11,7,369,202,6,19,0,104,712,140,1584,2012-07-31
GATESHEAD,33,31,56,997,417,4,60,0,120,1495,248,3461,2012-07-31
GEDLING,44,17,28,617,283,5,40,1,75,774,136,2020,2012-07-31
GLOUCESTER,17,54,29,643,395,7,42,0,107,746,173,2213,2012-07-31
GOSPORT,17,49,17,468,217,6,49,0,50,652,141,1666,2012-07-31
GRAVESHAM,2,17,9,465,217,0,26,0,57,748,156,1697,2012-07-31
GREAT YARMOUTH,25,11,22,460,223,2,21,1,68,597,114,1544,2012-07-31
GREENWICH,7,128,7,1250,495,5,315,0,128,2454,543,5332,2012-07-31
GUILDFORD,9,25,28,846,428,2,73,0,169,1395,285,3260,2012-07-31
GWYNEDD,96,11,31,591,265,1,36,0,211,1023,157,2422,2012-07-31
HACKNEY,2,190,13,1102,582,22,163,0,131,2807,575,5587,2012-07-31
HALTON,18,41,24,558,200,2,54,0,91,980,192,2160,2012-07-31
HAMBLETON,55,7,21,459,222,2,16,0,123,649,158,1712,2012-07-31
HAMMERSMITH AND FULHAM,1,179,7,1397,698,7,125,0,120,2951,521,6006,2012-07-31
HARBOROUGH,22,7,44,439,211,2,31,0,92,677,179,1704,2012-07-31
HARINGEY,2,118,20,1330,690,18,100,1,121,2846,452,5698,2012-07-31
HARLOW,0,23,9,387,140,1,23,0,42,583,146,1354,2012-07-31
HARROGATE,192,26,25,1132,456,4,40,0,177,1254,227,3533,2012-07-31
HARROW,1,72,75,1140,487,9,65,1,91,1866,334,4141,2012-07-31
HART,10,10,25,493,254,7,25,0,86,670,174,1754,2012-07-31
HARTLEPOOL,6,11,20,627,180,4,32,0,45,571,101,1597,2012-07-31
HASTINGS,2,35,17,494,260,3,18,0,64,902,159,1954,2012-07-31
HAVANT,23,74,19,628,323,8,16,0,62,919,323,2395,2012-07-31
HAVERING,25,83,33,1558,561,6,43,1,133,1861,335,4639,2012-07-31
HEREFORDSHIRE,83,26,45,894,379,2,74,0,256,1445,344,3548,2012-07-31
HERTSMERE,15,27,12,574,273,4,28,0,59,1062,205,2259,2012-07-31
HIGH PEAK,71,24,44,469,203,2,20,0,139,799,138,1909,2012-07-31
HILLINGDON,4,140,45,1384,697,8,128,0,183,2328,557,5474,2012-07-31
HINCKLEY AND BOSWORTH,33,7,29,535,264,11,48,1,78,738,174,1918,2012-07-31
HORSHAM,39,23,30,1045,347,4,53,0,205,1300,333,3379,2012-07-31
HOUNSLOW,5,103,10,1239,551,11,79,0,140,2546,656,5340,2012-07-31
HUNTINGDONSHIRE,68,30,40,1113,435,6,88,1,181,1297,314,3573,2012-07-31
HYNDBURN,27,7,2,427,297,7,8,0,110,689,136,1710,2012-07-31
IPSWICH,20,23,16,671,365,9,18,0,107,923,170,2322,2012-07-31
ISLE OF ANGLESEY,63,8,21,392,138,5,24,1,106,506,96,1360,2012-07-31
ISLE OF WIGHT,328,44,42,1388,377,6,82,0,227,1351,236,4081,2012-07-31
ISLES OF SCILLY,1,2,0,10,6,0,0,0,7,21,1,48,2012-07-31
ISLINGTON,6,238,5,1339,632,8,199,0,177,3457,618,6679,2012-07-31
KENSINGTON AND CHELSEA,13,152,8,1567,817,6,132,0,258,4563,925,8441,2012-07-31
KETTERING,12,18,34,549,253,6,33,0,81,738,140,1864,2012-07-31
KING'S LYNN AND WEST NORFOLK,90,19,43,786,374,5,84,1,247,1202,268,3119,2012-07-31
KINGSTON UPON THAMES,4,50,13,1016,479,0,44,0,92,1615,312,3625,2012-07-31
KIRKLEES,72,56,118,2188,948,25,105,0,383,3288,560,7743,2012-07-31
KNOWSLEY,73,61,20,553,224,10,31,0,78,1058,243,2351,2012-07-31
LAMBETH,3,175,24,1881,871,14,118,0,193,3790,819,7888,2012-07-31
LANCASTER,52,9,21,748,325,9,41,0,171,1007,170,2553,2012-07-31
LEEDS,101,210,97,3694,1579,35,202,0,669,5669,1144,13400,2012-07-31
LEICESTER,21,60,24,1249,503,17,53,0,187,1806,328,4248,2012-07-31
LEWES,12,33,18,651,300,1,27,0,109,844,193,2188,2012-07-31
LEWISHAM,0,140,12,1475,697,3,131,1,106,2693,553,5811,2012-07-31
LICHFIELD,16,11,39,568,232,1,33,0,76,874,154,2004,2012-07-31
LINCOLN,8,16,29,515,278,5,20,0,54,519,109,1553,2012-07-31
LIVERPOOL,57,164,56,1864,890,34,186,0,363,4222,749,8585,2012-07-31
LUTON,20,74,3,814,402,10,46,0,81,1296,231,2977,2012-07-31
MAIDSTONE,6,49,47,925,433,8,69,0,135,1319,297,3288,2012-07-31
MALDON,23,8,19,375,119,3,20,0,61,470,81,1179,2012-07-31
MALVERN HILLS,56,9,30,368,147,3,21,1,134,578,95,1442,2012-07-31
MANCHESTER,25,170,44,2117,1145,33,172,0,396,4811,1066,9979,2012-07-31
MANSFIELD,45,19,27,508,201,4,28,0,62,615,119,1628,2012-07-31
MEDWAY,20,38,52,1407,631,13,91,0,137,1951,359,4699,2012-07-31
MELTON,31,8,9,300,124,0,14,4,55,361,79,985,2012-07-31
MENDIP,47,29,37,687,353,2,59,0,166,863,172,2415,2012-07-31
MERTHYR TYDFIL,19,13,16,259,99,4,14,0,92,422,66,1004,2012-07-31
MERTON,6,83,21,1207,585,9,67,1,118,1916,383,4396,2012-07-31
MID BEDFORDSHIRE,0,0,0,0,0,0,0,0,3,0,0,3,2012-07-31
MID DEVON,26,20,43,573,210,0,41,0,120,655,137,1825,2012-07-31
MID SUFFOLK,39,9,41,594,278,22,54,0,126,663,173,1999,2012-07-31
MID SUSSEX,8,58,56,950,431,0,75,0,162,1355,358,3453,2012-07-31
MIDDLESBROUGH,9,15,23,619,257,8,29,0,77,846,170,2053,2012-07-31
MILTON KEYNES,44,198,133,1339,691,13,156,5,170,2004,595,5348,2012-07-31
MOLE VALLEY,5,22,31,511,250,2,39,0,128,856,195,2039,2012-07-31
MONMOUTHSHIRE,47,14,39,460,215,0,36,0,124,758,142,1835,2012-07-31
NEATH PORT TALBOT,44,44,49,756,281,13,49,0,205,1012,135,2588,2012-07-31
NEW FOREST,44,49,41,1250,467,15,53,0,185,1490,355,3949,2012-07-31
NEWARK AND SHERWOOD,113,28,31,673,254,5,55,1,121,833,200,2314,2012-07-31
NEWCASTLE UPON TYNE,38,43,32,1260,621,14,61,0,160,2118,457,4804,2012-07-31
NEWCASTLE-UNDER-LYME,28,7,30,597,280,9,24,0,142,836,125,2078,2012-07-31
NEWHAM,19,73,2,1509,410,11,75,3,147,2791,462,5502,2012-07-31
NEWPORT,32,26,29,782,352,7,55,0,118,1156,162,2719,2012-07-31
NORTH DEVON,48,19,26,594,274,14,35,0,184,773,134,2101,2012-07-31
NORTH DORSET,34,27,32,415,171,4,34,0,94,480,141,1432,2012-07-31
NORTH EAST DERBYSHIRE,33,20,33,452,186,4,21,0,111,696,128,1684,2012-07-31
NORTH EAST LINCOLNSHIRE,34,25,51,928,397,5,45,0,100,1188,146,2919,2012-07-31
NORTH HERTFORDSHIRE,23,32,19,705,346,3,55,1,92,991,253,2520,2012-07-31
NORTH KESTEVEN,35,11,39,605,260,2,43,0,114,793,153,2055,2012-07-31
NORTH LINCOLNSHIRE,48,20,38,809,378,15,32,0,144,1109,220,2813,2012-07-31
NORTH NORFOLK,86,18,25,557,243,4,34,1,167,841,191,2167,2012-07-31
NORTH SOMERSET,46,68,47,1384,637,2,77,0,236,1810,444,4751,2012-07-31
NORTH TYNESIDE,34,29,19,1063,493,40,46,0,103,1486,234,3547,2012-07-31
NORTH WARWICKSHIRE,13,9,5,322,158,4,12,0,82,536,75,1216,2012-07-31
NORTH WEST LEICESTERSHIRE,17,11,45,540,252,1,84,0,97,727,157,1931,2012-07-31
NORTHAMPTON,13,41,52,1139,531,12,63,2,135,1754,379,4121,2012-07-31
NORTHUMBERLAND,95,55,83,1701,707,24,107,0,305,2420,428,5925,2012-07-31
NORWICH,10,56,23,675,318,7,21,0,79,872,173,2234,2012-07-31
NUNEATON AND BEDWORTH,15,29,17,592,288,6,24,0,72,734,136,1913,2012-07-31
OADBY AND WIGSTON,11,15,2,276,88,2,8,0,28,313,62,805,2012-07-31
OLDHAM,27,35,24,1014,476,10,64,0,262,2106,311,4329,2012-07-31
OXFORD,18,30,6,635,350,2,27,0,135,1142,210,2555,2012-07-31
PEMBROKESHIRE,63,34,25,584,246,3,70,1,238,900,161,2325,2012-07-31
PENDLE,44,8,6,529,204,13,18,0,118,628,69,1637,2012-07-31
POOLE,23,71,17,937,440,6,45,0,92,1255,335,3221,2012-07-31
PORTSMOUTH,44,50,12,1073,463,12,43,0,110,1584,277,3668,2012-07-31
POWYS,150,7,56,661,327,9,58,1,231,1043,185,2728,2012-07-31
PRESTON,12,18,12,659,330,8,32,0,132,1101,206,2510,2012-07-31
PURBECK,37,17,10,263,101,2,30,0,83,366,70,979,2012-07-31
READING,13,40,13,862,425,0,38,0,83,1660,270,3404,2012-07-31
REDBRIDGE,29,48,11,1852,605,5,29,0,112,2272,474,5437,2012-07-31
REDCAR AND CLEVELAND,20,17,26,686,250,3,20,0,76,826,143,2067,2012-07-31
REDDITCH,21,13,7,452,162,2,14,1,74,578,108,1432,2012-07-31
REIGATE AND BANSTEAD,6,46,32,837,397,3,69,2,105,1504,320,3321,2012-07-31
RESTORMEL,0,0,0,0,0,0,0,0,0,1,0,1,2012-07-31
RHONDDA CYNON TAFF,80,31,77,1124,492,8,64,0,227,1746,230,4079,2012-07-31
RIBBLE VALLEY,24,13,13,320,157,2,32,0,124,467,69,1221,2012-07-31
RICHMOND UPON THAMES,3,133,20,1419,742,2,87,0,151,2150,445,5152,2012-07-31
RICHMONDSHIRE,25,2,14,300,138,3,29,1,85,359,63,1019,2012-07-31
ROCHDALE,22,117,26,946,428,13,57,0,157,1643,249,3658,2012-07-31
ROCHFORD,28,6,12,467,194,2,14,0,77,588,85,1473,2012-07-31
ROSSENDALE,10,5,12,355,177,8,8,0,123,584,86,1368,2012-07-31
ROTHER,12,20,29,642,340,3,52,0,136,1034,248,2516,2012-07-31
ROTHERHAM,38,102,56,1173,565,5,66,3,165,1581,326,4080,2012-07-31
RUGBY,9,25,32,507,242,5,46,0,88,827,184,1965,2012-07-31
RUNNYMEDE,1,33,31,480,256,3,18,0,66,759,184,1831,2012-07-31
RUSHCLIFFE,81,22,34,662,322,3,49,0,128,758,215,2274,2012-07-31
RUSHMOOR,24,30,13,506,238,22,32,0,54,737,306,1962,2012-07-31
RUTLAND,15,7,18,241,96,2,16,0,68,298,56,817,2012-07-31
RYEDALE,28,2,24,299,121,1,23,0,83,491,67,1139,2012-07-31
SALFORD,17,48,14,1028,485,19,87,0,166,2088,471,4423,2012-07-31
SANDWELL,13,82,67,1173,509,19,69,0,148,2148,329,4557,2012-07-31
SCARBOROUGH,60,19,20,601,288,8,40,0,168,791,138,2133,2012-07-31
SEDGEMOOR,44,43,72,758,357,3,63,0,176,881,171,2568,2012-07-31
SEFTON,39,43,53,1302,649,10,68,0,224,1986,304,4678,2012-07-31
SELBY,38,9,46,453,206,2,28,0,95,628,116,1621,2012-07-31
SEVENOAKS,6,19,25,707,334,6,34,0,179,1058,197,2565,2012-07-31
SHEFFIELD,101,96,88,2564,1274,18,100,0,479,4203,691,9614,2012-07-31
SHEPWAY,3,33,22,637,463,5,22,0,101,1076,202,2564,2012-07-31
SHROPSHIRE,128,29,100,1574,703,9,135,2,452,2429,547,6108,2012-07-31
SLOUGH,12,41,14,617,253,4,47,0,95,1076,251,2410,2012-07-31
SOLIHULL,18,36,51,1093,480,8,61,0,159,1644,232,3782,2012-07-31
SOUTH BEDFORDSHIRE,0,0,0,0,0,0,0,0,3,0,0,3,2012-07-31
SOUTH BUCKS,21,17,11,395,181,2,59,0,74,763,150,1673,2012-07-31
SOUTH CAMBRIDGESHIRE,105,38,69,840,380,3,84,1,156,1158,271,3105,2012-07-31
SOUTH DERBYSHIRE,26,17,42,531,205,7,34,0,99,710,135,1806,2012-07-31
SOUTH GLOUCESTERSHIRE,49,74,102,1618,775,9,93,0,222,1806,454,5202,2012-07-31
SOUTH HAMS,30,21,33,666,266,3,50,0,190,1074,220,2553,2012-07-31
SOUTH HOLLAND,29,13,13,446,190,4,25,1,123,621,110,1575,2012-07-31
SOUTH KESTEVEN,46,36,60,689,326,3,50,0,170,1068,194,2642,2012-07-31
SOUTH LAKELAND,62,13,16,679,286,3,52,0,183,1019,173,2486,2012-07-31
SOUTH NORFOLK,58,14,94,701,308,3,90,0,168,873,199,2508,2012-07-31
SOUTH NORTHAMPTONSHIRE,29,8,27,527,234,3,41,0,91,640,163,1763,2012-07-31
SOUTH OXFORDSHIRE,29,52,59,1014,345,4,74,0,150,1291,279,3297,2012-07-31
SOUTH RIBBLE,33,13,7,556,221,8,15,0,143,817,100,1913,2012-07-31
SOUTH SOMERSET,95,48,69,933,416,5,79,0,231,1237,268,3381,2012-07-31
SOUTH STAFFORDSHIRE,38,4,20,433,201,2,41,0,104,640,106,1589,2012-07-31
SOUTH TYNESIDE,11,26,26,673,277,11,36,0,54,844,157,2115,2012-07-31
SOUTHAMPTON,65,200,39,1144,623,14,59,0,129,2037,589,4899,2012-07-31
SOUTHEND-ON-SEA,25,38,20,1057,487,8,32,0,92,1532,252,3543,2012-07-31
SOUTHWARK,2,172,11,1625,765,9,156,2,196,4025,843,7806,2012-07-31
SPELTHORNE,4,15,12,549,260,0,17,1,64,1074,363,2359,2012-07-31
ST ALBANS,25,65,17,945,439,6,51,0,111,1221,236,3116,2012-07-31
ST EDMUNDSBURY,53,25,37,628,283,3,30,0,140,772,188,2159,2012-07-31
ST HELENS,34,43,39,843,327,6,30,0,198,1372,251,3143,2012-07-31
STAFFORD,34,13,25,744,326,0,25,1,151,886,184,2389,2012-07-31
STAFFORDSHIRE MOORLANDS,71,11,21,426,235,1,28,5,131,672,120,1721,2012-07-31
STEVENAGE,2,16,4,388,187,5,34,0,32,489,141,1298,2012-07-31
STOCKPORT,66,47,25,1477,719,9,43,0,241,2180,414,5221,2012-07-31
STOCKTON-ON-TEES,16,13,44,941,439,11,51,0,108,1444,263,3330,2012-07-31
STOKE-ON-TRENT,28,41,41,1095,565,60,45,2,156,1950,326,4309,2012-07-31
STRATFORD-ON-AVON,36,30,33,701,311,4,31,0,154,949,217,2466,2012-07-31
STROUD,37,20,48,602,327,3,78,0,153,839,224,2331,2012-07-31
SUFFOLK COASTAL,80,17,40,720,344,4,43,0,197,992,231,2668,2012-07-31
SUNDERLAND,29,19,25,1220,520,16,50,0,120,1761,268,4028,2012-07-31
SURREY HEATH,7,23,15,540,218,1,25,0,102,796,166,1893,2012-07-31
SUTTON,1,80,14,1032,524,3,65,1,56,1622,310,3708,2012-07-31
SWALE,13,24,39,729,383,3,47,0,98,1140,299,2775,2012-07-31
SWANSEA,61,67,48,1185,520,9,75,0,248,2091,315,4619,2012-07-31
SWINDON,92,55,77,1150,494,14,70,1,159,1482,393,3987,2012-07-31
TAMESIDE,18,38,26,936,407,11,44,0,186,1761,326,3753,2012-07-31
TAMWORTH,6,18,10,368,135,2,12,0,35,464,85,1135,2012-07-31
TANDRIDGE,1,25,144,540,275,0,33,0,86,825,213,2142,2012-07-31
TAUNTON DEANE,35,26,60,704,300,6,55,0,137,873,227,2423,2012-07-31
TEIGNBRIDGE,33,49,55,938,340,10,73,0,172,1260,238,3168,2012-07-31
TENDRING,54,16,16,715,333,4,41,0,189,977,217,2562,2012-07-31
TEST VALLEY,30,44,61,721,346,23,64,1,145,942,231,2608,2012-07-31
TEWKESBURY,29,19,54,448,242,2,50,0,100,729,154,1827,2012-07-31
THANET,10,37,13,874,365,13,34,0,74,1304,269,2993,2012-07-31
THE VALE OF GLAMORGAN,16,15,19,629,275,8,21,0,121,1040,176,2320,2012-07-31
THREE RIVERS,4,24,20,476,222,4,36,0,67,729,154,1736,2012-07-31
THURROCK,3,33,14,763,322,6,103,0,103,1330,257,2934,2012-07-31
TONBRIDGE AND MALLING,7,21,33,674,370,5,52,0,193,1110,268,2733,2012-07-31
TORBAY,15,24,18,828,369,5,41,0,78,976,217,2571,2012-07-31
TORFAEN,28,18,17,449,177,9,24,0,63,538,134,1457,2012-07-31
TORRIDGE,32,16,39,515,188,2,34,0,111,548,112,1597,2012-07-31
TOWER HAMLETS,11,210,26,1572,666,13,387,0,209,4950,911,8955,2012-07-31
TRAFFORD,27,46,18,1304,603,14,40,0,186,2151,422,4811,2012-07-31
TUNBRIDGE WELLS,11,39,18,746,351,5,34,0,142,1304,269,2919,2012-07-31
UTTLESFORD,29,11,31,510,229,2,65,0,137,729,169,1912,2012-07-31
VALE OF WHITE HORSE,17,29,31,1102,299,11,71,0,119,999,197,2875,2012-07-31
VALE ROYAL,0,0,0,0,0,0,0,0,1,0,0,1,2012-07-31
WAKEFIELD,100,56,56,1408,627,13,62,0,187,2109,354,4972,2012-07-31
WALSALL,31,42,52,1076,467,15,56,0,166,1684,286,3875,2012-07-31
WALTHAM FOREST,22,72,13,1540,528,8,73,0,98,2345,362,5061,2012-07-31
WANDSWORTH,4,242,22,2655,1260,21,143,1,168,4531,907,9954,2012-07-31
WARRINGTON,156,72,34,1132,527,13,79,0,163,1792,393,4361,2012-07-31
WARWICK,12,29,21,820,423,5,25,2,136,1181,239,2893,2012-07-31
WATFORD,13,53,21,580,277,2,59,0,59,827,156,2047,2012-07-31
WAVENEY,84,13,13,536,266,3,25,0,128,813,137,2018,2012-07-31
WAVERLEY,28,41,30,789,417,6,29,0,149,1323,337,3149,2012-07-31
WEALDEN,31,37,74,1007,448,6,99,0,232,1552,364,3850,2012-07-31
WELLINGBOROUGH,14,9,15,357,203,2,18,0,40,476,114,1248,2012-07-31
WELWYN HATFIELD,15,26,14,525,273,6,26,0,74,796,218,1973,2012-07-31
WEST BERKSHIRE,21,43,38,925,425,3,51,0,174,1489,332,3501,2012-07-31
WEST DEVON,45,13,21,379,142,3,19,0,103,410,102,1237,2012-07-31
WEST DORSET,50,28,33,563,268,5,32,0,151,823,193,2146,2012-07-31
WEST LANCASHIRE,31,14,20,454,213,4,42,0,117,828,153,1876,2012-07-31
WEST LINDSEY,32,30,35,474,200,1,22,0,110,648,142,1694,2012-07-31
WEST OXFORDSHIRE,36,31,35,838,406,4,29,0,146,1052,239,2816,2012-07-31
WEST SOMERSET,15,17,9,233,102,2,14,0,86,390,56,924,2012-07-31
WEYMOUTH AND PORTLAND,12,21,4,353,144,6,16,0,44,479,86,1165,2012-07-31
WIGAN,101,42,47,1413,738,17,61,0,310,2289,419,5437,2012-07-31
WILTSHIRE,230,109,141,2677,1324,27,214,1,545,3251,773,9292,2012-07-31
WINCHESTER,108,30,33,822,373,3,55,3,155,1060,286,2928,2012-07-31
WINDSOR AND MAIDENHEAD,24,45,23,940,420,7,40,0,152,1502,303,3456,2012-07-31
WIRRAL,42,50,25,1708,767,25,116,0,166,2379,338,5616,2012-07-31
WOKING,0,56,4,642,314,8,54,0,81,1050,221,2430,2012-07-31
WOKINGHAM,9,36,22,1043,459,2,96,0,132,1398,295,3492,2012-07-31
WOLVERHAMPTON,65,27,21,854,410,7,47,0,149,1677,280,3537,2012-07-31
WORCESTER,21,34,26,607,258,4,32,0,94,836,174,2086,2012-07-31
WREKIN,26,50,44,778,381,4,85,3,186,1170,300,3027,2012-07-31
WORTHING,16,40,3,632,315,5,27,0,64,966,218,2286,2012-07-31
WREXHAM,42,10,19,532,193,7,32,0,108,821,123,1887,2012-07-31
WYCHAVON,67,17,49,672,268,4,72,1,180,868,200,2398,2012-07-31
WYCOMBE,62,48,35,1031,435,12,38,0,143,1306,281,3391,2012-07-31
WYRE,38,10,9,489,225,1,11,0,105,769,112,1769,2012-07-31
WYRE FOREST,46,25,18,444,203,9,28,0,108,567,140,1588,2012-07-31
YORK,61,36,27,1075,485,5,47,0,180,1279,277,3472,2012-07-31
ALL COUNTIES,2,0,0,0,0,0,0,0,0,4,29,35,2012-06-30
ADUR,3,14,3,293,122,2,9,0,36,389,72,943,2012-06-30
ALLERDALE,24,1,20,388,238,3,19,0,134,590,94,1511,2012-06-30
AMBER VALLEY,41,10,12,532,229,1,22,0,136,634,158,1775,2012-06-30
ARUN,24,26,20,824,386,4,55,2,95,1294,321,3051,2012-06-30
ASHFIELD,40,22,31,489,239,15,93,0,83,586,142,1740,2012-06-30
ASHFORD,11,28,29,585,274,1,93,0,126,1087,224,2458,2012-06-30
AYLESBURY VALE,35,36,57,885,411,6,143,3,151,1177,293,3197,2012-06-30
BABERGH,46,8,16,386,199,17,31,0,113,579,117,1512,2012-06-30
BARKING AND DAGENHAM,11,65,8,558,237,7,83,0,80,1335,203,2587,2012-06-30
BARNET,10,171,14,1702,792,9,182,1,164,3356,538,6939,2012-06-30
BARNSLEY,34,36,53,955,410,20,107,0,143,1427,264,3449,2012-06-30
BARROW-IN-FURNESS,11,4,3,310,135,3,17,0,31,535,45,1094,2012-06-30
BASILDON,22,37,29,697,328,7,105,0,101,1125,259,2710,2012-06-30
BASINGSTOKE AND DEANE,22,41,37,859,382,4,75,0,123,1066,302,2911,2012-06-30
BASSETLAW,64,17,16,489,209,4,30,1,126,695,141,1792,2012-06-30
BATH AND NORTH EAST SOMERSET,39,48,30,896,416,5,50,0,213,1310,320,3327,2012-06-30
BEDFORD,15,36,43,709,343,11,108,0,119,1352,235,2971,2012-06-30
BEXLEY,9,35,3,980,468,13,90,0,84,1426,274,3382,2012-06-30
BIRMINGHAM,73,170,123,4046,1594,72,281,3,633,7257,1000,15252,2012-06-30
BLABY,16,10,16,399,197,2,45,1,61,563,124,1434,2012-06-30
BLACKBURN WITH DARWEN,11,25,11,506,248,11,59,0,116,829,149,1965,2012-06-30
BLACKPOOL,17,15,3,585,347,6,6,0,132,934,146,2191,2012-06-30
BLAENAU GWENT,22,11,5,249,127,2,6,0,69,461,80,1032,2012-06-30
BOLSOVER,12,13,12,340,151,4,26,1,54,412,88,1113,2012-06-30
BOLTON,10,32,20,1073,508,13,131,0,196,1978,319,4280,2012-06-30
BOSTON,21,9,14,195,91,4,11,0,62,409,71,887,2012-06-30
BOURNEMOUTH,37,122,14,972,409,7,39,0,84,1537,332,3553,2012-06-30
BRACKNELL FOREST,11,35,32,652,306,4,74,0,81,919,241,2355,2012-06-30
BRADFORD,58,52,64,1842,824,22,104,0,273,2895,536,6670,2012-06-30
BRAINTREE,28,27,33,719,301,6,55,0,156,956,271,2552,2012-06-30
BRECKLAND,55,35,36,594,232,8,52,0,154,734,158,2058,2012-06-30
BRENT,2,97,7,1328,657,10,66,0,114,2461,386,5128,2012-06-30
BRENTWOOD,15,11,11,352,184,1,39,0,64,523,109,1309,2012-06-30
BRIDGEND,21,32,36,596,332,9,53,0,131,818,141,2169,2012-06-30
BRIGHTON AND HOVE,18,182,15,1506,720,7,57,0,128,2467,489,5589,2012-06-30
BROADLAND,67,21,26,662,294,14,32,0,143,703,148,2110,2012-06-30
BROMLEY,9,60,24,1614,747,6,192,0,153,2433,510,5748,2012-06-30
BROMSGROVE,27,9,22,442,204,1,29,0,71,644,127,1576,2012-06-30
BROXBOURNE,32,7,35,421,171,2,50,0,58,644,124,1544,2012-06-30
BROXTOWE,19,13,7,494,218,5,32,2,38,575,115,1518,2012-06-30
BURNLEY,6,13,8,484,248,5,10,0,91,1082,134,2081,2012-06-30
BURY,11,28,15,814,401,11,36,0,137,1389,211,3053,2012-06-30
CAERPHILLY,47,27,32,731,341,7,97,0,139,894,155,2470,2012-06-30
CALDERDALE,40,15,37,891,450,11,66,0,190,1440,207,3347,2012-06-30
CAMBRIDGE,11,31,11,445,233,3,38,0,120,771,104,1767,2012-06-30
CAMDEN,10,172,91,1229,651,8,114,2,221,4020,947,7465,2012-06-30
CANNOCK CHASE,14,14,10,387,208,4,22,0,48,595,134,1436,2012-06-30
CANTERBURY,9,38,27,752,370,3,81,0,122,1164,250,2816,2012-06-30
CARDIFF,32,91,33,1548,755,16,76,0,187,2191,435,5364,2012-06-30
CARLISLE,37,9,15,577,240,3,48,0,127,762,101,1919,2012-06-30
CARMARTHENSHIRE,91,58,64,808,392,8,134,0,317,1201,184,3257,2012-06-30
CASTLE POINT,34,6,5,341,140,6,7,0,101,474,67,1181,2012-06-30
CENTRAL BEDFORDSHIRE,38,40,64,1351,623,4,315,1,259,1753,402,4850,2012-06-30
CEREDIGION,74,14,26,320,150,0,14,0,127,470,59,1254,2012-06-30
CHARNWOOD,27,30,41,782,327,10,90,0,109,976,184,2576,2012-06-30
CHELMSFORD,28,20,19,816,403,3,32,0,190,1233,263,3007,2012-06-30
CHELTENHAM,31,25,12,566,273,1,34,0,95,863,223,2123,2012-06-30
CHERWELL,31,30,35,680,368,6,54,0,113,1027,220,2564,2012-06-30
CHESHIRE EAST,105,32,56,1834,909,22,113,2,339,2707,618,6737,2012-06-30
CHESHIRE WEST AND CHESTER,75,40,45,1466,652,13,93,0,280,2173,522,5359,2012-06-30
CHESTER,0,0,0,0,0,0,0,0,0,1,0,1,2012-06-30
CHESTERFIELD,21,13,11,445,189,5,31,1,61,614,130,1521,2012-06-30
CHICHESTER,54,57,10,611,318,2,58,0,176,1114,243,2643,2012-06-30
CHILTERN,21,17,24,351,196,4,42,0,99,762,222,1738,2012-06-30
CHORLEY,23,17,23,428,203,0,92,0,102,756,147,1791,2012-06-30
CHRISTCHURCH,5,15,10,251,124,2,13,0,24,358,78,880,2012-06-30
CITY OF BRISTOL,72,147,42,2041,1061,12,193,0,245,2995,697,7505,2012-06-30
CITY OF DERBY,16,64,15,1015,467,11,70,0,100,1385,317,3460,2012-06-30
CITY OF KINGSTON UPON HULL,19,24,49,992,389,11,79,0,114,1175,232,3084,2012-06-30
CITY OF LONDON,2,39,3,253,99,7,58,0,135,1514,221,2331,2012-06-30
CITY OF NOTTINGHAM,27,79,29,1033,505,21,84,2,140,1762,350,4032,2012-06-30
CITY OF PETERBOROUGH,25,37,38,720,324,13,184,1,114,1192,254,2902,2012-06-30
CITY OF PLYMOUTH,20,72,42,1179,506,8,122,1,143,1606,371,4070,2012-06-30
CITY OF WESTMINSTER,10,370,73,2534,1110,30,304,0,457,8355,1558,14801,2012-06-30
COLCHESTER,34,52,43,832,436,5,145,0,168,997,259,2971,2012-06-30
CONWY,58,17,20,509,257,4,27,0,128,717,169,1906,2012-06-30
COPELAND,24,6,11,302,143,5,19,0,76,408,81,1075,2012-06-30
CORBY,7,22,32,283,108,2,73,0,39,424,92,1082,2012-06-30
CORNWALL,214,151,212,2628,1182,21,333,4,854,3864,842,10305,2012-06-30
COTSWOLD,47,48,39,513,209,2,66,1,128,996,164,2213,2012-06-30
COUNTY DURHAM,77,27,81,2193,1041,64,207,1,331,3207,554,7783,2012-06-30
COVENTRY,37,53,46,1107,450,15,190,0,126,1718,281,4023,2012-06-30
CRAVEN,21,7,6,261,137,1,23,0,88,350,89,983,2012-06-30
CRAWLEY,2,21,3,384,193,5,30,0,55,662,168,1523,2012-06-30
CROYDON,5,137,12,1499,683,19,64,0,119,2963,539,6040,2012-06-30
DACORUM,34,38,19,621,338,4,64,0,92,912,216,2338,2012-06-30
DARLINGTON,26,4,11,434,206,14,28,1,62,607,110,1503,2012-06-30
DARTFORD,4,12,19,469,216,7,75,0,61,847,144,1854,2012-06-30
DAVENTRY,36,13,9,365,199,2,16,1,70,530,123,1364,2012-06-30
DENBIGHSHIRE,43,8,18,436,180,4,38,0,130,603,116,1576,2012-06-30
DERBYSHIRE DALES,43,6,31,326,135,1,32,1,143,539,91,1348,2012-06-30
DONCASTER,35,42,23,1169,571,29,61,0,192,1716,347,4185,2012-06-30
DOVER,4,20,14,519,281,30,35,0,91,895,142,2031,2012-06-30
DUDLEY,37,33,41,1196,495,19,89,0,148,1611,290,3959,2012-06-30
DURHAM,0,0,0,0,0,0,0,0,0,1,0,1,2012-06-30
EALING,7,110,21,1357,595,9,146,0,142,2318,427,5132,2012-06-30
EAST CAMBRIDGESHIRE,56,6,27,414,205,4,74,0,89,528,134,1537,2012-06-30
EAST DEVON,38,37,47,748,322,5,50,0,166,990,186,2589,2012-06-30
EAST DORSET,11,18,6,456,198,1,13,0,77,627,143,1550,2012-06-30
EAST HAMPSHIRE,23,17,31,532,314,1,41,0,165,825,202,2151,2012-06-30
EAST HERTFORDSHIRE,37,22,27,669,317,2,82,0,149,1104,251,2660,2012-06-30
EAST LINDSEY,53,12,19,583,322,17,33,2,191,790,141,2163,2012-06-30
EAST NORTHAMPTONSHIRE,21,10,20,412,207,4,56,3,73,584,130,1520,2012-06-30
EAST RIDING OF YORKSHIRE,121,36,40,1762,734,18,144,1,270,2073,356,5555,2012-06-30
EAST STAFFORDSHIRE,31,16,22,530,186,4,48,2,96,638,100,1673,2012-06-30
EASTBOURNE,1,39,3,544,256,9,14,0,35,1118,223,2242,2012-06-30
EASTLEIGH,21,28,27,564,290,2,45,0,73,825,232,2107,2012-06-30
EDEN,21,4,12,322,118,1,15,0,86,360,55,994,2012-06-30
ELMBRIDGE,5,19,14,739,441,7,46,0,149,1384,319,3123,2012-06-30
ENFIELD,20,126,20,1299,532,7,49,0,140,2524,421,5138,2012-06-30
EPPING FOREST,9,30,26,650,318,1,49,0,115,1042,180,2420,2012-06-30
EPSOM AND EWELL,3,6,5,391,198,2,52,0,41,504,111,1313,2012-06-30
EREWASH,13,19,12,523,239,11,37,0,62,608,108,1632,2012-06-30
EXETER,13,44,22,551,291,4,63,0,82,739,172,1981,2012-06-30
FAREHAM,18,23,25,559,268,16,50,1,69,722,177,1928,2012-06-30
FENLAND,41,15,17,437,218,8,34,0,66,595,97,1528,2012-06-30
FLINTSHIRE,69,10,21,605,284,10,58,0,151,904,146,2258,2012-06-30
FOREST HEATH,11,9,21,269,130,1,53,0,55,396,90,1035,2012-06-30
FOREST OF DEAN,40,12,31,343,145,0,40,0,119,485,108,1323,2012-06-30
FYLDE,12,15,13,436,131,0,16,0,88,753,116,1580,2012-06-30
GATESHEAD,14,20,37,827,413,16,84,1,109,1082,229,2832,2012-06-30
GEDLING,19,16,19,534,232,9,43,0,59,569,149,1649,2012-06-30
GLOUCESTER,22,48,30,577,244,8,86,0,101,694,154,1964,2012-06-30
GOSPORT,4,33,6,377,199,5,31,1,38,486,122,1302,2012-06-30
GRAVESHAM,3,13,3,376,142,4,11,0,43,631,140,1366,2012-06-30
GREAT YARMOUTH,32,16,20,465,182,3,23,0,65,488,97,1391,2012-06-30
GREENWICH,4,159,14,975,466,9,134,0,94,1966,358,4179,2012-06-30
GUILDFORD,6,29,14,669,379,1,39,0,134,1125,278,2674,2012-06-30
GWYNEDD,93,8,24,519,220,4,27,0,214,969,174,2252,2012-06-30
HACKNEY,0,155,5,869,484,6,186,0,144,2875,471,5195,2012-06-30
HALTON,30,17,11,521,213,3,41,0,69,719,164,1788,2012-06-30
HAMBLETON,45,10,14,666,172,3,26,0,85,493,118,1632,2012-06-30
HAMMERSMITH AND FULHAM,1,146,6,1101,584,8,76,0,106,2619,498,5145,2012-06-30
HARBOROUGH,27,12,29,349,187,5,60,0,73,525,133,1400,2012-06-30
HARINGEY,10,121,9,1036,477,12,80,0,105,2382,423,4655,2012-06-30
HARLOW,1,28,6,294,141,7,34,1,25,493,157,1187,2012-06-30
HARROGATE,137,15,14,903,407,14,32,0,183,1115,193,3013,2012-06-30
HARROW,1,48,7,927,495,6,49,2,103,1599,294,3531,2012-06-30
HART,29,8,12,464,209,5,25,0,82,601,163,1598,2012-06-30
HARTLEPOOL,10,6,8,347,177,9,35,0,26,448,83,1149,2012-06-30
HASTINGS,5,36,12,439,185,6,20,1,46,805,135,1690,2012-06-30
HAVANT,9,74,5,541,268,8,33,0,72,783,159,1952,2012-06-30
HAVERING,29,62,36,1179,481,6,65,1,108,1576,294,3837,2012-06-30
HEREFORDSHIRE,70,13,52,725,408,6,60,0,230,1178,237,2979,2012-06-30
HERTSMERE,11,24,17,472,204,6,30,0,45,838,141,1788,2012-06-30
HIGH PEAK,26,11,10,442,193,7,28,0,121,685,120,1643,2012-06-30
HILLINGDON,6,81,29,1232,485,4,209,1,187,2001,507,4742,2012-06-30
HINCKLEY AND BOSWORTH,21,15,18,426,186,1,36,0,81,653,104,1541,2012-06-30
HORSHAM,53,26,17,648,323,3,58,0,169,1161,346,2804,2012-06-30
HOUNSLOW,2,71,13,1015,429,6,77,0,122,2055,428,4218,2012-06-30
HUNTINGDONSHIRE,31,41,58,842,360,11,104,1,129,1089,258,2924,2012-06-30
HYNDBURN,19,4,3,360,180,12,8,0,120,608,96,1410,2012-06-30
IPSWICH,17,22,7,526,250,7,28,0,74,766,151,1848,2012-06-30
ISLE OF ANGLESEY,58,2,11,270,133,3,16,0,92,446,70,1101,2012-06-30
ISLE OF WIGHT,185,48,36,812,348,6,76,0,183,1197,244,3135,2012-06-30
ISLES OF SCILLY,1,1,0,4,0,0,0,0,3,9,1,19,2012-06-30
ISLINGTON,3,209,16,1587,537,13,199,0,111,2826,523,6024,2012-06-30
KENSINGTON AND CHELSEA,15,125,8,1278,626,14,98,0,208,4083,739,7194,2012-06-30
KETTERING,10,15,21,509,186,5,59,0,54,583,127,1569,2012-06-30
KING'S LYNN AND WEST NORFOLK,67,17,43,716,299,10,113,1,260,973,242,2741,2012-06-30
KINGSTON UPON THAMES,1,45,4,888,408,14,50,0,83,1342,288,3123,2012-06-30
KIRKLEES,46,45,80,1814,824,35,144,0,283,2863,439,6573,2012-06-30
KNOWSLEY,15,20,19,489,203,10,41,0,83,795,134,1809,2012-06-30
LAMBETH,4,144,8,1460,730,12,90,0,150,3187,741,6526,2012-06-30
LANCASTER,45,10,14,548,281,5,20,0,137,935,141,2136,2012-06-30
LEEDS,89,130,80,3000,1408,44,235,0,471,4645,813,10915,2012-06-30
LEICESTER,18,105,20,1152,623,9,93,0,137,1557,267,3981,2012-06-30
LEWES,7,18,29,467,254,1,34,1,81,761,192,1845,2012-06-30
LEWISHAM,0,117,13,1271,590,6,184,0,129,2421,442,5173,2012-06-30
LICHFIELD,14,7,24,455,230,3,56,0,76,652,140,1657,2012-06-30
LINCOLN,31,44,26,433,235,4,60,1,87,568,97,1586,2012-06-30
LIVERPOOL,35,69,57,1642,822,38,261,0,299,3279,554,7056,2012-06-30
LUTON,9,38,4,873,329,16,43,0,71,1177,192,2752,2012-06-30
MACCLESFIELD,0,0,0,0,0,0,0,0,0,1,0,1,2012-06-30
MAIDSTONE,9,33,35,798,388,4,94,0,179,1158,272,2970,2012-06-30
MALDON,19,4,11,287,132,5,19,0,65,384,82,1008,2012-06-30
MALVERN HILLS,46,16,23,313,141,2,43,0,94,500,116,1294,2012-06-30
MANCHESTER,25,105,51,1659,903,24,197,0,413,4644,1114,9135,2012-06-30
MANSFIELD,23,19,15,426,178,7,43,0,59,525,100,1395,2012-06-30
MEDWAY,11,44,45,1070,512,14,76,0,165,1891,337,4165,2012-06-30
MELTON,14,7,13,227,130,0,11,0,46,261,53,762,2012-06-30
MENDIP,57,22,45,570,268,4,62,0,123,750,181,2082,2012-06-30
MERTHYR TYDFIL,11,7,9,193,107,1,12,0,62,404,62,868,2012-06-30
MERTON,4,73,11,978,474,4,81,0,95,1752,385,3857,2012-06-30
MID BEDFORDSHIRE,0,0,0,0,0,0,0,0,1,0,0,1,2012-06-30
MID DEVON,20,9,36,390,186,2,67,0,126,676,119,1631,2012-06-30
MID SUFFOLK,61,15,34,504,208,64,57,1,151,608,169,1872,2012-06-30
MID SUSSEX,8,42,41,717,347,2,133,0,122,1073,262,2747,2012-06-30
MIDDLESBROUGH,7,15,28,497,232,6,41,0,66,696,114,1702,2012-06-30
MILTON KEYNES,36,57,59,1002,529,11,232,0,133,1746,462,4267,2012-06-30
MOLE VALLEY,3,21,20,431,194,0,55,0,89,730,179,1722,2012-06-30
MONMOUTHSHIRE,21,10,27,404,212,4,73,0,122,694,130,1697,2012-06-30
NEATH PORT TALBOT,29,36,31,602,274,4,65,0,147,836,129,2153,2012-06-30
NEW FOREST,40,40,14,906,447,11,46,0,159,1369,297,3329,2012-06-30
NEWARK AND SHERWOOD,103,33,37,583,233,11,46,4,121,772,286,2229,2012-06-30
NEWCASTLE UPON TYNE,19,48,31,1015,489,27,131,0,159,1797,302,4018,2012-06-30
NEWCASTLE-UNDER-LYME,33,16,17,629,250,2,64,1,100,633,93,1838,2012-06-30
NEWHAM,6,59,6,720,307,6,76,0,123,2169,372,3844,2012-06-30
NEWPORT,24,25,14,585,306,8,67,0,99,1007,205,2340,2012-06-30
NORTH DEVON,40,22,33,478,226,12,32,0,142,710,121,1816,2012-06-30
NORTH DORSET,36,9,26,273,172,2,38,0,101,487,134,1278,2012-06-30
NORTH EAST DERBYSHIRE,33,4,15,425,192,4,28,0,70,559,95,1425,2012-06-30
NORTH EAST LINCOLNSHIRE,23,20,24,758,308,12,54,0,83,896,136,2314,2012-06-30
NORTH HERTFORDSHIRE,37,18,4,545,290,5,38,1,117,737,237,2029,2012-06-30
NORTH KESTEVEN,47,13,42,545,226,9,61,1,114,578,146,1782,2012-06-30
NORTH LINCOLNSHIRE,47,39,28,704,265,37,86,1,208,1038,165,2618,2012-06-30
NORTH NORFOLK,51,13,31,486,210,3,23,0,157,635,131,1740,2012-06-30
NORTH SOMERSET,47,61,21,1083,541,6,151,0,181,1376,369,3836,2012-06-30
NORTH SHROPSHIRE,0,0,0,0,1,0,0,0,0,0,0,1,2012-06-30
NORTH TYNESIDE,39,16,14,917,394,12,47,0,89,1217,249,2994,2012-06-30
NORTH WARWICKSHIRE,16,6,17,240,115,4,17,0,56,454,103,1028,2012-06-30
NORTH WEST LEICESTERSHIRE,24,19,55,495,189,8,59,0,113,625,125,1712,2012-06-30
NORTHAMPTON,22,34,16,950,427,9,77,1,144,1448,336,3464,2012-06-30
NORTHUMBERLAND,86,65,54,1345,637,26,123,0,257,2090,434,5117,2012-06-30
NORWICH,10,27,10,597,286,3,59,0,67,822,140,2021,2012-06-30
NUNEATON AND BEDWORTH,9,30,12,602,221,4,51,0,53,626,124,1732,2012-06-30
OADBY AND WIGSTON,5,8,2,216,107,3,7,0,25,293,51,717,2012-06-30
OGWR,0,0,0,0,0,0,0,0,1,0,0,1,2012-06-30
OLDHAM,20,13,14,868,380,2,45,0,167,1548,253,3310,2012-06-30
OXFORD,6,37,8,565,248,4,34,0,90,1068,191,2251,2012-06-30
PEMBROKESHIRE,46,19,31,573,210,1,71,0,200,804,127,2082,2012-06-30
PENDLE,274,5,14,337,209,8,14,0,110,597,87,1655,2012-06-30
POOLE,17,29,10,753,335,3,44,0,85,1160,259,2695,2012-06-30
PORTSMOUTH,46,54,12,947,413,9,42,1,113,1454,285,3376,2012-06-30
POWYS,111,8,30,631,238,7,48,0,211,785,125,2194,2012-06-30
PRESTON,10,12,7,526,281,6,25,0,98,889,150,2004,2012-06-30
PURBECK,24,18,14,258,78,2,17,0,44,327,95,877,2012-06-30
READING,15,41,24,694,336,4,45,0,96,1333,214,2802,2012-06-30
REDBRIDGE,19,42,9,986,553,9,16,0,81,1887,312,3914,2012-06-30
REDCAR AND CLEVELAND,34,11,19,473,253,2,40,0,60,725,149,1766,2012-06-30
REDDITCH,12,24,2,351,161,8,12,0,42,408,89,1109,2012-06-30
REIGATE AND BANSTEAD,2,31,27,695,364,3,98,1,98,1202,253,2774,2012-06-30
RHONDDA CYNON TAFF,68,23,54,941,463,12,76,1,238,1513,193,3582,2012-06-30
RIBBLE VALLEY,14,8,13,256,152,2,17,0,100,349,71,982,2012-06-30
RICHMOND UPON THAMES,4,97,20,1224,630,1,129,0,90,1879,401,4475,2012-06-30
RICHMONDSHIRE,17,4,11,221,83,2,16,0,63,332,64,813,2012-06-30
ROCHDALE,35,65,97,876,385,8,67,0,131,1422,195,3281,2012-06-30
ROCHFORD,15,10,8,393,221,0,19,0,70,447,89,1272,2012-06-30
ROSSENDALE,12,2,8,312,126,6,19,0,96,570,87,1238,2012-06-30
ROTHER,7,23,17,496,240,5,32,0,131,949,204,2104,2012-06-30
ROTHERHAM,26,46,35,1094,441,11,100,0,172,1482,314,3721,2012-06-30
RUGBY,19,16,19,400,195,8,68,0,71,636,163,1595,2012-06-30
RUNNYMEDE,7,6,3,413,185,3,18,0,58,686,173,1552,2012-06-30
RUSHCLIFFE,70,24,17,537,265,5,56,1,111,651,143,1880,2012-06-30
RUSHMOOR,8,32,16,410,193,23,47,0,40,570,165,1504,2012-06-30
RUTLAND,25,2,6,221,93,3,26,0,46,244,47,713,2012-06-30
RYEDALE,32,5,10,285,102,1,29,0,74,360,57,955,2012-06-30
SALFORD,19,51,30,907,499,18,66,0,182,1920,381,4073,2012-06-30
SALISBURY,0,0,0,0,1,0,0,0,0,0,0,1,2012-06-30
SANDWELL,16,38,48,1097,446,17,94,0,120,1751,281,3908,2012-06-30
SCARBOROUGH,53,24,12,615,269,9,31,0,159,735,128,2035,2012-06-30
SEDGEFIELD,0,0,0,0,0,0,0,0,0,1,0,1,2012-06-30
SEDGEMOOR,56,26,50,597,262,6,135,0,135,743,150,2160,2012-06-30
SEFTON,54,30,18,1104,440,60,74,0,187,1682,246,3895,2012-06-30
SELBY,31,6,24,408,167,3,58,0,78,520,110,1405,2012-06-30
SEVENOAKS,8,14,16,524,280,0,37,0,117,990,169,2155,2012-06-30
SHEFFIELD,73,67,73,2173,1047,21,111,0,346,3215,627,7753,2012-06-30
SHEPWAY,7,35,17,497,255,7,25,0,91,900,183,2017,2012-06-30
SHREWSBURY AND ATCHAM,0,0,0,0,0,0,0,0,1,0,0,1,2012-06-30
SHROPSHIRE,116,36,76,1308,615,11,128,3,375,1953,420,5041,2012-06-30
SLOUGH,14,38,13,478,227,4,48,0,79,968,205,2074,2012-06-30
SOLIHULL,17,36,28,986,440,4,67,0,113,1369,216,3276,2012-06-30
SOUTH BEDFORDSHIRE,0,0,0,0,0,0,0,0,2,0,0,2,2012-06-30
SOUTH BUCKS,16,19,24,360,140,1,25,0,67,578,158,1388,2012-06-30
SOUTH CAMBRIDGESHIRE,35,26,50,704,328,4,132,0,131,941,228,2579,2012-06-30
SOUTH DERBYSHIRE,15,11,22,470,224,6,79,2,88,644,114,1675,2012-06-30
SOUTH GLOUCESTERSHIRE,52,75,68,1261,593,5,131,0,201,1640,453,4479,2012-06-30
SOUTH HAMS,21,19,42,550,243,8,42,0,132,900,187,2144,2012-06-30
SOUTH HOLLAND,29,8,20,391,175,1,30,2,106,525,90,1377,2012-06-30
SOUTH KESTEVEN,43,28,51,608,301,1,112,0,154,767,171,2236,2012-06-30
SOUTH LAKELAND,35,13,54,612,246,6,23,0,176,765,159,2089,2012-06-30
SOUTH NORFOLK,77,19,62,629,260,9,104,0,137,741,186,2224,2012-06-30
SOUTH NORTHAMPTONSHIRE,37,11,24,477,205,1,20,0,51,558,118,1502,2012-06-30
SOUTH OXFORDSHIRE,23,23,70,706,282,17,115,0,142,1046,232,2656,2012-06-30
SOUTH RIBBLE,22,13,7,514,252,4,41,0,85,591,97,1626,2012-06-30
SOUTH SOMERSET,61,27,59,857,351,4,79,0,205,992,239,2874,2012-06-30
SOUTH STAFFORDSHIRE,37,9,22,422,165,2,16,0,93,604,125,1495,2012-06-30
SOUTH TYNESIDE,6,19,9,613,248,12,48,0,45,892,199,2091,2012-06-30
SOUTHAMPTON,35,148,27,921,609,9,84,0,114,1836,393,4176,2012-06-30
SOUTHEND-ON-SEA,13,21,10,867,415,4,34,0,77,1335,225,3001,2012-06-30
SOUTHWARK,2,165,14,1214,657,13,114,0,178,3474,600,6431,2012-06-30
SPELTHORNE,1,15,16,520,180,1,33,0,38,870,266,1940,2012-06-30
ST ALBANS,22,54,11,782,397,8,65,3,94,1223,221,2880,2012-06-30
ST EDMUNDSBURY,40,7,25,512,226,0,48,0,117,641,145,1761,2012-06-30
ST HELENS,42,24,33,741,285,10,57,1,167,1157,190,2707,2012-06-30
STAFFORD,41,16,16,540,264,7,38,0,132,761,139,1954,2012-06-30
STAFFORDSHIRE MOORLANDS,53,14,18,409,196,9,29,0,130,607,99,1564,2012-06-30
STEVENAGE,6,11,7,277,151,2,20,0,20,421,86,1001,2012-06-30
STOCKPORT,24,31,14,1363,566,11,45,0,206,1818,366,4444,2012-06-30
STOCKTON-ON-TEES,16,6,36,877,347,17,132,0,93,1069,276,2869,2012-06-30
STOKE-ON-TRENT,31,33,23,1031,450,18,45,0,140,1426,214,3411,2012-06-30
STRATFORD-ON-AVON,44,15,23,542,260,4,69,0,124,923,215,2219,2012-06-30
STROUD,43,11,35,515,226,3,75,0,118,749,168,1943,2012-06-30
SUFFOLK COASTAL,63,16,31,554,287,75,57,0,213,923,204,2423,2012-06-30
SUNDERLAND,16,12,17,1009,463,24,72,0,135,1531,315,3594,2012-06-30
SURREY HEATH,11,26,5,455,197,2,41,1,85,718,151,1692,2012-06-30
SUTTON,5,79,16,903,407,4,47,0,80,1333,288,3162,2012-06-30
SWALE,3,23,41,634,278,7,60,0,101,1023,238,2408,2012-06-30
SWANSEA,45,60,35,1059,492,10,108,1,228,1445,247,3730,2012-06-30
SWINDON,48,37,55,867,429,12,98,2,119,1249,288,3204,2012-06-30
TAMESIDE,21,35,25,832,381,13,58,0,142,1404,272,3183,2012-06-30
TAMWORTH,5,9,5,333,135,3,16,0,31,434,86,1057,2012-06-30
TANDRIDGE,2,22,144,421,199,1,26,2,74,717,162,1770,2012-06-30
TAUNTON DEANE,28,18,40,515,274,6,78,0,137,725,155,1976,2012-06-30
TEIGNBRIDGE,16,19,27,658,310,5,110,0,135,991,195,2466,2012-06-30
TENDRING,48,14,11,627,334,14,44,0,151,837,175,2255,2012-06-30
TEST VALLEY,28,23,40,507,230,9,101,0,134,785,187,2044,2012-06-30
TEWKESBURY,16,26,44,392,177,2,52,0,89,540,143,1481,2012-06-30
THANET,9,17,10,663,309,9,15,0,79,1093,251,2455,2012-06-30
THE VALE OF GLAMORGAN,26,14,21,583,245,7,18,0,89,799,143,1945,2012-06-30
THREE RIVERS,14,14,10,462,213,1,47,0,48,617,138,1564,2012-06-30
THURROCK,19,12,6,807,295,8,56,0,108,1308,268,2887,2012-06-30
TONBRIDGE AND MALLING,18,119,16,577,275,3,55,0,114,937,218,2332,2012-06-30
TORBAY,12,39,20,676,334,4,34,0,90,877,158,2244,2012-06-30
TORFAEN,17,26,13,363,162,7,26,0,62,508,135,1319,2012-06-30
TORRIDGE,19,6,26,333,160,9,43,0,111,579,132,1418,2012-06-30
TOWER HAMLETS,9,253,238,1237,661,14,333,1,193,4243,918,8100,2012-06-30
TRAFFORD,17,39,18,1005,566,12,53,0,165,1784,382,4041,2012-06-30
TUNBRIDGE WELLS,5,29,16,656,318,7,29,0,151,1146,253,2610,2012-06-30
UTTLESFORD,23,10,34,374,240,2,60,0,122,657,146,1668,2012-06-30
VALE OF WHITE HORSE,11,15,28,544,261,2,91,0,97,919,223,2191,2012-06-30
WAKEFIELD,41,46,57,1235,530,22,119,0,206,1838,372,4466,2012-06-30
WALSALL,31,28,43,850,417,13,71,0,145,1405,252,3255,2012-06-30
WALTHAM FOREST,14,67,18,910,465,3,46,0,80,1914,263,3780,2012-06-30
WANDSWORTH,3,157,19,2066,1178,17,205,0,154,3895,803,8497,2012-06-30
WARRINGTON,18,60,18,870,430,10,159,0,159,1361,317,3402,2012-06-30
WARWICK,9,32,14,615,344,4,27,0,108,980,177,2310,2012-06-30
WATFORD,12,25,14,432,219,10,98,0,52,855,140,1857,2012-06-30
WAVENEY,55,21,14,414,181,4,17,1,103,618,105,1533,2012-06-30
WAVERLEY,26,12,13,629,362,5,47,1,152,1201,255,2703,2012-06-30
WEALDEN,50,28,38,774,412,12,137,0,178,1367,321,3317,2012-06-30
WELLINGBOROUGH,19,14,7,284,135,12,20,0,52,469,86,1098,2012-06-30
WELWYN HATFIELD,13,20,8,426,209,6,25,0,67,665,186,1625,2012-06-30
WEST BERKSHIRE,21,32,29,857,409,7,59,0,117,1194,263,2988,2012-06-30
WEST DEVON,34,10,18,370,160,1,17,0,91,403,89,1193,2012-06-30
WEST DORSET,61,28,13,470,202,7,29,0,117,772,179,1878,2012-06-30
WEST LANCASHIRE,28,4,21,450,176,5,46,0,107,587,84,1508,2012-06-30
WEST LINDSEY,33,23,25,397,182,5,36,0,95,510,91,1397,2012-06-30
WEST OXFORDSHIRE,15,22,22,500,253,9,49,0,137,860,204,2071,2012-06-30
WEST SOMERSET,12,11,5,171,73,0,11,0,57,237,64,641,2012-06-30
WEYMOUTH AND PORTLAND,11,10,16,305,143,4,18,0,41,364,73,985,2012-06-30
WIGAN,59,31,22,1301,592,20,85,0,280,1813,369,4572,2012-06-30
WILTSHIRE,177,60,132,2039,993,28,299,1,539,2815,682,7765,2012-06-30
WINCHESTER,48,32,28,564,277,4,54,0,171,995,267,2440,2012-06-30
WINDSOR AND MAIDENHEAD,18,45,33,840,387,21,54,1,156,1703,280,3538,2012-06-30
WIRRAL,53,23,55,1369,620,16,106,0,149,1874,268,4533,2012-06-30
WOKING,3,44,8,505,253,4,71,0,72,775,190,1925,2012-06-30
WOKINGHAM,15,25,27,838,386,17,56,0,109,1110,209,2792,2012-06-30
WOLVERHAMPTON,45,33,42,734,365,7,51,1,159,1277,184,2898,2012-06-30
WORCESTER,23,13,8,466,240,6,63,1,79,605,141,1645,2012-06-30
WREKIN,30,41,39,632,314,10,91,1,125,1099,244,2626,2012-06-30
WORTHING,9,34,10,519,247,6,13,0,55,782,168,1843,2012-06-30
WREXHAM,46,20,28,429,223,6,47,0,93,710,129,1731,2012-06-30
WYCHAVON,46,12,35,597,260,7,60,0,163,998,198,2376,2012-06-30
WYCOMBE,35,36,47,825,409,10,62,0,132,1166,277,2999,2012-06-30
WYRE,42,11,11,445,207,7,23,1,101,658,126,1632,2012-06-30
WYRE FOREST,56,12,13,365,158,1,34,0,83,506,90,1318,2012-06-30
YORK,45,21,22,899,462,10,53,0,126,1079,206,2923,2012-06-30
ALL COUNTIES,2,0,0,1,0,0,0,0,0,0,58,61,2012-05-31
ADUR,10,15,3,347,185,1,14,0,29,476,104,1184,2012-05-31
ALLERDALE,30,10,28,491,229,6,24,0,140,727,117,1802,2012-05-31
AMBER VALLEY,58,32,28,574,270,6,31,0,132,871,172,2174,2012-05-31
ARUN,36,62,27,970,454,3,42,3,126,1682,394,3799,2012-05-31
ASHFIELD,50,39,43,579,234,8,53,0,91,732,175,2004,2012-05-31
ASHFORD,17,38,38,718,326,6,71,0,179,1339,451,3183,2012-05-31
AYLESBURY VALE,50,55,61,1020,419,4,119,0,221,1455,350,3754,2012-05-31
BABERGH,39,10,20,490,209,1,26,0,128,698,152,1773,2012-05-31
BARKING AND DAGENHAM,5,33,10,671,340,7,62,0,66,1545,226,2965,2012-05-31
BARNET,5,206,15,2057,956,7,154,0,152,3786,729,8067,2012-05-31
BARNSLEY,49,44,57,1112,505,12,100,0,215,1662,318,4074,2012-05-31
BARROW-IN-FURNESS,16,4,5,354,199,5,6,0,53,476,51,1169,2012-05-31
BASILDON,19,60,25,820,411,7,113,0,127,1370,305,3257,2012-05-31
BASINGSTOKE AND DEANE,45,90,44,1020,528,10,88,0,149,1277,357,3608,2012-05-31
BASSETLAW,112,28,23,561,252,1,24,1,127,889,154,2172,2012-05-31
BATH AND NORTH EAST SOMERSET,49,56,30,974,520,4,65,0,236,1851,354,4139,2012-05-31
BEDFORD,22,47,47,838,414,5,121,0,157,1282,264,3197,2012-05-31
BEXLEY,13,43,14,1145,526,12,88,0,102,1776,327,4046,2012-05-31
BIRMINGHAM,90,203,126,5050,1957,41,297,0,774,8486,1296,18320,2012-05-31
BLABY,21,7,18,450,216,1,35,0,60,621,140,1569,2012-05-31
BLACKBURN WITH DARWEN,41,47,9,590,276,6,30,0,115,1109,214,2437,2012-05-31
BLACKPOOL,40,14,5,761,323,27,18,0,147,1329,208,2872,2012-05-31
BLAENAU GWENT,24,12,9,333,141,5,11,0,81,505,98,1219,2012-05-31
BOLSOVER,18,16,10,422,175,2,30,0,60,477,120,1330,2012-05-31
BOLTON,24,59,30,1313,549,18,75,0,221,2233,391,4913,2012-05-31
BOSTON,39,12,21,325,140,6,28,0,83,444,75,1173,2012-05-31
BOURNEMOUTH,30,107,13,1033,476,6,81,1,98,1829,392,4066,2012-05-31
BRACKNELL FOREST,3,49,27,672,323,6,61,0,125,1218,274,2758,2012-05-31
BRADFORD,64,33,62,2444,960,36,83,0,369,3766,592,8409,2012-05-31
BRAINTREE,56,22,25,846,406,5,51,0,179,1212,294,3096,2012-05-31
BRECKLAND,60,29,45,623,304,4,66,0,214,910,220,2475,2012-05-31
BRENT,2,148,13,1341,638,8,67,0,148,3134,556,6055,2012-05-31
BRENTWOOD,14,17,12,411,218,2,51,0,85,726,146,1682,2012-05-31
BRIDGEND,36,46,40,766,330,10,77,0,212,1217,184,2918,2012-05-31
BRIGHTON AND HOVE,14,227,15,1900,871,11,90,0,140,3255,598,7121,2012-05-31
BROADLAND,46,28,19,667,310,4,49,0,163,903,213,2402,2012-05-31
BROMLEY,16,110,39,2005,877,14,125,0,152,3076,613,7027,2012-05-31
BROMSGROVE,27,19,17,581,208,4,30,0,94,722,130,1832,2012-05-31
BROXBOURNE,42,7,23,526,235,5,44,0,77,831,187,1977,2012-05-31
BROXTOWE,24,25,11,545,235,3,13,0,49,701,132,1738,2012-05-31
BURNLEY,5,75,13,605,239,5,19,1,123,1164,124,2373,2012-05-31
BURY,23,34,21,987,463,10,23,0,203,1764,282,3810,2012-05-31
CAERPHILLY,49,39,53,863,385,8,40,0,151,1153,188,2929,2012-05-31
CALDERDALE,28,29,36,1055,472,11,49,0,261,1855,268,4064,2012-05-31
CAMBRIDGE,30,44,12,604,266,4,61,0,112,881,149,2163,2012-05-31
CAMDEN,13,192,178,1625,660,11,162,0,221,4377,956,8395,2012-05-31
CANNOCK CHASE,20,8,18,617,223,4,23,0,52,686,146,1797,2012-05-31
CANTERBURY,12,57,26,935,423,4,97,0,146,1534,307,3541,2012-05-31
CARDIFF,65,89,28,1853,826,10,87,0,257,2837,516,6568,2012-05-31
CARLISLE,73,19,33,590,290,1,44,0,152,794,139,2135,2012-05-31
CARMARTHENSHIRE,135,84,90,976,391,6,98,0,346,1571,208,3905,2012-05-31
CARRICK,0,0,0,1,1,0,0,0,0,0,0,2,2012-05-31
CASTLE POINT,25,11,4,461,197,22,11,0,111,627,64,1533,2012-05-31
CENTRAL BEDFORDSHIRE,49,62,92,1454,721,10,154,1,265,2223,541,5572,2012-05-31
CEREDIGION,46,23,31,382,158,1,34,0,136,561,79,1451,2012-05-31
CHARNWOOD,29,29,58,831,363,6,67,3,121,1192,239,2938,2012-05-31
CHELMSFORD,29,15,17,845,441,9,49,0,177,1546,294,3422,2012-05-31
CHELTENHAM,37,21,5,760,296,5,10,0,100,996,221,2451,2012-05-31
CHERWELL,27,26,26,791,404,6,51,0,177,1333,306,3147,2012-05-31
CHESHIRE EAST,68,47,74,2163,974,22,115,0,458,3219,673,7813,2012-05-31
CHESHIRE WEST AND CHESTER,96,57,43,1719,786,10,114,1,351,3036,649,6862,2012-05-31
CHESTERFIELD,28,21,9,503,230,7,16,0,84,696,144,1738,2012-05-31
CHICHESTER,62,75,35,769,293,4,115,2,243,1393,289,3280,2012-05-31
CHILTERN,29,19,31,491,225,1,35,0,129,840,188,1988,2012-05-31
CHORLEY,32,50,45,562,259,6,60,0,167,882,171,2234,2012-05-31
CHRISTCHURCH,7,15,6,260,145,5,11,0,41,419,90,999,2012-05-31
CITY OF BRISTOL,67,239,55,2326,1062,7,164,0,342,4035,780,9077,2012-05-31
CITY OF DERBY,24,52,25,2094,558,11,56,0,120,1657,355,4952,2012-05-31
CITY OF KINGSTON UPON HULL,32,30,35,1312,465,20,56,1,105,1500,312,3868,2012-05-31
CITY OF LONDON,5,44,50,547,93,9,49,0,194,2101,354,3446,2012-05-31
CITY OF NOTTINGHAM,24,61,19,1164,597,30,87,0,181,2365,443,4971,2012-05-31
CITY OF PETERBOROUGH,29,40,57,963,396,7,116,0,124,1387,379,3498,2012-05-31
CITY OF PLYMOUTH,36,149,39,1954,690,5,101,0,130,2003,406,5513,2012-05-31
CITY OF WESTMINSTER,23,401,42,3101,1301,32,383,0,535,11578,2181,19577,2012-05-31
COLCHESTER,48,75,54,1012,444,8,130,0,179,1507,281,3738,2012-05-31
CONWY,81,33,43,614,290,6,52,0,145,951,159,2374,2012-05-31
COPELAND,27,5,29,373,178,4,22,0,131,527,71,1367,2012-05-31
CORBY,4,19,46,333,137,3,77,0,51,539,113,1322,2012-05-31
CORNWALL,284,220,251,3788,1601,20,320,2,1129,5279,1019,13913,2012-05-31
COTSWOLD,51,36,35,645,244,1,81,0,199,1175,255,2722,2012-05-31
"COUNTY DURHAM,456",110,58,116,2542,1182,41,142,0,465,4171,795,9622,2012-05-31
COVENTRY,55,98,86,1324,584,10,120,1,163,2308,340,5089,2012-05-31
CRAVEN,17,10,21,329,154,0,23,0,103,476,94,1227,2012-05-31
CRAWLEY,5,32,8,515,215,1,32,0,46,855,159,1868,2012-05-31
CROYDON,6,85,18,1662,815,28,118,1,162,3143,667,6705,2012-05-31
DACORUM,20,23,23,1198,340,4,54,0,113,1210,297,3282,2012-05-31
DARLINGTON,24,13,16,485,216,4,19,0,66,732,105,1680,2012-05-31
DARTFORD,2,36,20,544,240,10,59,0,83,961,201,2156,2012-05-31
DAVENTRY,35,20,18,479,219,1,23,0,103,604,126,1628,2012-05-31
DENBIGHSHIRE,44,17,30,458,243,6,44,0,127,775,135,1879,2012-05-31
DERBYSHIRE DALES,43,16,27,453,229,7,52,5,180,622,99,1733,2012-05-31
DONCASTER,63,77,31,1442,653,24,55,0,224,2094,402,5065,2012-05-31
DOVER,11,14,15,643,283,13,29,0,99,985,176,2268,2012-05-31
DUDLEY,44,50,59,1437,587,6,81,0,208,1980,302,4754,2012-05-31
EALING,7,136,26,1613,796,13,121,0,218,3097,655,6682,2012-05-31
EAST CAMBRIDGESHIRE,45,10,35,476,234,2,44,0,129,661,136,1772,2012-05-31
EAST DEVON,49,49,57,1022,384,6,94,0,175,1318,251,3405,2012-05-31
EAST DORSET,13,47,13,533,256,3,20,0,95,707,125,1812,2012-05-31
EAST HAMPSHIRE,17,35,28,613,321,6,53,0,179,979,265,2496,2012-05-31
EAST HERTFORDSHIRE,34,35,37,835,398,26,76,1,122,1564,364,3492,2012-05-31
EAST LINDSEY,90,34,41,745,391,11,39,0,189,1204,147,2891,2012-05-31
EAST NORTHAMPTONSHIRE,19,13,32,484,233,3,41,0,124,646,175,1770,2012-05-31
EAST RIDING OF YORKSHIRE,122,36,83,1835,939,25,119,2,426,2740,443,6770,2012-05-31
EAST STAFFORDSHIRE,45,26,45,658,295,10,46,1,132,848,135,2241,2012-05-31
EASTBOURNE,1,53,4,625,294,6,21,0,41,1099,247,2391,2012-05-31
EASTLEIGH,15,46,28,711,322,3,39,0,105,1144,361,2774,2012-05-31
EDEN,69,7,24,311,163,1,30,0,118,462,53,1238,2012-05-31
ELMBRIDGE,20,39,28,939,417,4,48,0,155,1746,377,3773,2012-05-31
ENFIELD,7,104,17,1574,687,7,73,0,103,2981,444,5997,2012-05-31
EPPING FOREST,14,28,23,648,420,3,44,0,148,1324,232,2884,2012-05-31
EPSOM AND EWELL,3,16,14,428,184,3,36,2,45,780,118,1629,2012-05-31
EREWASH,19,31,33,714,316,3,28,1,94,851,198,2288,2012-05-31
EXETER,18,51,10,719,296,2,64,0,89,1069,289,2607,2012-05-31
FAREHAM,25,38,25,612,345,7,33,1,87,827,210,2210,2012-05-31
FENLAND,54,24,29,532,244,11,43,0,115,792,134,1978,2012-05-31
FLINTSHIRE,47,13,32,690,307,2,65,0,175,1029,208,2568,2012-05-31
FOREST HEATH,25,18,46,308,156,4,38,0,116,473,125,1309,2012-05-31
FOREST OF DEAN,34,20,41,491,159,5,50,0,97,710,126,1733,2012-05-31
FYLDE,4,10,11,515,249,5,26,0,105,873,130,1928,2012-05-31
GATESHEAD,26,13,42,1106,526,9,52,0,123,1517,272,3686,2012-05-31
GEDLING,40,11,23,661,251,3,29,0,66,803,144,2031,2012-05-31
GLOUCESTER,14,67,21,978,295,4,68,0,129,891,196,2663,2012-05-31
GOSPORT,11,25,10,437,214,0,21,0,27,700,136,1581,2012-05-31
GRAVESHAM,8,23,7,467,202,4,9,0,58,757,115,1650,2012-05-31
GREAT YARMOUTH,45,15,31,543,223,2,22,0,99,599,105,1684,2012-05-31
GREENWICH,1,166,6,1581,565,12,143,1,105,2545,461,5586,2012-05-31
GUILDFORD,8,59,23,776,375,5,42,0,169,1398,289,3144,2012-05-31
GWYNEDD,95,8,51,720,307,2,43,0,214,1022,156,2618,2012-05-31
HACKNEY,0,242,18,1121,510,9,183,0,144,3112,546,5885,2012-05-31
HALTON,100,22,8,532,222,6,24,1,81,1076,188,2260,2012-05-31
HAMBLETON,44,13,17,682,330,1,31,0,130,612,117,1977,2012-05-31
HAMMERSMITH AND FULHAM,5,177,9,1341,670,8,126,0,148,3086,589,6159,2012-05-31
HARBOROUGH,16,17,40,502,204,4,53,0,117,735,160,1848,2012-05-31
HARINGEY,9,237,15,1624,579,7,117,0,116,3261,544,6509,2012-05-31
HARLOW,1,21,8,400,169,3,25,0,24,711,171,1533,2012-05-31
HARROGATE,170,26,50,1036,396,5,25,0,215,1362,260,3545,2012-05-31
HARROW,2,86,24,1219,523,9,73,0,127,2161,412,4636,2012-05-31
HART,28,12,20,528,251,7,23,0,88,703,171,1831,2012-05-31
HARTLEPOOL,8,10,16,386,169,2,27,0,50,666,109,1443,2012-05-31
HASTINGS,4,32,11,645,250,10,16,0,66,1003,190,2227,2012-05-31
HAVANT,21,140,14,1085,378,4,27,0,62,972,183,2886,2012-05-31
HAVERING,15,74,61,1329,699,12,75,0,110,2117,337,4829,2012-05-31
HEREFORDSHIRE,89,35,48,1404,429,0,45,0,309,1468,317,4144,2012-05-31
HERTSMERE,5,22,14,486,247,4,42,0,73,933,195,2021,2012-05-31
HIGH PEAK,35,9,24,446,192,4,20,0,128,750,110,1718,2012-05-31
HILLINGDON,4,152,33,1495,719,10,150,0,186,2380,450,5579,2012-05-31
HINCKLEY AND BOSWORTH,29,22,50,578,245,4,26,0,90,791,113,1948,2012-05-31
HORSHAM,40,27,27,833,504,5,43,0,203,1410,292,3384,2012-05-31
HOUNSLOW,3,137,24,1222,487,10,64,0,164,2646,612,5369,2012-05-31
HUNTINGDONSHIRE,58,24,48,974,436,6,87,2,155,1423,305,3518,2012-05-31
HYNDBURN,36,8,8,421,192,6,8,0,124,664,99,1566,2012-05-31
IPSWICH,15,26,20,653,267,13,45,0,86,945,156,2226,2012-05-31
ISLE OF ANGLESEY,54,9,14,375,173,4,17,0,128,550,85,1409,2012-05-31
ISLE OF WIGHT,48,47,37,791,435,1,73,2,205,1433,291,3363,2012-05-31
ISLES OF SCILLY,1,3,0,4,0,0,2,0,3,13,1,27,2012-05-31
ISLINGTON,3,182,15,1413,647,11,211,0,140,3140,525,6287,2012-05-31
KENSINGTON AND CHELSEA,21,160,6,1711,758,14,116,0,357,5317,1029,9489,2012-05-31
KERRIER,0,0,0,0,0,0,0,0,0,0,1,1,2012-05-31
KETTERING,18,24,21,492,190,1,27,0,87,826,154,1840,2012-05-31
KING'S LYNN AND WEST NORFOLK,72,19,75,813,360,11,116,0,326,1373,262,3427,2012-05-31
KINGSTON UPON THAMES,3,60,10,999,489,5,31,0,77,1538,311,3523,2012-05-31
KIRKLEES,44,45,119,2091,924,30,135,0,379,3610,550,7927,2012-05-31
KNOWSLEY,41,31,23,592,210,13,48,0,92,984,184,2218,2012-05-31
LAMBETH,3,207,6,2050,850,11,115,0,168,3937,786,8133,2012-05-31
LANCASTER,58,24,21,680,290,9,38,0,208,1049,147,2524,2012-05-31
LEEDS,85,157,97,3794,1693,39,244,0,562,5766,956,13393,2012-05-31
LEICESTER,13,87,34,1169,502,15,67,1,147,2090,316,4441,2012-05-31
LEWES,15,48,15,606,284,6,59,0,108,956,174,2271,2012-05-31
LEWISHAM,1,116,10,1417,630,11,117,0,139,3057,508,6006,2012-05-31
LICHFIELD,23,20,30,639,228,6,54,0,64,800,178,2042,2012-05-31
LINCOLN,12,23,8,551,237,7,58,0,88,706,118,1808,2012-05-31
LIVERPOOL,56,107,64,2215,893,35,121,1,323,4200,657,8672,2012-05-31
LUTON,14,40,5,811,497,7,41,0,90,1398,266,3169,2012-05-31
MAIDSTONE,7,38,35,915,421,11,89,0,172,1424,294,3406,2012-05-31
MALDON,38,9,10,322,148,6,20,0,91,549,107,1300,2012-05-31
MALVERN HILLS,52,15,26,929,156,2,31,0,125,570,105,2011,2012-05-31
MANCHESTER,30,193,41,2454,921,34,157,0,462,5386,1064,10742,2012-05-31
MANSFIELD,86,25,19,559,234,3,35,0,83,748,160,1952,2012-05-31
MEDWAY,10,59,46,1379,614,22,99,0,105,2093,453,4880,2012-05-31
MELTON,19,5,16,255,126,2,11,0,63,385,94,976,2012-05-31
MENDIP,60,40,37,688,333,6,50,0,163,900,181,2458,2012-05-31
MERTHYR TYDFIL,24,12,16,253,85,2,16,0,96,440,82,1026,2012-05-31
MERTON,9,135,19,1093,535,7,83,0,100,2141,445,4567,2012-05-31
MID BEDFORDSHIRE,0,0,0,0,0,0,0,0,1,0,0,1,2012-05-31
MID DEVON,29,13,28,535,239,4,59,0,112,726,135,1880,2012-05-31
MID SUFFOLK,77,19,53,604,246,14,32,0,184,835,189,2253,2012-05-31
MID SUSSEX,16,40,39,880,397,2,102,0,217,1398,319,3410,2012-05-31
MIDDLESBROUGH,12,15,9,589,272,6,36,0,76,763,150,1928,2012-05-31
MILTON KEYNES,30,106,80,1343,536,9,197,0,150,1957,544,4952,2012-05-31
MOLE VALLEY,2,26,17,543,208,2,58,0,110,951,177,2094,2012-05-31
MONMOUTHSHIRE,34,20,29,488,216,4,52,0,148,840,143,1974,2012-05-31
NEATH PORT TALBOT,28,30,32,695,292,6,68,0,183,1087,167,2588,2012-05-31
NEW FOREST,48,61,29,1033,585,9,75,0,156,1621,364,3981,2012-05-31
NEWARK AND SHERWOOD,60,44,41,617,275,5,32,2,173,938,219,2406,2012-05-31
NEWCASTLE UPON TYNE,38,60,39,1379,592,19,53,0,152,2160,328,4820,2012-05-31
NEWCASTLE-UNDER-LYME,23,13,12,813,282,11,18,0,132,807,134,2245,2012-05-31
NEWHAM,9,101,6,1053,726,7,101,0,147,2402,515,5067,2012-05-31
NEWPORT,33,63,26,726,322,1,41,0,143,1191,172,2718,2012-05-31
NORTH DEVON,55,30,22,642,254,11,42,0,152,855,163,2226,2012-05-31
NORTH DORSET,35,15,28,330,149,3,51,0,91,541,122,1365,2012-05-31
NORTH EAST DERBYSHIRE,33,13,23,478,202,4,30,0,109,694,111,1697,2012-05-31
NORTH EAST LINCOLNSHIRE,27,17,41,866,408,8,60,0,102,1105,160,2794,2012-05-31
NORTH HERTFORDSHIRE,48,38,10,688,332,0,52,1,122,1057,251,2599,2012-05-31
NORTH KESTEVEN,55,29,59,599,274,3,45,3,169,927,185,2348,2012-05-31
NORTH LINCOLNSHIRE,55,42,37,891,344,12,53,0,162,1152,224,2972,2012-05-31
NORTH NORFOLK,81,24,50,595,297,5,57,0,207,883,206,2405,2012-05-31
NORTH SOMERSET,44,94,36,1272,638,7,105,0,198,1776,405,4575,2012-05-31
NORTH TYNESIDE,32,44,25,1252,547,9,44,1,108,1512,299,3873,2012-05-31
NORTH WARWICKSHIRE,22,8,17,374,122,4,22,0,89,520,97,1275,2012-05-31
NORTH WEST LEICESTERSHIRE,19,18,24,473,265,1,55,0,103,828,165,1951,2012-05-31
NORTHAMPTON,31,40,34,1295,505,6,83,0,134,1794,367,4289,2012-05-31
NORTHUMBERLAND,107,58,104,1999,675,30,101,0,338,2591,510,6513,2012-05-31
NORWICH,15,19,12,613,300,6,40,0,96,1115,161,2377,2012-05-31
NUNEATON AND BEDWORTH,12,32,21,651,297,5,31,0,76,842,191,2158,2012-05-31
OADBY AND WIGSTON,12,8,6,247,112,0,13,0,33,375,54,860,2012-05-31
OLDHAM,44,46,116,1023,455,12,50,0,218,1946,328,4238,2012-05-31
OXFORD,13,43,7,564,265,8,26,0,105,1300,246,2577,2012-05-31
PEMBROKESHIRE,64,16,44,611,329,6,54,0,233,1024,186,2567,2012-05-31
PENDLE,21,8,12,463,217,10,13,0,147,683,125,1699,2012-05-31
POOLE,39,68,14,875,450,8,43,0,67,1401,305,3270,2012-05-31
PORTSMOUTH,40,53,14,1095,482,9,61,1,114,1738,340,3947,2012-05-31
POWYS,124,15,56,662,250,8,44,0,234,1084,160,2637,2012-05-31
PRESTON,19,15,8,669,291,10,35,0,124,1099,161,2431,2012-05-31
PURBECK,20,22,8,224,118,2,20,0,60,351,88,913,2012-05-31
READING,19,53,23,810,353,5,36,0,100,1602,223,3224,2012-05-31
REDBRIDGE,35,61,12,1461,860,15,27,1,116,2445,426,5459,2012-05-31
REDCAR AND CLEVELAND,27,18,21,720,328,7,52,0,87,1048,141,2449,2012-05-31
REDDITCH,21,19,16,519,206,5,33,0,55,531,142,1547,2012-05-31
REIGATE AND BANSTEAD,3,52,33,789,394,11,82,1,99,1304,296,3064,2012-05-31
RHONDDA CYNON TAFF,101,38,67,1141,533,30,80,0,244,1952,224,4410,2012-05-31
RIBBLE VALLEY,26,8,11,322,134,0,18,0,145,487,108,1259,2012-05-31
RICHMOND UPON THAMES,5,114,18,1428,712,5,124,0,119,2307,425,5257,2012-05-31
RICHMONDSHIRE,22,5,7,269,125,0,34,0,85,364,83,994,2012-05-31
ROCHDALE,33,28,137,1122,423,11,39,0,147,1790,286,4016,2012-05-31
ROCHFORD,21,14,11,472,228,0,12,0,87,608,107,1560,2012-05-31
ROSSENDALE,36,2,26,369,152,8,15,0,138,722,92,1560,2012-05-31
ROTHER,17,24,23,606,286,5,35,0,134,1312,211,2653,2012-05-31
ROTHERHAM,30,59,48,1298,564,15,88,0,167,1797,333,4399,2012-05-31
RUGBY,12,13,27,508,210,1,46,0,62,678,141,1698,2012-05-31
RUNNYMEDE,5,21,9,555,249,4,17,0,76,820,202,1958,2012-05-31
RUSHCLIFFE,28,42,26,1097,274,5,40,0,110,844,177,2643,2012-05-31
RUSHMOOR,16,39,13,477,213,15,28,0,62,742,176,1781,2012-05-31
RUTLAND,17,3,12,216,96,1,12,0,71,298,74,800,2012-05-31
RYEDALE,40,9,19,322,157,0,35,0,84,400,67,1133,2012-05-31
SALFORD,26,43,22,1108,519,20,45,0,177,2682,511,5153,2012-05-31
SALISBURY,0,0,0,0,0,0,0,0,0,2,0,2,2012-05-31
SANDWELL,23,47,60,1397,559,51,85,0,141,2094,361,4818,2012-05-31
SCARBOROUGH,64,20,22,644,353,4,51,0,223,1036,158,2575,2012-05-31
SEDGEMOOR,68,43,50,708,283,6,99,0,169,1032,218,2676,2012-05-31
SEFTON,67,37,33,1379,590,16,55,0,174,1911,313,4575,2012-05-31
SELBY,34,6,32,472,227,3,44,0,102,713,154,1787,2012-05-31
SEVENOAKS,12,30,22,639,281,3,38,0,148,1142,216,2531,2012-05-31
SHEFFIELD,83,106,81,2585,1193,24,130,0,509,4648,827,10186,2012-05-31
SHEPWAY,8,39,16,619,283,9,31,0,97,1145,203,2450,2012-05-31
SHROPSHIRE,157,35,101,1963,691,10,117,1,446,2524,512,6557,2012-05-31
SLOUGH,9,38,29,549,266,7,55,0,90,1311,309,2663,2012-05-31
SOLIHULL,18,37,50,1260,495,5,57,0,151,1622,292,3987,2012-05-31
SOUTH BEDFORDSHIRE,0,0,0,0,0,0,0,0,1,0,0,1,2012-05-31
SOUTH BUCKS,12,16,12,421,195,5,17,0,92,892,135,1797,2012-05-31
SOUTH CAMBRIDGESHIRE,48,22,50,798,371,1,124,0,171,1260,285,3130,2012-05-31
SOUTH DERBYSHIRE,29,11,57,591,249,7,41,0,108,727,145,1965,2012-05-31
SOUTH GLOUCESTERSHIRE,62,115,60,1481,670,7,112,0,244,2011,440,5202,2012-05-31
SOUTH HAMS,27,26,28,913,302,5,42,0,196,1012,233,2784,2012-05-31
SOUTH HOLLAND,49,8,25,511,206,5,64,1,115,711,114,1809,2012-05-31
SOUTH KESTEVEN,56,32,79,758,291,4,79,1,152,992,190,2634,2012-05-31
SOUTH LAKELAND,46,20,46,641,318,7,42,0,192,1050,169,2531,2012-05-31
SOUTH NORFOLK,58,16,71,678,295,7,78,0,177,1055,204,2639,2012-05-31
SOUTH NORTHAMPTONSHIRE,52,14,22,474,236,2,27,1,87,665,172,1752,2012-05-31
SOUTH OXFORDSHIRE,26,36,57,830,529,9,94,1,171,1322,324,3399,2012-05-31
SOUTH RIBBLE,37,17,12,566,264,5,30,0,122,707,139,1899,2012-05-31
SOUTH SOMERSET,67,49,57,853,441,4,100,0,224,1299,309,3403,2012-05-31
SOUTH STAFFORDSHIRE,45,5,28,534,202,2,36,0,112,723,123,1810,2012-05-31
SOUTH TYNESIDE,15,26,19,741,360,6,26,0,77,1080,179,2529,2012-05-31
SOUTHAMPTON,58,98,18,1190,745,10,101,0,117,2532,662,5531,2012-05-31
SOUTHEND-ON-SEA,31,27,9,985,504,9,47,0,92,1728,265,3697,2012-05-31
SOUTHWARK,3,220,19,1659,701,10,218,0,200,3675,747,7452,2012-05-31
SPELTHORNE,2,39,9,610,291,2,35,0,90,991,249,2318,2012-05-31
ST ALBANS,22,53,14,863,416,3,65,0,128,1346,249,3159,2012-05-31
ST EDMUNDSBURY,48,27,21,570,299,3,35,0,182,816,188,2189,2012-05-31
ST HELENS,42,26,39,845,393,10,52,0,155,1334,209,3105,2012-05-31
STAFFORD,47,13,28,753,327,5,35,0,166,931,169,2474,2012-05-31
STAFFORDSHIRE MOORLANDS,76,6,22,569,223,6,20,0,125,686,119,1852,2012-05-31
STEVENAGE,4,21,14,373,156,3,22,0,34,471,159,1257,2012-05-31
STOCKPORT,24,41,16,1475,697,11,51,0,269,2318,437,5339,2012-05-31
STOCKTON-ON-TEES,13,25,30,929,468,11,68,0,117,1397,277,3335,2012-05-31
STOKE-ON-TRENT,26,40,33,1344,573,10,42,0,172,1966,312,4518,2012-05-31
STRATFORD-ON-AVON,38,22,49,825,344,3,58,0,157,1184,262,2942,2012-05-31
STROUD,37,26,49,808,256,4,37,0,142,922,186,2467,2012-05-31
SUFFOLK COASTAL,105,20,59,679,297,4,48,0,230,992,202,2636,2012-05-31
SUNDERLAND,22,26,54,1359,526,16,45,0,190,2036,413,4687,2012-05-31
SURREY HEATH,2,18,23,518,254,6,39,0,134,894,211,2099,2012-05-31
SUTTON,3,59,9,1004,449,4,80,0,70,1525,312,3515,2012-05-31
SWALE,9,43,37,791,366,4,45,0,153,1261,264,2973,2012-05-31
SWANSEA,62,87,59,1309,524,9,85,0,254,1800,269,4458,2012-05-31
SWINDON,132,64,53,1129,501,13,96,0,131,1546,355,4020,2012-05-31
TAMESIDE,20,39,35,1647,406,19,59,0,181,1709,310,4425,2012-05-31
TAMWORTH,11,16,8,493,185,4,13,0,46,502,89,1367,2012-05-31
TANDRIDGE,4,38,79,537,240,1,25,0,79,856,193,2052,2012-05-31
TAUNTON DEANE,29,20,47,605,281,2,73,0,122,864,210,2253,2012-05-31
TEIGNBRIDGE,24,54,20,868,386,10,76,0,157,1197,247,3039,2012-05-31
TENDRING,62,27,23,652,308,4,39,0,242,1021,189,2567,2012-05-31
TEST VALLEY,33,30,33,609,297,9,79,0,136,995,240,2461,2012-05-31
TEWKESBURY,21,18,47,558,223,4,67,0,90,616,165,1809,2012-05-31
THANET,11,37,10,700,354,13,20,0,83,1240,260,2728,2012-05-31
THE VALE OF GLAMORGAN,31,25,29,666,306,4,37,0,117,1017,166,2398,2012-05-31
THREE RIVERS,23,23,29,491,212,5,44,0,53,743,174,1797,2012-05-31
THURROCK,11,37,22,832,373,4,43,0,134,1673,296,3425,2012-05-31
TONBRIDGE AND MALLING,18,21,42,697,327,7,48,0,127,1101,242,2630,2012-05-31
TORBAY,17,43,21,807,339,11,31,0,105,1153,227,2754,2012-05-31
TORFAEN,19,27,11,445,182,11,36,0,78,727,390,1926,2012-05-31
TORRIDGE,37,21,33,498,199,11,46,0,121,584,101,1651,2012-05-31
TOWER HAMLETS,5,310,109,1671,800,7,309,0,257,4961,1054,9483,2012-05-31
TRAFFORD,29,39,23,1227,616,6,93,0,171,2140,452,4796,2012-05-31
TUNBRIDGE WELLS,3,37,18,739,327,3,40,0,173,1417,261,3018,2012-05-31
UTTLESFORD,27,21,48,444,216,10,61,1,178,740,151,1897,2012-05-31
VALE OF WHITE HORSE,12,20,34,715,481,7,69,0,125,1102,258,2823,2012-05-31
WAKEFIELD,55,49,62,1610,634,24,111,0,225,2395,382,5547,2012-05-31
WALSALL,26,58,43,1304,527,9,96,0,164,1608,297,4132,2012-05-31
WALTHAM FOREST,13,76,18,1057,615,14,51,1,125,2552,371,4893,2012-05-31
WANDSWORTH,2,229,23,2341,1219,11,204,0,174,4570,952,9725,2012-05-31
WARRINGTON,33,66,31,1144,494,13,121,0,194,1727,312,4135,2012-05-31
WARWICK,17,33,22,761,342,4,38,0,143,1278,228,2866,2012-05-31
WATFORD,18,40,19,493,221,5,58,0,53,936,206,2049,2012-05-31
WAVENEY,65,13,17,572,234,7,24,0,139,819,141,2031,2012-05-31
WAVERLEY,12,186,24,793,382,6,54,0,168,1441,276,3342,2012-05-31
WEALDEN,50,30,69,905,423,5,110,1,256,1726,317,3892,2012-05-31
WELLINGBOROUGH,24,7,11,322,145,4,25,1,77,539,129,1284,2012-05-31
WELWYN HATFIELD,16,31,28,484,208,5,26,0,84,974,186,2042,2012-05-31
WEST BERKSHIRE,16,35,17,964,447,6,49,0,173,1467,349,3523,2012-05-31
WEST DEVON,30,14,21,326,195,2,19,0,127,551,94,1379,2012-05-31
WEST DORSET,35,23,18,555,264,2,31,0,173,938,218,2257,2012-05-31
WEST LANCASHIRE,25,12,33,510,273,5,28,0,125,778,114,1903,2012-05-31
WEST LINDSEY,31,15,36,478,206,7,44,0,113,595,88,1613,2012-05-31
WEST OXFORDSHIRE,33,31,27,636,324,12,41,0,143,1054,260,2561,2012-05-31
WEST SOMERSET,20,5,20,195,81,2,9,0,75,341,68,816,2012-05-31
WEYMOUTH AND PORTLAND,8,12,11,350,169,0,24,0,46,474,78,1172,2012-05-31
WIGAN,79,34,29,1418,640,19,59,0,357,2428,409,5472,2012-05-31
WILTSHIRE,176,106,162,2421,1095,27,251,1,532,3476,765,9012,2012-05-31
WINCHESTER,39,34,36,613,309,3,53,0,154,1229,283,2753,2012-05-31
WINDSOR AND MAIDENHEAD,19,45,22,888,416,10,62,1,169,1636,325,3593,2012-05-31
WIRRAL,38,55,66,1681,730,18,58,0,240,2512,349,5747,2012-05-31
WOKING,4,33,12,547,255,1,49,0,97,1081,270,2349,2012-05-31
WOKINGHAM,11,40,39,993,450,16,38,0,142,1482,326,3537,2012-05-31
WOLVERHAMPTON,61,36,26,904,410,7,54,0,197,1557,310,3562,2012-05-31
WORCESTER,39,30,47,771,249,3,42,0,116,792,154,2243,2012-05-31
WREKIN,22,42,78,1214,356,6,98,1,140,1386,250,3593,2012-05-31
WORTHING,13,62,13,683,300,2,27,0,58,1120,227,2505,2012-05-31
WREXHAM,45,22,37,582,207,4,31,0,146,899,124,2097,2012-05-31
WYCHAVON,69,20,38,1164,285,0,43,0,200,1034,231,3084,2012-05-31
WYCOMBE,51,39,47,837,390,10,48,0,225,1673,341,3661,2012-05-31
WYRE,44,5,11,531,230,8,17,1,120,897,144,2008,2012-05-31
WYRE FOREST,40,14,26,483,195,6,29,0,123,597,120,1633,2012-05-31
YORK,61,30,17,1046,483,7,57,0,191,1233,231,3356,2012-05-31
ALL COUNTIES,2,0,0,0,0,0,0,0,0,6,21,29,2012-04-30
ADUR,4,14,11,325,109,1,28,0,26,445,105,1068,2012-04-30
ALLERDALE,56,6,20,403,222,6,31,0,142,705,108,1699,2012-04-30
AMBER VALLEY,43,19,16,537,222,7,23,0,127,788,133,1915,2012-04-30
ARUN,24,35,28,777,358,4,52,0,129,1352,295,3054,2012-04-30
ASHFIELD,28,35,31,516,221,8,33,0,88,672,139,1771,2012-04-30
ASHFORD,9,44,43,664,247,6,55,0,143,952,201,2364,2012-04-30
AYLESBURY VALE,50,50,66,896,374,10,99,1,158,1328,283,3315,2012-04-30
BABERGH,35,18,19,409,170,2,22,1,98,530,123,1427,2012-04-30
BARKING AND DAGENHAM,9,30,16,600,237,1,35,0,57,1310,207,2502,2012-04-30
BARNET,11,185,22,1794,818,5,152,0,174,3267,571,6999,2012-04-30
BARNSLEY,34,63,38,943,392,6,63,0,168,1341,252,3300,2012-04-30
BARROW-IN-FURNESS,22,2,4,319,160,4,36,0,28,384,54,1013,2012-04-30
BASILDON,17,42,24,844,290,5,75,0,126,1061,236,2720,2012-04-30
BASINGSTOKE AND DEANE,25,53,43,838,338,4,75,0,146,1241,348,3111,2012-04-30
BASSETLAW,41,48,23,502,197,4,42,2,112,811,139,1921,2012-04-30
BATH AND NORTH EAST SOMERSET,49,49,27,915,366,1,57,0,198,1507,255,3424,2012-04-30
BEDFORD,20,29,26,881,316,8,73,0,134,1233,217,2937,2012-04-30
BEXLEY,14,42,4,1191,449,4,64,0,90,1552,304,3714,2012-04-30
BIRMINGHAM,72,148,99,4044,1925,53,226,3,583,6942,1066,15161,2012-04-30
BLABY,17,20,12,464,154,4,24,0,72,557,106,1430,2012-04-30
BLACKBURN WITH DARWEN,12,28,7,576,217,7,33,0,141,1036,185,2242,2012-04-30
BLACKPOOL,26,15,5,674,297,16,12,0,134,1047,153,2379,2012-04-30
BLAENAU GWENT,14,10,7,241,115,2,13,0,63,435,68,968,2012-04-30
BOLSOVER,21,22,18,337,143,12,11,0,54,454,90,1162,2012-04-30
BOLTON,33,43,25,2311,458,11,65,0,190,2010,321,5467,2012-04-30
BOSTON,28,9,8,252,104,2,15,0,69,316,56,859,2012-04-30
BOURNEMOUTH,19,93,12,968,399,10,43,0,84,1639,314,3581,2012-04-30
BRACKNELL FOREST,7,20,37,547,216,7,81,0,64,1053,212,2244,2012-04-30
BRADFORD,120,44,55,2050,730,34,103,0,310,3208,480,7134,2012-04-30
BRAINTREE,35,21,21,746,308,2,41,0,173,1067,231,2645,2012-04-30
BRECKLAND,51,42,34,645,244,1,74,0,163,796,202,2252,2012-04-30
BRENT,5,103,8,1085,522,7,61,0,104,2486,396,4777,2012-04-30
BRENTWOOD,5,20,6,444,158,5,42,0,81,688,123,1572,2012-04-30
BRIDGEND,20,46,34,662,296,5,34,1,137,1020,133,2388,2012-04-30
BRIGHTON AND HOVE,15,192,19,1681,706,7,70,0,124,2751,521,6086,2012-04-30
BROADLAND,38,15,15,592,230,5,30,0,149,726,161,1961,2012-04-30
BROMLEY,31,99,15,1744,709,10,71,1,140,2485,554,5859,2012-04-30
BROMSGROVE,14,16,28,453,176,5,34,0,112,675,108,1621,2012-04-30
BROXBOURNE,26,13,39,483,186,4,19,0,66,694,122,1652,2012-04-30
BROXTOWE,19,15,23,483,179,0,20,0,51,648,128,1566,2012-04-30
BURNLEY,13,36,6,486,163,10,10,2,88,1072,117,2003,2012-04-30
BURY,12,33,16,1336,393,9,44,0,157,1502,236,3738,2012-04-30
CAERPHILLY,39,33,36,827,326,10,41,2,150,933,142,2539,2012-04-30
CALDERDALE,35,27,23,1015,404,9,31,1,191,1500,209,3445,2012-04-30
CAMBRIDGE,25,41,9,488,185,3,83,0,105,825,133,1897,2012-04-30
CAMDEN,3,161,6,1235,545,18,143,0,225,3658,659,6653,2012-04-30
CANNOCK CHASE,7,9,27,495,194,5,16,0,39,557,122,1471,2012-04-30
CANTERBURY,17,39,19,823,324,4,69,0,125,1225,218,2863,2012-04-30
CARDIFF,44,74,22,1577,674,24,77,0,221,2547,417,5677,2012-04-30
CARLISLE,29,5,25,564,237,3,29,1,168,687,120,1868,2012-04-30
CARMARTHENSHIRE,105,98,59,874,327,6,102,4,296,1375,169,3415,2012-04-30
CARRICK,0,0,0,0,0,0,0,0,0,1,0,1,2012-04-30
CASTLE POINT,22,12,4,446,179,4,11,0,86,471,67,1302,2012-04-30
CENTRAL BEDFORDSHIRE,48,39,67,1484,555,17,162,0,188,1798,452,4810,2012-04-30
CEREDIGION,60,14,23,358,158,2,21,0,150,496,63,1345,2012-04-30
CHARNWOOD,40,22,60,710,303,4,72,0,108,999,183,2501,2012-04-30
CHELMSFORD,36,21,14,915,394,4,43,0,143,1275,271,3116,2012-04-30
CHELTENHAM,35,30,13,654,237,4,15,0,101,883,172,2144,2012-04-30
CHERWELL,36,29,25,721,260,6,45,1,175,1065,289,2652,2012-04-30
CHESHIRE EAST,66,42,52,1968,803,23,89,0,417,2888,576,6924,2012-04-30
CHESHIRE WEST AND CHESTER,55,46,63,1646,613,10,70,0,331,2378,504,5716,2012-04-30
CHESTERFIELD,23,23,10,461,205,7,21,1,52,611,131,1545,2012-04-30
CHICHESTER,51,33,20,649,247,8,35,0,179,1227,266,2715,2012-04-30
CHILTERN,24,19,34,473,179,3,26,0,93,654,151,1656,2012-04-30
CHORLEY,24,24,22,549,199,13,60,0,145,821,131,1988,2012-04-30
CHRISTCHURCH,11,17,2,258,115,5,13,1,25,313,79,839,2012-04-30
CITY OF BRISTOL,110,184,37,2143,938,18,143,1,317,3512,656,8059,2012-04-30
CITY OF DERBY,26,56,25,951,456,10,33,0,107,1467,273,3404,2012-04-30
CITY OF KINGSTON UPON HULL,20,34,42,932,436,15,43,0,95,1291,237,3145,2012-04-30
CITY OF LONDON,4,43,0,249,117,3,46,0,125,1561,235,2383,2012-04-30
CITY OF NOTTINGHAM,20,68,12,1099,434,10,55,0,148,2150,285,4281,2012-04-30
CITY OF PETERBOROUGH,16,69,47,737,338,10,103,0,109,1208,251,2888,2012-04-30
CITY OF PLYMOUTH,25,167,39,1211,614,11,60,0,114,1739,426,4406,2012-04-30
CITY OF WESTMINSTER,31,330,18,2548,1193,22,320,0,410,9073,1652,15597,2012-04-30
COLCHESTER,25,172,52,978,466,8,87,0,149,1244,271,3452,2012-04-30
CONWY,69,27,12,612,249,7,35,0,113,801,130,2055,2012-04-30
COPELAND,18,4,8,423,153,2,32,0,87,395,80,1202,2012-04-30
CORBY,10,23,25,282,109,4,50,0,35,409,98,1045,2012-04-30
CORNWALL,237,347,262,3680,1259,16,236,0,875,4534,854,12300,2012-04-30
COTSWOLD,41,24,43,461,216,0,64,0,132,814,171,1966,2012-04-30
"COUNTY DURHAM,456",91,40,99,2303,937,44,144,0,442,3638,595,8333,2012-04-30
COVENTRY,40,85,40,1078,432,11,88,0,162,1794,254,3984,2012-04-30
CRAVEN,22,6,7,352,140,3,22,0,72,450,69,1143,2012-04-30
CRAWLEY,8,47,1,403,168,4,34,0,53,794,150,1662,2012-04-30
CROYDON,4,65,12,1767,646,12,81,0,129,2903,601,6220,2012-04-30
DACORUM,24,27,31,749,320,9,51,0,80,1048,185,2524,2012-04-30
DARLINGTON,11,7,9,491,198,3,28,0,61,638,98,1544,2012-04-30
DARTFORD,7,14,20,493,164,6,41,0,80,752,126,1703,2012-04-30
DAVENTRY,29,17,14,391,185,0,32,0,75,553,129,1425,2012-04-30
DENBIGHSHIRE,42,13,24,468,158,1,26,0,128,744,106,1710,2012-04-30
DERBYSHIRE DALES,37,14,23,364,185,1,31,4,119,607,81,1466,2012-04-30
DONCASTER,65,105,36,1241,546,16,39,0,179,1852,317,4396,2012-04-30
DOVER,12,22,16,633,248,5,23,0,90,926,162,2137,2012-04-30
DUDLEY,38,44,38,1303,560,12,62,0,125,1752,270,4204,2012-04-30
DURHAM,0,0,0,1,1,1,2,0,0,1,1,7,2012-04-30
EALING,8,103,13,1422,597,2,132,0,145,2687,488,5597,2012-04-30
EAST CAMBRIDGESHIRE,38,23,22,463,191,2,39,0,78,516,121,1493,2012-04-30
EAST DEVON,29,60,33,780,348,7,64,0,166,1150,215,2852,2012-04-30
EAST DORSET,19,32,9,436,197,4,12,0,77,628,152,1566,2012-04-30
EAST HAMPSHIRE,28,30,17,572,232,5,41,0,124,895,291,2235,2012-04-30
EAST HERTFORDSHIRE,16,37,28,809,310,7,55,0,145,1332,288,3027,2012-04-30
EAST LINDSEY,74,16,21,630,298,7,36,0,167,869,139,2257,2012-04-30
EAST NORTHAMPTONSHIRE,19,15,24,372,163,4,35,1,85,626,127,1471,2012-04-30
EAST RIDING OF YORKSHIRE,87,43,69,1793,726,12,81,0,289,2456,366,5922,2012-04-30
EAST STAFFORDSHIRE,42,12,28,508,245,5,86,1,148,809,145,2029,2012-04-30
EASTBOURNE,2,43,4,560,226,5,19,1,44,1002,209,2115,2012-04-30
EASTLEIGH,32,40,26,616,275,3,37,0,96,1058,297,2480,2012-04-30
EDEN,55,8,12,259,111,3,17,0,94,485,59,1103,2012-04-30
ELMBRIDGE,26,29,29,869,387,4,37,0,119,1257,293,3050,2012-04-30
ENFIELD,13,84,11,1430,551,10,69,0,110,2636,446,5360,2012-04-30
EPPING FOREST,17,39,27,639,252,2,50,0,124,1074,208,2432,2012-04-30
EPSOM AND EWELL,1,25,20,444,162,1,21,0,32,566,110,1382,2012-04-30
EREWASH,17,49,12,508,239,9,38,0,49,749,116,1786,2012-04-30
EXETER,18,51,18,615,230,3,50,0,82,741,132,1940,2012-04-30
FAREHAM,19,47,18,769,253,3,38,0,84,790,241,2262,2012-04-30
FENLAND,42,37,32,460,205,21,26,0,102,692,132,1749,2012-04-30
FLINTSHIRE,45,22,29,606,256,3,38,0,179,1035,164,2377,2012-04-30
FOREST HEATH,18,20,21,288,113,2,31,0,67,401,110,1071,2012-04-30
FOREST OF DEAN,23,26,38,374,150,9,51,0,105,567,102,1445,2012-04-30
FYLDE,13,5,13,423,208,3,12,0,91,768,108,1644,2012-04-30
GATESHEAD,27,31,27,972,371,16,37,0,109,1289,225,3104,2012-04-30
GEDLING,33,18,19,512,222,4,29,0,48,730,130,1745,2012-04-30
GLOUCESTER,28,92,25,709,215,8,45,0,115,740,148,2125,2012-04-30
GOSPORT,20,31,6,486,160,4,26,1,44,652,127,1557,2012-04-30
GRAVESHAM,14,17,11,401,159,2,26,0,29,653,130,1442,2012-04-30
GREAT YARMOUTH,29,18,14,558,198,5,21,0,69,557,119,1588,2012-04-30
GREENWICH,0,140,11,1209,417,17,123,0,108,2227,440,4692,2012-04-30
GUILDFORD,14,35,37,892,301,4,39,1,151,1103,252,2829,2012-04-30
GWYNEDD,99,13,28,603,241,2,40,0,195,960,113,2294,2012-04-30
HACKNEY,5,141,6,1071,434,13,194,0,136,2541,475,5016,2012-04-30
HALTON,28,23,12,561,216,5,22,0,90,815,142,1914,2012-04-30
HAMBLETON,24,8,20,687,196,3,20,0,100,686,123,1867,2012-04-30
HAMMERSMITH AND FULHAM,7,137,7,1138,536,6,90,0,121,2656,472,5170,2012-04-30
HARBOROUGH,28,13,30,420,189,2,38,0,87,596,150,1553,2012-04-30
HARINGEY,9,138,20,1251,594,2,106,0,104,2677,397,5298,2012-04-30
HARLOW,1,15,4,293,121,0,16,0,49,601,122,1222,2012-04-30
HARROGATE,109,17,28,865,405,4,20,0,187,1236,225,3096,2012-04-30
HARROW,2,57,11,914,395,5,51,0,91,1647,286,3459,2012-04-30
HART,18,14,9,460,172,1,27,0,85,717,165,1668,2012-04-30
HARTLEPOOL,12,3,14,347,161,1,34,0,46,571,86,1275,2012-04-30
HASTINGS,3,45,10,459,180,7,19,0,72,890,159,1844,2012-04-30
HAVANT,21,78,8,563,325,2,30,0,77,1008,188,2300,2012-04-30
HAVERING,32,37,71,1222,465,11,79,0,136,1738,302,4093,2012-04-30
HEREFORDSHIRE,80,36,28,898,408,4,75,0,238,1383,292,3442,2012-04-30
HERTSMERE,7,15,16,496,198,5,30,0,77,946,164,1954,2012-04-30
HIGH PEAK,39,11,24,521,156,1,27,0,118,612,94,1603,2012-04-30
HILLINGDON,6,116,19,1163,524,9,97,0,174,2086,488,4682,2012-04-30
HINCKLEY AND BOSWORTH,15,26,29,469,225,4,60,0,87,774,117,1806,2012-04-30
HORSHAM,34,23,21,727,328,4,47,2,187,1105,264,2742,2012-04-30
HOUNSLOW,4,55,9,1042,430,5,75,0,123,2231,439,4413,2012-04-30
HOVE,0,0,0,0,0,0,0,0,0,1,0,1,2012-04-30
HUNTINGDONSHIRE,32,52,66,949,316,6,101,1,118,1070,261,2972,2012-04-30
HYNDBURN,17,3,2,314,156,3,4,0,100,613,96,1308,2012-04-30
IPSWICH,19,30,15,669,254,6,26,1,86,777,115,1998,2012-04-30
ISLE OF ANGLESEY,41,13,13,305,122,3,17,0,111,477,68,1170,2012-04-30
ISLE OF WIGHT,60,144,43,851,316,3,38,0,170,1327,243,3195,2012-04-30
ISLES OF SCILLY,1,0,1,10,2,0,4,0,3,17,1,39,2012-04-30
ISLINGTON,0,121,6,1134,527,9,136,0,137,2875,458,5403,2012-04-30
KENSINGTON AND CHELSEA,9,133,10,1280,661,14,93,1,302,4769,800,8072,2012-04-30
KETTERING,15,30,18,437,168,6,31,0,67,614,121,1507,2012-04-30
KING'S LYNN AND WEST NORFOLK,55,31,44,732,295,0,52,1,215,976,193,2594,2012-04-30
KINGSTON UPON THAMES,7,63,10,940,371,5,40,0,71,1532,294,3333,2012-04-30
KIRKLEES,39,81,88,1886,778,34,101,0,367,3199,411,6984,2012-04-30
KNOWSLEY,17,26,22,517,250,10,28,0,92,843,137,1942,2012-04-30
LAMBETH,3,147,16,1575,688,11,168,1,137,3018,630,6394,2012-04-30
LANCASTER,45,14,11,710,264,6,21,0,157,952,144,2324,2012-04-30
LEEDS,94,116,101,3158,1395,27,203,0,500,5286,772,11652,2012-04-30
LEICESTER,10,64,32,1060,458,9,58,0,153,1966,286,4096,2012-04-30
LEWES,15,28,12,516,224,2,35,0,93,846,184,1955,2012-04-30
LEWISHAM,3,111,22,1291,504,4,91,0,95,2321,421,4863,2012-04-30
LICHFIELD,10,21,31,536,217,5,42,0,89,722,130,1803,2012-04-30
LINCOLN,12,24,18,467,235,9,27,0,59,572,96,1519,2012-04-30
LIVERPOOL,35,107,30,2728,867,34,182,0,294,3434,537,8248,2012-04-30
LUTON,10,36,11,709,305,14,42,0,67,1159,210,2563,2012-04-30
MAIDSTONE,8,46,19,838,311,2,70,0,155,1227,254,2930,2012-04-30
MALDON,29,2,9,352,137,3,25,0,90,467,86,1200,2012-04-30
MALVERN HILLS,58,14,35,406,177,5,29,0,105,510,107,1446,2012-04-30
MANCHESTER,16,234,28,2164,945,28,125,1,370,4240,874,9025,2012-04-30
MANSFIELD,76,26,15,419,207,6,29,0,58,548,119,1503,2012-04-30
MEDWAY,19,64,45,1339,463,6,76,0,134,1766,378,4290,2012-04-30
MELTON,17,9,18,244,87,1,9,0,51,280,81,797,2012-04-30
MENDIP,36,38,22,563,227,2,41,0,146,727,186,1988,2012-04-30
MERTHYR TYDFIL,19,14,10,238,93,2,17,0,54,356,62,865,2012-04-30
MERTON,9,62,12,1052,424,4,56,0,123,1925,390,4057,2012-04-30
MID DEVON,29,53,33,501,214,0,25,0,110,570,110,1645,2012-04-30
MID SUFFOLK,78,13,44,537,244,14,51,0,119,756,178,2034,2012-04-30
MID SUSSEX,13,36,30,927,331,7,93,1,145,1252,299,3134,2012-04-30
MIDDLESBROUGH,13,9,19,563,217,3,33,0,62,781,127,1827,2012-04-30
MILTON KEYNES,23,171,51,1174,482,10,177,0,117,1886,447,4538,2012-04-30
MOLE VALLEY,6,10,21,495,205,4,25,0,76,744,149,1735,2012-04-30
MONMOUTHSHIRE,32,21,29,444,185,2,41,0,115,666,108,1643,2012-04-30
NEATH PORT TALBOT,38,37,33,576,214,15,52,0,154,929,122,2170,2012-04-30
NEW FOREST,43,54,25,928,401,7,19,0,161,1565,366,3569,2012-04-30
NEWARK AND SHERWOOD,33,51,27,511,266,3,46,2,137,790,146,2012,2012-04-30
NEWCASTLE UPON TYNE,33,49,27,1178,571,17,39,1,145,1979,309,4348,2012-04-30
NEWCASTLE-UNDER-LYME,21,9,22,514,314,5,20,0,104,728,110,1847,2012-04-30
NEWHAM,19,71,5,892,393,5,63,0,152,2467,360,4427,2012-04-30
NEWPORT,26,43,27,630,297,7,51,0,127,985,127,2320,2012-04-30
NORTH DEVON,29,34,28,559,229,6,31,0,134,707,114,1871,2012-04-30
NORTH DORSET,27,22,15,337,139,1,31,0,93,424,100,1189,2012-04-30
NORTH EAST DERBYSHIRE,31,15,29,426,205,4,24,0,69,525,84,1412,2012-04-30
NORTH EAST LINCOLNSHIRE,32,32,34,811,294,8,45,0,94,1054,128,2532,2012-04-30
NORTH HERTFORDSHIRE,19,25,11,1563,272,6,35,0,94,889,174,3088,2012-04-30
NORTH KESTEVEN,53,40,35,527,210,1,42,1,92,644,136,1781,2012-04-30
NORTH LINCOLNSHIRE,58,53,46,890,289,9,26,0,173,1120,185,2849,2012-04-30
NORTH NORFOLK,49,20,31,530,221,4,31,0,153,742,138,1919,2012-04-30
NORTH SOMERSET,52,132,33,1160,528,8,79,5,171,1563,347,4078,2012-04-30
NORTH TYNESIDE,28,48,35,1084,432,5,37,0,84,1276,227,3256,2012-04-30
NORTH WARWICKSHIRE,22,20,18,282,117,0,13,0,77,541,63,1153,2012-04-30
NORTH WEST LEICESTERSHIRE,13,13,29,459,193,2,35,0,99,616,106,1565,2012-04-30
NORTH WILTSHIRE,0,0,0,0,0,0,0,0,0,1,0,1,2012-04-30
NORTHAMPTON,14,55,25,1078,470,10,63,0,123,1349,282,3469,2012-04-30
NORTHUMBERLAND,61,63,63,1456,614,12,86,0,322,2195,375,5247,2012-04-30
NORWICH,6,12,8,642,265,28,25,0,80,878,141,2085,2012-04-30
NUNEATON AND BEDWORTH,7,34,15,516,214,1,40,0,64,792,122,1805,2012-04-30
OADBY AND WIGSTON,7,16,2,212,86,0,6,0,25,290,51,695,2012-04-30
OLDHAM,31,25,59,1006,391,8,40,0,192,1675,279,3706,2012-04-30
OXFORD,16,29,11,528,229,6,26,1,118,947,176,2087,2012-04-30
PEMBROKESHIRE,59,26,34,511,231,2,33,0,170,718,127,1911,2012-04-30
PENDLE,26,7,6,494,167,12,8,0,98,627,79,1524,2012-04-30
POOLE,27,63,18,799,338,3,31,0,65,1170,244,2758,2012-04-30
PORTSMOUTH,36,67,9,988,411,12,42,0,109,1576,282,3532,2012-04-30
POWYS,101,23,34,514,235,8,48,0,223,783,167,2136,2012-04-30
PRESTON,22,31,11,603,211,3,17,0,130,975,162,2165,2012-04-30
PURBECK,17,21,9,191,99,2,15,0,69,357,104,884,2012-04-30
READING,19,39,36,783,331,5,64,0,116,1447,225,3065,2012-04-30
REDBRIDGE,18,55,7,1169,474,11,29,0,140,2445,324,4672,2012-04-30
REDCAR AND CLEVELAND,21,10,19,704,246,8,32,0,78,747,144,2009,2012-04-30
REDDITCH,15,18,1,414,162,3,12,0,45,497,110,1277,2012-04-30
REIGATE AND BANSTEAD,6,47,12,807,303,7,101,0,82,1200,276,2841,2012-04-30
RHONDDA CYNON TAFF,55,37,32,1028,390,10,58,0,272,1738,169,3789,2012-04-30
RIBBLE VALLEY,16,6,10,270,125,0,10,0,107,433,78,1055,2012-04-30
RICHMOND UPON THAMES,8,88,12,1237,585,10,74,0,102,2159,506,4781,2012-04-30
RICHMONDSHIRE,38,8,12,348,85,3,13,0,49,318,76,950,2012-04-30
ROCHDALE,17,20,24,1422,314,15,40,0,142,1346,217,3557,2012-04-30
ROCHFORD,20,7,5,430,241,2,16,0,95,506,106,1428,2012-04-30
ROSSENDALE,27,8,22,362,136,4,8,0,94,549,76,1286,2012-04-30
ROTHER,38,23,28,573,212,6,24,0,108,935,178,2125,2012-04-30
ROTHERHAM,26,112,51,1011,541,17,84,1,140,1573,237,3793,2012-04-30
RUGBY,8,13,17,480,180,4,33,0,76,686,145,1642,2012-04-30
RUNNYMEDE,7,11,8,443,182,7,9,0,68,708,153,1596,2012-04-30
RUSHCLIFFE,30,34,32,637,221,4,39,1,109,798,177,2082,2012-04-30
RUSHMOOR,11,32,8,501,172,6,48,0,65,657,136,1636,2012-04-30
RUTLAND,11,7,11,171,65,0,13,0,65,288,67,698,2012-04-30
RYEDALE,29,5,15,281,128,0,18,0,106,392,56,1030,2012-04-30
SALFORD,44,62,20,1062,405,18,35,0,121,2073,392,4232,2012-04-30
SANDWELL,25,39,63,1071,467,20,72,0,145,1804,257,3963,2012-04-30
SCARBOROUGH,55,13,18,564,305,3,47,0,181,830,121,2137,2012-04-30
SEDGEMOOR,46,72,46,534,297,0,72,0,160,896,164,2287,2012-04-30
SEFTON,36,58,31,1733,441,14,59,0,152,1767,261,4552,2012-04-30
SELBY,19,5,32,381,184,1,32,0,102,687,104,1547,2012-04-30
SEVENOAKS,12,27,21,811,226,1,35,0,119,1064,236,2552,2012-04-30
SHEFFIELD,101,95,71,2223,957,13,103,0,385,3524,537,8009,2012-04-30
SHEPWAY,6,38,11,596,205,7,24,0,81,908,185,2061,2012-04-30
SHROPSHIRE,131,42,96,1441,692,4,100,0,388,2065,405,5364,2012-04-30
SLOUGH,15,36,5,497,189,7,30,0,49,1062,227,2117,2012-04-30
SOLIHULL,21,30,33,970,474,12,52,0,143,1446,208,3389,2012-04-30
SOUTH BEDFORDSHIRE,0,0,0,0,0,0,0,0,2,0,0,2,2012-04-30
SOUTH BUCKS,20,13,28,320,151,2,31,0,103,658,108,1434,2012-04-30
SOUTH CAMBRIDGESHIRE,32,26,50,811,262,4,71,0,145,1014,226,2641,2012-04-30
SOUTH DERBYSHIRE,19,21,42,454,215,3,46,3,76,706,110,1695,2012-04-30
SOUTH GLOUCESTERSHIRE,54,123,70,1453,594,14,86,0,268,1820,359,4841,2012-04-30
SOUTH HAMS,23,29,38,532,234,3,49,0,149,909,210,2176,2012-04-30
SOUTH HOLLAND,35,28,15,463,194,2,35,0,95,501,71,1439,2012-04-30
SOUTH KESTEVEN,45,68,45,608,312,3,64,0,155,837,205,2342,2012-04-30
SOUTH LAKELAND,55,12,139,653,255,5,29,0,194,815,142,2299,2012-04-30
SOUTH NORFOLK,49,33,38,613,272,2,62,0,147,755,176,2147,2012-04-30
SOUTH NORTHAMPTONSHIRE,34,19,22,453,156,3,33,1,82,617,132,1552,2012-04-30
SOUTH OXFORDSHIRE,17,41,50,752,317,5,66,0,148,1196,356,2948,2012-04-30
SOUTH RIBBLE,30,8,5,573,217,4,16,0,91,673,99,1716,2012-04-30
SOUTH SOMERSET,69,62,52,778,324,6,86,0,217,1105,241,2940,2012-04-30
SOUTH STAFFORDSHIRE,29,9,20,463,162,3,23,0,103,616,111,1539,2012-04-30
SOUTH TYNESIDE,7,29,20,583,251,5,28,0,53,997,202,2175,2012-04-30
SOUTHAMPTON,35,100,15,1043,435,7,61,1,93,1927,509,4226,2012-04-30
SOUTHEND-ON-SEA,18,32,14,942,430,7,35,0,74,1392,262,3206,2012-04-30
SOUTHWARK,4,138,16,1568,547,13,145,0,178,3300,581,6490,2012-04-30
SPELTHORNE,28,26,16,525,200,5,33,0,65,900,184,1982,2012-04-30
ST ALBANS,8,52,12,809,323,4,60,1,94,1110,233,2706,2012-04-30
ST EDMUNDSBURY,30,19,25,593,214,2,36,1,102,703,159,1884,2012-04-30
ST HELENS,22,36,10,782,311,6,28,3,146,1161,171,2676,2012-04-30
STAFFORD,34,15,27,708,263,5,31,0,139,801,145,2168,2012-04-30
STAFFORDSHIRE MOORLANDS,56,6,19,414,254,0,15,0,129,634,110,1637,2012-04-30
STEVENAGE,1,15,8,386,133,4,19,0,22,396,127,1111,2012-04-30
STOCKPORT,60,43,24,1701,538,11,50,0,219,2250,387,5283,2012-04-30
STOCKTON-ON-TEES,15,20,34,884,325,6,52,0,115,1131,228,2810,2012-04-30
STOKE-ON-TRENT,19,42,24,1069,514,8,49,0,138,1655,281,3799,2012-04-30
STRATFORD-ON-AVON,47,12,38,608,280,2,40,0,152,910,170,2259,2012-04-30
STROUD,40,19,37,553,253,5,61,1,120,841,151,2081,2012-04-30
SUFFOLK COASTAL,90,22,27,602,265,3,44,0,146,907,204,2310,2012-04-30
SUNDERLAND,17,38,34,1014,429,17,55,0,135,1632,263,3634,2012-04-30
SURREY HEATH,5,19,13,578,210,3,45,0,76,687,177,1813,2012-04-30
SUTTON,1,61,30,895,384,5,68,0,77,1310,261,3092,2012-04-30
SWALE,5,40,32,656,290,5,53,0,84,1144,368,2677,2012-04-30
SWANSEA,53,70,49,1157,458,9,69,0,270,1636,231,4002,2012-04-30
SWINDON,126,61,43,901,412,21,55,0,131,1283,317,3350,2012-04-30
TAMESIDE,31,26,23,1017,373,15,49,0,133,1449,239,3355,2012-04-30
TAMWORTH,8,22,8,335,140,2,19,0,39,436,82,1091,2012-04-30
TANDRIDGE,0,16,34,482,208,2,33,0,71,775,141,1762,2012-04-30
TAUNTON DEANE,22,30,27,526,242,3,50,0,108,793,154,1955,2012-04-30
TEIGNBRIDGE,21,41,39,663,274,2,45,2,119,995,163,2364,2012-04-30
TENDRING,59,34,22,677,286,5,18,0,181,1005,168,2455,2012-04-30
TEST VALLEY,29,34,36,544,260,14,59,0,144,843,226,2189,2012-04-30
TEWKESBURY,22,37,30,435,157,11,62,0,100,750,153,1757,2012-04-30
THANET,4,33,7,685,301,12,27,0,90,1126,240,2525,2012-04-30
THE VALE OF GLAMORGAN,23,34,22,656,227,5,30,0,100,929,131,2157,2012-04-30
THREE RIVERS,5,16,5,458,193,1,38,0,80,800,131,1727,2012-04-30
THURROCK,12,23,12,774,328,7,39,0,115,1325,251,2886,2012-04-30
TONBRIDGE AND MALLING,26,36,19,804,288,8,31,0,134,1025,199,2570,2012-04-30
TORBAY,23,51,12,744,319,7,25,0,66,927,168,2342,2012-04-30
TORFAEN,24,24,9,346,146,2,33,0,64,575,103,1326,2012-04-30
TORRIDGE,20,47,36,386,162,3,48,0,91,525,77,1395,2012-04-30
TOWER HAMLETS,5,215,32,1240,578,15,362,0,226,4214,700,7587,2012-04-30
TRAFFORD,27,38,13,1232,415,6,34,0,174,1744,380,4063,2012-04-30
TUNBRIDGE WELLS,13,25,21,663,273,3,15,0,124,1192,219,2548,2012-04-30
UTTLESFORD,20,18,45,432,196,1,53,0,123,736,156,1780,2012-04-30
VALE OF WHITE HORSE,10,27,33,626,240,6,41,0,128,1138,377,2626,2012-04-30
WAKEFIELD,47,78,42,1373,572,23,78,0,179,2233,307,4932,2012-04-30
WALSALL,28,45,41,911,543,15,44,1,163,1482,258,3531,2012-04-30
WALTHAM FOREST,11,51,5,1118,418,5,35,0,82,2016,357,4098,2012-04-30
WANDSWORTH,2,169,15,2309,1019,10,132,0,151,3979,831,8617,2012-04-30
WARRINGTON,56,56,20,948,366,9,92,0,195,1725,289,3756,2012-04-30
WARWICK,15,34,18,710,285,3,31,0,97,1021,165,2379,2012-04-30
WATFORD,8,34,16,512,178,2,37,0,49,767,121,1724,2012-04-30
WAVENEY,39,15,11,578,224,11,24,0,111,646,124,1783,2012-04-30
WAVERLEY,8,262,8,663,287,6,66,0,128,1202,231,2861,2012-04-30
WEALDEN,36,29,43,961,373,3,79,0,215,1396,266,3401,2012-04-30
WELLINGBOROUGH,13,14,8,308,119,5,14,1,65,479,91,1117,2012-04-30
WELWYN HATFIELD,13,19,17,488,190,7,17,0,89,660,158,1658,2012-04-30
WEST BERKSHIRE,40,41,18,953,399,5,59,2,158,1363,344,3382,2012-04-30
WEST DEVON,30,29,24,353,155,2,25,0,90,499,105,1312,2012-04-30
WEST DORSET,54,25,18,511,234,4,32,0,159,791,195,2023,2012-04-30
WEST LANCASHIRE,47,9,14,456,186,3,34,0,96,689,108,1642,2012-04-30
WEST LINDSEY,45,26,27,431,196,1,33,0,115,627,99,1600,2012-04-30
WEST OXFORDSHIRE,18,24,29,562,233,5,45,0,152,1032,247,2347,2012-04-30
WEST SOMERSET,13,10,18,200,81,0,14,0,41,263,43,683,2012-04-30
WEYMOUTH AND PORTLAND,9,19,8,355,141,1,29,0,45,420,89,1116,2012-04-30
WIGAN,93,45,36,1762,549,25,48,0,291,2048,356,5253,2012-04-30
WILTSHIRE,135,134,119,2197,998,26,194,3,584,3036,686,8112,2012-04-30
WINCHESTER,36,23,26,630,243,8,53,0,153,1053,271,2496,2012-04-30
WINDSOR AND MAIDENHEAD,19,44,9,741,350,9,42,2,146,1431,256,3049,2012-04-30
WIRRAL,34,66,19,1327,598,20,31,0,140,2049,299,4583,2012-04-30
WOKING,4,30,6,882,217,1,63,0,75,825,201,2304,2012-04-30
WOKINGHAM,13,49,37,802,324,13,44,0,94,1207,258,2841,2012-04-30
WOLVERHAMPTON,44,35,22,746,318,12,47,0,183,1227,212,2846,2012-04-30
WORCESTER,31,25,20,535,211,6,40,0,98,679,128,1773,2012-04-30
WREKIN,34,51,98,664,459,8,48,0,117,1041,240,2760,2012-04-30
WORTHING,15,54,5,659,271,24,26,0,72,819,146,2091,2012-04-30
WREXHAM,48,32,30,528,209,4,44,0,126,765,96,1882,2012-04-30
WYCHAVON,62,21,21,614,247,3,45,0,159,844,160,2176,2012-04-30
WYCOMBE,45,51,31,839,331,13,69,0,145,1232,264,3020,2012-04-30
WYRE,39,13,20,564,208,4,20,0,107,791,118,1884,2012-04-30
WYRE FOREST,49,15,7,366,146,5,45,0,96,616,93,1438,2012-04-30
YORK,57,29,14,962,414,5,47,0,136,1296,224,3184,2012-04-30
Total,12875,17303,10974,297461,139435,3304,25164,98,53584,512981,91877,1165056,2012-03-31
ALL COUNTIES,3,0,0,0,0,0,0,0,0,0,33,36,2012-03-31
ADUR,15,19,8,360,158,2,18,0,49,513,82,1224,2012-03-31
ALLERDALE,48,11,27,427,193,5,22,0,116,759,101,1709,2012-03-31
AMBER VALLEY,66,18,17,577,264,4,32,0,147,769,152,2046,2012-03-31
ARUN,22,73,45,917,424,5,87,3,142,1518,290,3526,2012-03-31
ASHFIELD,25,36,17,480,233,13,62,4,147,805,155,1977,2012-03-31
ASHFORD,8,42,48,651,351,15,108,0,146,1245,227,2841,2012-03-31
AYLESBURY VALE,55,51,85,911,472,16,143,0,192,1515,329,3769,2012-03-31
BABERGH,49,10,30,473,214,7,38,0,135,639,112,1707,2012-03-31
BARKING AND DAGENHAM,10,28,17,853,349,6,108,0,101,1744,279,3495,2012-03-31
BARNET,16,206,26,1881,890,15,192,0,207,3931,718,8082,2012-03-31
BARNSLEY,33,87,44,1129,506,12,119,0,206,1683,295,4114,2012-03-31
BARROW-IN-FURNESS,26,11,7,381,179,5,20,0,38,468,66,1201,2012-03-31
BASILDON,16,32,24,885,379,12,109,0,135,1361,255,3208,2012-03-31
BASINGSTOKE AND DEANE,52,54,43,902,427,8,129,0,119,1430,435,3599,2012-03-31
BASSETLAW,34,36,21,559,272,7,41,2,126,810,142,2050,2012-03-31
BATH AND NORTH EAST SOMERSET,61,72,33,993,486,4,71,2,226,1710,376,4034,2012-03-31
BEDFORD,18,43,70,800,528,7,131,1,185,1427,308,3518,2012-03-31
BEXLEY,16,56,8,1219,620,17,59,0,128,1814,277,4214,2012-03-31
BIRMINGHAM,103,236,108,4868,2249,49,310,0,648,8335,1126,18032,2012-03-31
BLABY,15,19,12,427,222,3,28,0,90,579,118,1513,2012-03-31
BLACKBURN WITH DARWEN,19,73,16,687,277,13,28,0,155,1341,195,2804,2012-03-31
BLACKPOOL,44,13,4,646,326,12,15,0,176,1255,174,2665,2012-03-31
BLAENAU GWENT,35,16,10,273,133,6,20,0,60,531,70,1154,2012-03-31
BOLSOVER,10,35,27,356,177,3,26,0,73,467,83,1257,2012-03-31
BOLTON,23,59,49,1212,565,25,85,0,219,2468,419,5124,2012-03-31
BOSTON,28,7,14,229,127,3,26,0,102,474,76,1086,2012-03-31
BOURNEMOUTH,33,124,20,1126,503,9,77,0,96,1840,363,4191,2012-03-31
BRACKNELL FOREST,19,21,30,697,341,15,52,0,69,1160,362,2766,2012-03-31
BRADFORD,119,84,75,2151,982,32,125,0,332,3583,542,8025,2012-03-31
BRAINTREE,48,35,29,777,350,10,62,0,172,1127,316,2926,2012-03-31
BRECKLAND,54,26,41,702,326,3,52,0,189,981,181,2555,2012-03-31
BRENT,2,116,12,1190,560,3,107,0,114,3150,461,5715,2012-03-31
BRENTWOOD,7,38,12,387,233,6,43,0,87,651,123,1587,2012-03-31
BRIDGEND,26,26,29,755,347,7,94,0,167,1125,156,2732,2012-03-31
BRIGHTON AND HOVE,21,192,7,1851,841,9,78,0,153,3176,633,6961,2012-03-31
BROADLAND,55,23,24,676,307,2,34,0,139,846,160,2266,2012-03-31
BROMLEY,14,116,85,1815,931,12,135,2,154,2881,525,6670,2012-03-31
BROMSGROVE,23,14,51,470,226,5,40,0,103,766,143,1841,2012-03-31
BROXBOURNE,14,14,23,473,235,4,29,0,109,861,156,1918,2012-03-31
BROXTOWE,38,18,6,567,265,6,22,0,92,818,124,1956,2012-03-31
BURNLEY,15,21,7,671,269,6,26,0,106,1232,145,2498,2012-03-31
BURY,21,18,14,993,441,20,51,0,213,1848,251,3870,2012-03-31
CAERPHILLY,61,29,41,831,412,7,75,0,190,1152,177,2975,2012-03-31
CALDERDALE,57,21,28,1073,471,12,52,0,211,1790,245,3960,2012-03-31
CAMBRIDGE,20,40,13,540,239,1,57,0,146,824,137,2017,2012-03-31
CAMDEN,2,206,12,1420,677,14,128,2,230,4660,816,8167,2012-03-31
CANNOCK CHASE,15,15,18,488,217,7,23,0,61,698,111,1653,2012-03-31
CANTERBURY,13,55,33,815,425,11,83,0,127,1328,272,3162,2012-03-31
CARDIFF,37,89,38,1648,765,30,114,1,242,2873,435,6272,2012-03-31
CARLISLE,41,13,26,666,280,2,57,0,142,764,121,2112,2012-03-31
CARMARTHENSHIRE,110,64,65,931,393,12,212,7,346,1544,177,3861,2012-03-31
CARRICK,0,0,0,1,0,0,0,0,0,0,0,1,2012-03-31
CASTLE POINT,30,6,8,419,220,3,18,0,101,592,85,1482,2012-03-31
CENTRAL BEDFORDSHIRE,34,54,90,1503,722,7,219,3,232,2070,450,5384,2012-03-31
CEREDIGION,66,12,22,357,183,3,38,0,163,596,94,1534,2012-03-31
CHARNWOOD,36,38,42,733,344,9,112,0,132,1253,192,2891,2012-03-31
CHELMSFORD,47,21,30,993,451,4,48,0,157,1384,312,3447,2012-03-31
CHELTENHAM,19,33,12,706,361,4,29,0,97,958,189,2408,2012-03-31
CHERWELL,41,54,40,839,419,8,69,2,186,1209,261,3128,2012-03-31
CHESHIRE EAST,83,67,66,2550,936,22,99,1,433,3498,523,8278,2012-03-31
CHESHIRE WEST AND CHESTER,90,57,49,1843,836,26,128,1,360,2931,495,6816,2012-03-31
CHESTERFIELD,22,22,23,475,231,12,29,0,74,644,110,1642,2012-03-31
CHICHESTER,67,34,38,672,317,5,75,0,177,1244,260,2889,2012-03-31
CHILTERN,43,33,37,486,238,0,55,0,111,816,174,1993,2012-03-31
CHORLEY,53,29,31,554,227,15,51,0,142,940,132,2174,2012-03-31
CHRISTCHURCH,8,34,12,257,141,2,15,0,34,496,101,1100,2012-03-31
CITY OF BRISTOL,46,254,55,2357,1151,22,226,0,308,3805,896,9120,2012-03-31
CITY OF DERBY,26,35,15,1035,558,10,62,0,119,1574,265,3699,2012-03-31
CITY OF KINGSTON UPON HULL,34,41,31,1063,499,17,70,0,119,1589,282,3745,2012-03-31
CITY OF LONDON,0,57,0,288,120,4,41,0,155,2083,342,3090,2012-03-31
CITY OF NOTTINGHAM,23,89,22,1136,609,25,59,0,298,2533,415,5209,2012-03-31
CITY OF PETERBOROUGH,21,42,72,1068,417,15,149,0,140,1418,292,3634,2012-03-31
CITY OF PLYMOUTH,29,105,29,1505,677,11,83,2,130,2265,427,5263,2012-03-31
CITY OF WESTMINSTER,20,378,27,2631,1045,36,372,0,557,10535,1881,17482,2012-03-31
COLCHESTER,38,158,64,982,470,11,141,1,191,1474,349,3879,2012-03-31
CONWY,83,24,39,586,333,7,37,0,157,865,149,2280,2012-03-31
COPELAND,38,7,19,319,189,4,33,0,104,490,87,1290,2012-03-31
CORBY,15,24,47,305,121,3,75,0,43,528,106,1267,2012-03-31
CORNWALL,263,306,311,3326,1531,26,372,6,1000,5614,895,13650,2012-03-31
COTSWOLD,50,32,21,484,234,4,67,0,159,919,189,2159,2012-03-31
"COUNTY DURHAM,456",120,66,154,2345,1133,45,192,0,492,4141,687,9375,2012-03-31
COVENTRY,40,61,84,1173,557,20,162,0,181,2133,296,4707,2012-03-31
CRAVEN,42,7,16,310,125,3,25,0,96,533,74,1231,2012-03-31
CRAWLEY,14,53,5,523,258,6,29,0,66,911,173,2038,2012-03-31
CROYDON,6,68,22,1819,949,19,92,0,179,3324,679,7157,2012-03-31
DACORUM,26,54,33,818,384,12,92,0,94,1254,247,3014,2012-03-31
DARLINGTON,16,18,12,562,239,9,33,1,65,720,129,1804,2012-03-31
DARTFORD,10,20,20,522,280,6,40,0,69,1062,176,2205,2012-03-31
DAVENTRY,18,7,13,444,194,25,24,0,82,696,173,1676,2012-03-31
DENBIGHSHIRE,47,8,25,454,215,2,34,0,151,888,121,1945,2012-03-31
DERBYSHIRE DALES,55,11,25,338,186,2,33,0,173,579,123,1525,2012-03-31
DONCASTER,30,120,32,1381,694,22,77,0,266,2101,339,5062,2012-03-31
DOVER,7,21,19,639,317,3,35,0,95,1050,170,2356,2012-03-31
DUDLEY,44,57,49,1388,621,6,114,0,208,2061,296,4844,2012-03-31
EALING,16,116,23,1458,749,12,96,0,173,3105,605,6353,2012-03-31
EAST CAMBRIDGESHIRE,40,13,41,573,227,2,62,0,88,640,138,1824,2012-03-31
EAST DEVON,39,60,63,854,402,5,66,1,175,1331,196,3192,2012-03-31
EAST DORSET,20,32,8,556,216,6,28,0,117,786,143,1912,2012-03-31
EAST HAMPSHIRE,44,34,33,616,314,5,65,1,189,1391,385,3077,2012-03-31
EAST HERTFORDSHIRE,26,27,26,808,430,2,76,0,139,1484,315,3333,2012-03-31
EAST LINDSEY,61,22,41,711,373,6,51,0,235,1113,175,2788,2012-03-31
EAST NORTHAMPTONSHIRE,19,22,31,463,208,6,45,0,83,681,152,1710,2012-03-31
EAST RIDING OF YORKSHIRE,156,42,92,1801,811,14,111,1,413,3129,411,6981,2012-03-31
EAST STAFFORDSHIRE,40,23,34,506,244,7,65,0,170,807,131,2027,2012-03-31
EASTBOURNE,0,48,3,610,317,5,24,0,54,1402,251,2714,2012-03-31
EASTLEIGH,28,37,26,701,354,6,51,2,111,1182,271,2769,2012-03-31
EDEN,66,11,17,287,144,0,33,0,132,530,64,1284,2012-03-31
ELMBRIDGE,21,38,50,924,465,6,56,0,159,1682,381,3782,2012-03-31
ENFIELD,5,115,15,1557,767,10,119,0,112,3317,491,6508,2012-03-31
EPPING FOREST,23,62,27,726,319,5,76,0,183,1369,217,3007,2012-03-31
EPSOM AND EWELL,1,32,32,479,237,0,76,0,44,858,138,1897,2012-03-31
EREWASH,25,19,16,520,235,9,48,0,114,848,169,2003,2012-03-31
EXETER,25,36,24,721,323,10,94,0,91,1240,171,2735,2012-03-31
FAREHAM,36,49,22,687,357,6,52,0,91,1033,207,2540,2012-03-31
FENLAND,24,15,21,532,233,7,39,0,147,874,147,2039,2012-03-31
FLINTSHIRE,109,23,28,721,306,11,50,0,183,1229,197,2857,2012-03-31
FOREST HEATH,16,23,32,341,150,2,68,0,90,506,98,1326,2012-03-31
FOREST OF DEAN,37,25,40,437,201,7,42,0,127,621,104,1641,2012-03-31
FYLDE,18,15,10,436,227,6,32,0,107,893,120,1864,2012-03-31
GATESHEAD,29,36,53,1013,505,16,74,0,148,1576,228,3678,2012-03-31
GEDLING,25,33,19,553,272,8,40,0,68,745,173,1936,2012-03-31
GLOUCESTER,26,50,43,704,317,6,78,0,135,886,156,2401,2012-03-31
GOSPORT,18,40,7,591,219,6,32,0,60,631,114,1718,2012-03-31
GRAVESHAM,13,14,20,451,197,3,37,0,59,826,131,1751,2012-03-31
GREAT YARMOUTH,31,22,31,551,264,3,37,0,97,649,110,1795,2012-03-31
GREENWICH,3,131,16,1139,730,16,280,0,125,2578,514,5532,2012-03-31
GUILDFORD,9,38,36,1328,364,6,75,0,149,1529,317,3851,2012-03-31
GWYNEDD,98,11,25,650,312,2,36,0,207,1209,157,2707,2012-03-31
HACKNEY,5,193,10,1007,493,5,193,0,154,3080,490,5630,2012-03-31
HALTON,36,14,12,524,265,3,34,0,98,956,140,2082,2012-03-31
HAMBLETON,56,11,28,473,185,5,26,0,112,714,108,1718,2012-03-31
HAMMERSMITH AND FULHAM,1,164,19,1171,585,16,147,2,145,3056,519,5825,2012-03-31
HARBOROUGH,26,17,29,468,235,2,56,0,108,721,170,1832,2012-03-31
HARINGEY,14,116,16,1165,710,9,239,1,147,2991,463,5871,2012-03-31
HARLOW,8,16,8,328,147,3,39,0,75,673,146,1443,2012-03-31
HARROGATE,80,23,26,943,391,4,44,0,218,1432,220,3381,2012-03-31
HARROW,4,59,12,1073,502,11,87,0,137,2017,353,4255,2012-03-31
HART,26,19,10,465,215,1,34,0,113,860,242,1985,2012-03-31
HARTLEPOOL,21,8,17,415,183,4,23,0,50,641,96,1458,2012-03-31
HASTINGS,2,43,18,520,250,14,35,0,81,1021,197,2181,2012-03-31
HAVANT,32,58,21,520,404,7,31,0,72,1068,168,2381,2012-03-31
HAVERING,28,43,89,1240,588,9,100,0,125,2171,391,4784,2012-03-31
HEREFORDSHIRE,90,34,29,973,425,5,58,0,264,1435,283,3596,2012-03-31
HERTSMERE,3,24,10,533,244,11,40,0,50,955,212,2082,2012-03-31
HIGH PEAK,37,18,16,506,235,4,43,4,129,757,138,1887,2012-03-31
HILLINGDON,8,104,26,1348,603,10,192,1,155,2268,447,5162,2012-03-31
HINCKLEY AND BOSWORTH,31,15,34,489,235,6,43,0,101,818,143,1915,2012-03-31
HORSHAM,29,21,31,813,411,5,51,1,236,1328,303,3229,2012-03-31
HOUNSLOW,9,96,25,1229,631,22,122,0,128,2471,450,5183,2012-03-31
HUNTINGDONSHIRE,74,52,59,1032,487,4,130,3,153,1328,310,3632,2012-03-31
HYNDBURN,38,10,7,402,176,11,7,0,122,696,138,1607,2012-03-31
INNER AND MIDDLE TEMPLES,0,0,0,0,0,0,0,0,1,0,0,1,2012-03-31
IPSWICH,29,24,7,674,320,6,42,0,75,937,169,2283,2012-03-31
ISLE OF ANGLESEY,47,5,15,357,182,1,18,0,124,542,71,1362,2012-03-31
ISLE OF WIGHT,82,191,58,946,413,9,83,0,188,1565,256,3791,2012-03-31
ISLES OF SCILLY,5,2,0,11,4,0,2,0,3,8,2,37,2012-03-31
ISLINGTON,4,173,10,1168,582,6,171,1,143,3808,491,6557,2012-03-31
KENSINGTON AND CHELSEA,27,157,3,1562,682,8,102,0,258,5391,938,9128,2012-03-31
KETTERING,18,40,12,495,213,3,32,0,67,741,144,1765,2012-03-31
KING'S LYNN AND WEST NORFOLK,64,27,40,740,316,7,91,0,253,1172,198,2908,2012-03-31
KINGSTON UPON THAMES,7,48,9,972,522,5,47,1,72,1731,310,3724,2012-03-31
KIRKLEES,86,78,111,2011,949,34,139,0,360,3578,540,7886,2012-03-31
KNOWSLEY,14,16,25,514,229,9,32,0,100,1163,236,2338,2012-03-31
LAMBETH,5,154,24,1818,966,20,133,0,182,3982,741,8025,2012-03-31
LANCASTER,83,15,21,738,308,11,44,0,204,1107,172,2703,2012-03-31
LEEDS,114,162,107,3298,1664,37,305,1,658,6169,888,13403,2012-03-31
LEICESTER,26,82,56,1144,500,19,87,0,175,1949,337,4375,2012-03-31
LEWES,14,41,18,611,255,1,55,1,104,930,165,2195,2012-03-31
LEWISHAM,2,176,14,1314,773,30,140,0,121,2640,539,5749,2012-03-31
LICHFIELD,13,23,26,536,270,10,57,0,94,859,175,2063,2012-03-31
LINCOLN,35,29,6,548,247,3,46,0,66,663,125,1768,2012-03-31
LIVERPOOL,90,93,65,2268,961,34,150,0,364,4441,669,9135,2012-03-31
LUTON,20,80,6,877,379,5,50,1,90,1481,281,3270,2012-03-31
MAIDSTONE,13,41,46,888,442,12,83,1,156,1489,327,3498,2012-03-31
MALDON,34,6,10,366,150,3,30,0,90,480,95,1264,2012-03-31
MALVERN HILLS,51,12,19,350,168,3,73,0,116,542,115,1449,2012-03-31
MANCHESTER,26,436,61,2157,1211,32,239,0,445,5151,998,10756,2012-03-31
MANSFIELD,20,49,28,444,233,11,31,0,125,712,141,1794,2012-03-31
MEDWAY,18,60,44,1421,667,16,119,0,162,2123,461,5091,2012-03-31
MELTON,22,8,13,248,130,1,27,0,59,341,68,917,2012-03-31
MENDIP,61,50,33,1360,325,3,65,0,185,1075,206,3363,2012-03-31
MERTHYR TYDFIL,21,12,15,227,124,4,24,0,69,395,52,943,2012-03-31
MERTON,8,85,16,1107,567,15,112,0,116,2296,438,4760,2012-03-31
MID DEVON,28,29,25,426,256,4,57,3,132,916,140,2016,2012-03-31
MID SUFFOLK,89,10,47,534,270,23,59,0,151,749,177,2109,2012-03-31
MID SUSSEX,32,53,48,880,410,11,84,2,147,1461,288,3416,2012-03-31
MIDDLESBROUGH,10,15,23,564,267,12,37,0,50,910,139,2027,2012-03-31
MILTON KEYNES,35,99,53,1284,622,17,295,0,243,2166,470,5284,2012-03-31
MOLE VALLEY,9,20,21,548,243,7,54,0,98,857,158,2015,2012-03-31
MONMOUTHSHIRE,51,11,33,426,212,4,33,0,152,757,137,1816,2012-03-31
NEATH PORT TALBOT,31,35,27,617,280,5,76,0,160,1048,165,2444,2012-03-31
NEW FOREST,54,64,31,1078,517,12,64,0,181,1738,357,4096,2012-03-31
NEWARK AND SHERWOOD,61,42,23,510,282,7,54,0,167,1076,180,2402,2012-03-31
NEWCASTLE UPON TYNE,46,68,54,1185,554,14,67,0,150,2268,355,4761,2012-03-31
NEWCASTLE-UNDER-LYME,26,16,17,582,292,3,27,0,93,879,115,2050,2012-03-31
NEWHAM,16,70,7,931,562,21,157,0,158,2945,448,5315,2012-03-31
NEWPORT,30,31,32,705,402,15,41,0,194,1171,226,2847,2012-03-31
NORTH DEVON,48,23,11,643,286,5,28,0,154,945,145,2288,2012-03-31
NORTH DORSET,22,15,23,372,183,7,39,0,129,586,144,1520,2012-03-31
NORTH EAST DERBYSHIRE,41,18,23,410,193,2,23,0,103,596,89,1498,2012-03-31
NORTH EAST LINCOLNSHIRE,45,31,21,899,346,17,52,0,99,1062,156,2728,2012-03-31
NORTH HERTFORDSHIRE,35,51,13,675,329,8,42,0,144,1029,235,2561,2012-03-31
NORTH KESTEVEN,37,28,36,526,258,5,60,0,133,794,141,2018,2012-03-31
NORTH LINCOLNSHIRE,44,63,39,831,371,10,87,0,193,1298,201,3137,2012-03-31
NORTH NORFOLK,94,20,32,618,268,5,39,0,155,905,158,2294,2012-03-31
NORTH SOMERSET,57,148,37,1270,627,14,85,0,180,1739,521,4678,2012-03-31
NORTH TYNESIDE,42,82,49,1054,531,11,69,1,104,1403,269,3615,2012-03-31
NORTH WARWICKSHIRE,20,11,10,295,124,5,20,0,87,562,90,1224,2012-03-31
NORTH WEST LEICESTERSHIRE,25,16,13,496,232,10,32,0,111,829,114,1878,2012-03-31
NORTHAMPTON,39,56,22,1095,634,28,74,0,155,1851,330,4284,2012-03-31
NORTHUMBERLAND,104,79,93,1620,747,17,101,0,387,2546,415,6109,2012-03-31
NORWICH,10,22,15,636,311,6,36,0,107,1035,145,2323,2012-03-31
NUNEATON AND BEDWORTH,10,29,10,574,294,8,60,0,88,798,166,2037,2012-03-31
OADBY AND WIGSTON,9,11,1,275,126,3,11,0,23,299,68,826,2012-03-31
OLDHAM,37,26,28,1052,405,13,64,0,234,1814,386,4059,2012-03-31
OXFORD,22,29,16,658,333,8,30,0,98,1057,176,2427,2012-03-31
PEMBROKESHIRE,83,16,35,549,255,3,56,0,220,1010,177,2404,2012-03-31
PENDLE,29,5,16,409,241,9,11,0,126,726,119,1691,2012-03-31
POOLE,9,87,12,999,408,3,40,0,111,1418,274,3361,2012-03-31
PORTSMOUTH,65,52,10,1047,512,8,68,0,125,1910,313,4110,2012-03-31
POWYS,95,13,47,667,305,6,48,0,271,1033,123,2608,2012-03-31
PRESTON,24,36,10,642,294,2,44,0,110,1205,173,2540,2012-03-31
PURBECK,39,31,14,323,112,2,20,0,84,436,78,1139,2012-03-31
READING,18,42,17,920,434,10,79,0,110,1680,334,3644,2012-03-31
REDBRIDGE,23,51,5,1244,608,45,33,0,118,2526,372,5025,2012-03-31
REDCAR AND CLEVELAND,28,22,29,669,326,10,41,0,104,1002,139,2370,2012-03-31
REDDITCH,11,10,4,393,197,3,33,0,71,682,116,1520,2012-03-31
REIGATE AND BANSTEAD,3,73,25,932,426,4,61,0,116,1528,314,3482,2012-03-31
RHONDDA CYNON TAFF,120,34,45,1108,516,24,89,0,226,1904,217,4283,2012-03-31
RIBBLE VALLEY,29,6,23,334,140,0,23,0,111,483,56,1205,2012-03-31
RICHMOND UPON THAMES,3,97,12,1332,620,6,101,0,145,2743,651,5710,2012-03-31
RICHMONDSHIRE,45,2,18,208,102,1,11,0,79,338,69,873,2012-03-31
ROCHDALE,26,26,37,1039,851,12,56,0,176,1754,239,4216,2012-03-31
ROCHFORD,31,23,15,489,202,4,35,0,82,657,119,1657,2012-03-31
ROSSENDALE,23,4,48,475,189,8,13,0,105,660,115,1640,2012-03-31
ROTHER,46,35,17,667,297,3,50,0,103,1223,214,2655,2012-03-31
ROTHERHAM,30,103,43,1342,528,9,83,0,144,1779,276,4337,2012-03-31
RUGBY,15,29,20,537,258,16,41,0,95,785,172,1968,2012-03-31
RUNNYMEDE,10,24,12,451,243,4,33,0,90,960,191,2018,2012-03-31
RUSHCLIFFE,56,53,17,606,310,5,78,0,108,896,171,2300,2012-03-31
RUSHMOOR,22,28,1,477,254,15,65,1,81,850,261,2055,2012-03-31
RUTLAND,12,2,11,223,93,0,19,0,43,319,72,794,2012-03-31
RYEDALE,43,5,25,232,93,2,32,0,83,438,57,1010,2012-03-31
SALFORD,33,76,27,1046,563,19,109,0,205,2429,705,5212,2012-03-31
SALISBURY,0,0,0,1,0,0,0,0,0,1,0,2,2012-03-31
SANDWELL,29,69,76,1351,673,21,124,1,194,2200,307,5045,2012-03-31
SCARBOROUGH,67,26,20,606,331,10,38,0,191,1035,150,2474,2012-03-31
SEDGEMOOR,65,72,71,641,291,6,116,0,169,995,190,2616,2012-03-31
SEFTON,51,45,26,1274,615,26,70,0,208,2306,321,4942,2012-03-31
SELBY,27,16,45,478,214,2,38,0,100,771,135,1826,2012-03-31
SEVENOAKS,28,30,31,715,312,9,51,0,134,1058,213,2581,2012-03-31
SHEFFIELD,63,106,94,2645,1206,18,188,0,436,4512,670,9938,2012-03-31
SHEPWAY,2,33,13,583,347,16,39,0,71,998,154,2256,2012-03-31
SHROPSHIRE,144,53,112,1446,838,10,152,0,490,2339,492,6076,2012-03-31
SLOUGH,9,48,18,564,296,5,60,0,81,1308,345,2734,2012-03-31
SOLIHULL,24,34,34,1126,528,14,65,0,144,1755,265,3989,2012-03-31
SOUTH BUCKS,17,19,26,352,164,5,50,0,70,761,135,1599,2012-03-31
SOUTH CAMBRIDGESHIRE,48,30,70,781,398,9,117,2,155,1097,225,2932,2012-03-31
SOUTH DERBYSHIRE,18,20,29,457,251,8,65,0,94,770,150,1862,2012-03-31
SOUTH GLOUCESTERSHIRE,70,192,46,1474,805,14,120,3,263,2007,472,5466,2012-03-31
SOUTH HAMS,26,36,37,628,325,6,40,0,183,1050,178,2509,2012-03-31
SOUTH HOLLAND,31,20,26,471,259,9,29,0,139,646,132,1762,2012-03-31
SOUTH KESTEVEN,51,32,46,689,332,5,95,1,183,1055,203,2692,2012-03-31
SOUTH LAKELAND,89,21,69,718,336,7,45,0,258,988,157,2688,2012-03-31
SOUTH NORFOLK,62,19,76,680,336,6,128,0,147,885,185,2524,2012-03-31
SOUTH NORTHAMPTONSHIRE,34,37,36,489,215,6,30,1,100,720,141,1809,2012-03-31
SOUTH OXFORDSHIRE,34,29,37,802,364,14,75,2,214,1453,253,3277,2012-03-31
SOUTH RIBBLE,70,20,10,493,260,7,29,1,125,877,142,2034,2012-03-31
SOUTH SOMERSET,85,56,64,862,401,7,117,1,228,1449,230,3500,2012-03-31
SOUTH STAFFORDSHIRE,32,6,19,462,208,2,27,0,107,651,123,1637,2012-03-31
SOUTH TYNESIDE,10,31,37,597,312,5,64,0,52,998,187,2293,2012-03-31
SOUTHAMPTON,87,82,28,1147,550,10,113,0,160,2203,477,4857,2012-03-31
SOUTHEND-ON-SEA,15,50,13,1106,502,11,53,0,109,1702,254,3815,2012-03-31
SOUTHWARK,14,139,19,1486,784,13,230,0,229,3849,695,7458,2012-03-31
SPELTHORNE,24,47,11,647,296,3,39,0,76,1032,271,2446,2012-03-31
ST ALBANS,20,36,25,818,387,6,72,0,104,1498,251,3217,2012-03-31
ST EDMUNDSBURY,20,17,26,540,260,4,25,0,134,822,175,2023,2012-03-31
ST HELENS,39,25,21,845,354,10,54,0,166,1489,222,3225,2012-03-31
STAFFORD,47,17,40,628,340,9,36,0,168,1065,171,2521,2012-03-31
STAFFORDSHIRE MOORLANDS,78,9,14,509,210,3,13,0,132,668,89,1725,2012-03-31
STEVENAGE,8,19,22,370,181,9,19,0,33,512,116,1289,2012-03-31
STOCKPORT,60,41,16,1393,655,12,59,0,273,2411,369,5289,2012-03-31
STOCKTON-ON-TEES,26,30,50,903,354,9,79,0,116,1431,262,3260,2012-03-31
STOKE-ON-TRENT,140,75,28,1166,597,12,71,0,147,1827,309,4372,2012-03-31
STRATFORD-ON-AVON,41,29,49,665,296,2,50,0,173,1129,215,2649,2012-03-31
STROUD,32,20,30,596,251,12,74,0,152,1076,200,2443,2012-03-31
SUFFOLK COASTAL,130,28,38,726,311,3,51,1,200,947,212,2647,2012-03-31
SUNDERLAND,50,38,39,1112,555,23,67,0,154,1919,361,4318,2012-03-31
SURREY HEATH,2,28,20,536,222,6,53,0,97,950,221,2135,2012-03-31
SUTTON,7,71,46,1061,485,6,82,0,64,1571,327,3720,2012-03-31
SWALE,5,42,41,653,344,5,99,1,108,1260,288,2846,2012-03-31
SWANSEA,62,44,56,1079,529,15,129,0,274,1772,230,4190,2012-03-31
SWINDON,80,90,38,1472,486,18,142,0,138,1597,384,4445,2012-03-31
TAMESIDE,25,38,30,1028,451,13,59,0,185,1696,267,3792,2012-03-31
TAMWORTH,3,17,14,355,160,5,24,0,37,526,106,1247,2012-03-31
TANDRIDGE,1,19,50,519,246,1,56,0,98,928,155,2073,2012-03-31
TAUNTON DEANE,21,31,22,533,253,4,70,0,146,944,186,2210,2012-03-31
TEIGNBRIDGE,30,46,46,775,353,7,58,0,138,1241,212,2906,2012-03-31
TENDRING,59,47,19,708,338,7,46,0,225,975,165,2589,2012-03-31
TEST VALLEY,62,14,24,1894,266,13,73,2,145,1028,183,3704,2012-03-31
TEWKESBURY,21,22,20,500,229,14,94,0,90,864,139,1993,2012-03-31
THANET,8,65,10,788,397,9,44,0,73,1169,193,2756,2012-03-31
THE VALE OF GLAMORGAN,16,29,15,693,314,13,37,0,107,1024,144,2392,2012-03-31
THREE RIVERS,8,13,18,506,204,7,36,0,65,877,144,1878,2012-03-31
THURROCK,10,22,28,876,363,9,52,0,191,1895,282,3728,2012-03-31
TONBRIDGE AND MALLING,34,31,20,625,332,9,68,1,116,1132,239,2607,2012-03-31
TORBAY,16,54,13,827,404,4,32,1,81,1130,203,2765,2012-03-31
TORFAEN,27,12,14,390,167,16,38,0,99,696,112,1571,2012-03-31
TORRIDGE,35,29,36,443,222,7,33,0,116,678,96,1695,2012-03-31
TOWER HAMLETS,8,231,210,1355,665,8,309,2,233,4909,791,8721,2012-03-31
TRAFFORD,40,169,25,1268,628,19,67,0,175,2245,407,5043,2012-03-31
TUNBRIDGE WELLS,21,38,29,689,347,10,44,0,149,1308,265,2900,2012-03-31
UTTLESFORD,28,23,66,451,259,1,73,0,198,843,145,2087,2012-03-31
VALE OF WHITE HORSE,19,26,32,661,303,7,79,0,155,1066,225,2573,2012-03-31
WAKEFIELD,42,84,39,1484,733,19,117,0,277,2392,374,5561,2012-03-31
WALSALL,37,39,36,1057,576,16,91,0,162,1836,323,4173,2012-03-31
WALTHAM FOREST,14,80,8,1212,589,3,48,0,130,2454,361,4899,2012-03-31
WANDSWORTH,8,201,32,2349,1220,15,164,2,188,4632,955,9766,2012-03-31
WARRINGTON,50,31,19,1138,466,10,135,0,181,2077,348,4455,2012-03-31
WARWICK,18,39,19,778,396,6,43,0,118,1118,192,2727,2012-03-31
WATFORD,9,45,15,512,277,4,74,0,51,875,141,2003,2012-03-31
WAVENEY,69,26,29,596,290,4,36,0,96,706,124,1976,2012-03-31
WAVERLEY,3,105,14,774,370,7,43,0,177,1466,304,3263,2012-03-31
WEALDEN,40,37,60,990,427,13,101,0,260,1567,332,3827,2012-03-31
WELLINGBOROUGH,25,16,9,359,152,7,15,0,50,519,102,1254,2012-03-31
WELWYN HATFIELD,21,21,11,490,233,6,73,0,77,793,194,1919,2012-03-31
WEST BERKSHIRE,16,34,23,943,423,12,50,0,117,1646,409,3673,2012-03-31
WEST DEVON,31,31,22,417,204,3,27,0,106,542,100,1483,2012-03-31
WEST DORSET,47,38,51,545,236,6,56,0,179,920,190,2268,2012-03-31
WEST LANCASHIRE,39,9,15,530,270,6,35,0,143,884,132,2063,2012-03-31
WEST LINDSEY,45,18,29,438,215,7,47,0,110,658,103,1670,2012-03-31
WEST OXFORDSHIRE,29,26,82,735,279,3,51,0,171,1121,243,2740,2012-03-31
WEST SOMERSET,14,7,9,187,106,6,25,0,56,360,56,826,2012-03-31
WEYMOUTH AND PORTLAND,22,23,15,353,166,5,24,0,46,514,106,1274,2012-03-31
WIGAN,120,36,35,1494,677,27,79,0,286,2396,382,5532,2012-03-31
WILTSHIRE,198,156,141,5775,1099,37,258,0,589,3772,821,12846,2012-03-31
WINCHESTER,62,52,33,646,322,6,54,4,198,1165,267,2809,2012-03-31
WINDSOR AND MAIDENHEAD,36,39,5,781,398,1,72,0,182,1837,442,3793,2012-03-31
WIRRAL,63,52,25,1372,695,17,60,0,204,2402,298,5188,2012-03-31
WOKING,2,69,9,546,279,5,62,0,166,1170,253,2561,2012-03-31
WOKINGHAM,16,30,17,875,443,9,104,0,111,1501,321,3427,2012-03-31
WOLVERHAMPTON,57,34,26,902,382,8,76,0,182,1520,214,3401,2012-03-31
WORCESTER,35,24,20,559,255,14,50,0,100,701,125,1883,2012-03-31
WREKIN,32,58,41,724,431,10,132,0,167,1164,292,3051,2012-03-31
WORTHING,15,53,6,691,399,5,28,0,59,936,177,2369,2012-03-31
WREXHAM,44,27,39,534,246,7,76,0,118,971,123,2185,2012-03-31
WYCHAVON,68,21,27,649,325,6,49,0,150,1082,197,2574,2012-03-31
WYCOMBE,85,65,40,891,371,12,54,0,186,1558,328,3590,2012-03-31
WYRE,46,22,28,505,263,5,29,0,146,865,153,2062,2012-03-31
WYRE FOREST,50,23,28,430,199,8,39,0,114,560,111,1562,2012-03-31
YORK,93,48,25,1034,482,4,58,1,237,1606,237,3825,2012-03-31
ALL COUNTIES,0,0,0,1,0,0,0,0,0,0,33,34,2012-02-29
ADUR,5,25,7,340,168,4,17,0,41,453,79,1139,2012-02-29
ALLERDALE,45,8,29,435,187,2,32,0,148,689,102,1677,2012-02-29
AMBER VALLEY,55,33,25,635,239,5,21,0,142,822,156,2133,2012-02-29
ARUN,16,51,36,831,401,12,54,0,135,1558,271,3365,2012-02-29
ASHFIELD,18,27,28,519,242,11,36,0,93,826,196,1996,2012-02-29
ASHFORD,12,44,54,589,260,3,67,0,114,1195,246,2584,2012-02-29
AYLESBURY VALE,51,43,83,908,339,14,149,1,235,1514,296,3633,2012-02-29
BABERGH,43,3,23,393,192,8,22,1,112,646,133,1576,2012-02-29
BARKING AND DAGENHAM,11,58,28,578,268,7,66,0,73,1695,319,3103,2012-02-29
BARNET,10,188,19,1873,735,9,180,0,182,3691,656,7543,2012-02-29
BARNSLEY,54,92,95,1045,435,14,99,0,168,1502,300,3804,2012-02-29
BARROW-IN-FURNESS,14,5,6,370,164,4,9,0,57,462,71,1162,2012-02-29
BASILDON,18,51,32,810,340,9,60,0,120,1387,282,3109,2012-02-29
BASINGSTOKE AND DEANE,81,62,72,833,358,6,67,0,125,1383,327,3314,2012-02-29
BASSETLAW,51,48,33,522,226,2,41,0,129,1107,163,2322,2012-02-29
BATH AND NORTH EAST SOMERSET,46,61,43,970,368,1,53,0,223,1493,271,3529,2012-02-29
BEDFORD,26,54,86,711,333,4,96,1,128,1200,267,2906,2012-02-29
BEXLEY,7,42,13,1100,450,5,34,0,121,1786,292,3850,2012-02-29
BIRMINGHAM,73,214,133,4395,1867,46,254,1,612,8408,1153,17156,2012-02-29
BLABY,18,17,20,411,172,6,16,0,71,630,118,1479,2012-02-29
BLACKBURN WITH DARWEN,20,162,16,685,236,11,22,0,135,1261,194,2742,2012-02-29
BLACKPOOL,45,24,1,609,257,9,11,0,130,1220,143,2449,2012-02-29
BLAENAU GWENT,27,5,12,278,109,2,14,0,63,518,89,1117,2012-02-29
BOLSOVER,19,29,20,330,138,11,27,0,66,511,117,1268,2012-02-29
BOLTON,35,104,50,1310,505,18,77,0,184,2430,394,5107,2012-02-29
BOSTON,30,16,15,264,94,2,18,0,60,492,58,1049,2012-02-29
BOURNEMOUTH,31,125,17,1068,400,11,85,0,66,1809,292,3904,2012-02-29
BRACKNELL FOREST,9,31,39,715,261,8,55,0,79,1065,189,2451,2012-02-29
BRADFORD,157,64,58,2164,897,29,71,0,281,3397,471,7589,2012-02-29
BRAINTREE,43,18,31,661,319,6,30,0,177,1206,280,2771,2012-02-29
BRECKLAND,69,34,52,690,289,8,70,0,208,1013,177,2610,2012-02-29
BRENT,2,127,11,1159,492,10,95,1,115,3282,589,5883,2012-02-29
BRENTWOOD,9,22,6,373,171,2,41,0,70,624,92,1410,2012-02-29
BRIDGEND,32,40,30,783,273,5,45,0,165,1171,183,2727,2012-02-29
BRIGHTON AND HOVE,20,252,32,1694,760,10,64,0,132,2780,469,6213,2012-02-29
BROADLAND,67,33,25,604,263,6,35,0,123,817,131,2104,2012-02-29
BROMLEY,15,133,44,1692,730,12,90,0,139,2888,510,6253,2012-02-29
BROMSGROVE,29,20,33,430,193,2,20,0,69,665,100,1561,2012-02-29
BROXBOURNE,13,41,23,493,179,2,15,0,82,722,148,1718,2012-02-29
BROXTOWE,29,17,18,531,206,5,22,0,85,739,104,1756,2012-02-29
BURNLEY,14,73,11,521,190,6,20,0,101,1376,148,2460,2012-02-29
BURY,31,37,24,904,396,10,29,1,156,1671,251,3510,2012-02-29
CAERPHILLY,55,20,43,775,344,12,33,0,182,1266,153,2883,2012-02-29
CALDERDALE,47,31,47,1043,410,8,39,0,197,1789,263,3874,2012-02-29
CAMBRIDGE,34,26,17,504,215,4,48,0,116,914,178,2056,2012-02-29
CAMDEN,4,153,11,1391,603,3,152,0,184,4444,716,7661,2012-02-29
CANNOCK CHASE,16,14,28,603,191,7,26,0,61,690,160,1796,2012-02-29
CANTERBURY,9,58,32,791,314,3,62,0,108,1229,244,2850,2012-02-29
CARDIFF,34,126,42,1593,672,14,65,0,239,3010,424,6219,2012-02-29
CARLISLE,34,15,32,459,216,5,35,0,156,779,125,1856,2012-02-29
CARMARTHENSHIRE,108,54,81,956,370,6,117,4,320,1552,204,3772,2012-02-29
CARRICK,0,0,0,0,0,0,0,0,0,1,1,2,2012-02-29
CASTLE POINT,31,4,1,414,127,2,19,1,98,618,104,1419,2012-02-29
CENTRAL BEDFORDSHIRE,51,61,138,1323,622,12,155,3,243,2078,404,5090,2012-02-29
CEREDIGION,50,14,37,307,134,2,21,0,163,575,81,1384,2012-02-29
CHARNWOOD,46,32,41,812,322,7,78,0,118,1183,233,2872,2012-02-29
CHELMSFORD,30,21,25,796,414,5,42,1,184,1484,293,3295,2012-02-29
CHELTENHAM,17,45,12,628,280,7,23,0,129,1007,156,2304,2012-02-29
CHERWELL,33,42,39,701,335,5,50,0,179,1273,227,2884,2012-02-29
CHESHIRE EAST,93,48,61,2349,857,22,104,0,424,3343,553,7854,2012-02-29
CHESHIRE WEST AND CHESTER,60,67,54,1725,714,14,83,0,360,2541,410,6028,2012-02-29
CHESTER,0,0,0,0,0,0,0,0,0,2,0,2,2012-02-29
CHESTERFIELD,36,25,13,452,185,4,46,0,94,732,123,1710,2012-02-29
CHICHESTER,59,48,52,682,253,2,86,0,207,1226,230,2845,2012-02-29
CHILTERN,27,15,22,472,194,2,35,0,130,901,169,1967,2012-02-29
CHORLEY,32,29,36,526,217,4,37,0,144,867,169,2061,2012-02-29
CHRISTCHURCH,8,30,14,271,98,7,9,0,28,446,76,987,2012-02-29
CITY OF BRISTOL,119,288,72,2081,948,15,149,0,285,3763,686,8406,2012-02-29
CITY OF DERBY,29,44,28,1114,455,6,34,1,94,1521,298,3624,2012-02-29
CITY OF KINGSTON UPON HULL,38,36,47,950,429,24,42,0,102,1560,253,3481,2012-02-29
CITY OF LONDON,11,48,7,376,79,2,52,0,126,2189,420,3310,2012-02-29
CITY OF NOTTINGHAM,24,96,31,1112,459,23,63,0,152,2287,388,4635,2012-02-29
CITY OF PETERBOROUGH,32,47,50,749,368,6,86,0,102,1496,273,3209,2012-02-29
CITY OF PLYMOUTH,27,98,20,1216,564,8,58,2,129,1985,374,4481,2012-02-29
CITY OF WESTMINSTER,11,327,97,2554,1041,40,297,0,526,10138,1592,16623,2012-02-29
COLCHESTER,52,187,79,868,597,12,95,0,142,1458,276,3766,2012-02-29
CONWY,66,26,15,577,246,6,49,0,145,857,159,2146,2012-02-29
COPELAND,32,3,12,299,145,2,21,0,118,520,77,1229,2012-02-29
CORBY,10,26,39,286,106,8,47,0,103,570,112,1307,2012-02-29
CORNWALL,289,241,279,2956,1308,31,273,0,999,5179,820,12375,2012-02-29
COTSWOLD,56,31,57,501,218,2,48,0,153,1052,157,2275,2012-02-29
"COUNTY DURHAM,456",114,51,155,2336,928,42,112,0,402,3736,634,8510,2012-02-29
COVENTRY,43,41,67,1216,518,22,118,0,172,2131,313,4641,2012-02-29
CRAVEN,44,8,16,368,124,1,26,0,95,491,60,1233,2012-02-29
CRAWLEY,8,35,7,454,198,8,35,0,52,902,187,1886,2012-02-29
CREWE AND NANTWICH,0,0,0,0,0,0,0,0,4,1,0,5,2012-02-29
CROYDON,16,107,33,1779,695,11,65,1,136,3203,583,6629,2012-02-29
DACORUM,33,36,44,736,373,5,62,0,115,1253,230,2887,2012-02-29
DARLINGTON,17,17,19,487,187,3,17,0,44,766,107,1664,2012-02-29
DARTFORD,7,27,23,479,183,23,52,0,66,913,162,1935,2012-02-29
DAVENTRY,31,10,18,429,187,22,32,0,86,688,127,1630,2012-02-29
DENBIGHSHIRE,59,26,19,465,182,2,32,0,171,753,131,1840,2012-02-29
DERBYSHIRE DALES,48,9,29,370,158,3,34,0,155,591,86,1483,2012-02-29
DONCASTER,58,142,61,1389,563,19,75,2,198,2052,360,4919,2012-02-29
DOVER,14,26,26,592,290,6,35,0,87,974,149,2199,2012-02-29
DUDLEY,51,53,61,1251,483,18,75,0,200,1987,297,4476,2012-02-29
EALING,20,162,16,1561,591,12,87,1,198,3089,489,6226,2012-02-29
EAST CAMBRIDGESHIRE,36,17,52,441,195,3,36,0,87,683,112,1662,2012-02-29
EAST DEVON,39,31,60,812,351,2,82,0,190,1286,220,3073,2012-02-29
EAST DORSET,24,31,20,485,219,7,21,0,91,730,154,1782,2012-02-29
EAST HAMPSHIRE,55,29,38,575,254,0,47,0,155,1027,220,2400,2012-02-29
EAST HERTFORDSHIRE,20,41,38,767,316,6,61,2,139,1483,245,3118,2012-02-29
EAST LINDSEY,75,23,41,613,287,5,28,0,180,986,142,2380,2012-02-29
EAST NORTHAMPTONSHIRE,35,13,23,456,165,7,58,0,80,684,128,1649,2012-02-29
EAST RIDING OF YORKSHIRE,143,66,104,1692,838,21,103,0,392,2639,395,6393,2012-02-29
EAST STAFFORDSHIRE,42,27,29,541,215,8,37,0,112,854,138,2003,2012-02-29
EASTBOURNE,2,59,7,565,249,3,29,0,55,1141,248,2358,2012-02-29
EASTLEIGH,33,52,34,624,287,4,55,0,118,1074,202,2483,2012-02-29
EDEN,39,5,31,235,106,1,26,0,97,448,58,1046,2012-02-29
ELMBRIDGE,21,42,41,966,435,6,45,0,156,1563,290,3565,2012-02-29
ENFIELD,5,86,32,1424,613,9,55,0,111,2855,374,5564,2012-02-29
EPPING FOREST,19,47,22,665,285,2,47,0,179,1525,212,3003,2012-02-29
EPSOM AND EWELL,4,15,16,428,187,0,29,2,31,635,123,1470,2012-02-29
EREWASH,29,20,21,587,222,9,17,0,69,859,249,2082,2012-02-29
EXETER,16,42,26,669,258,7,70,0,87,1035,194,2404,2012-02-29
FAREHAM,22,57,22,604,242,6,62,0,103,882,152,2152,2012-02-29
FENLAND,40,25,27,475,227,8,36,0,121,800,147,1906,2012-02-29
FLINTSHIRE,56,20,16,623,278,7,40,0,178,1077,157,2452,2012-02-29
FOREST HEATH,24,14,25,298,118,3,31,0,61,450,98,1122,2012-02-29
FOREST OF DEAN,47,12,51,406,181,4,48,0,120,594,98,1561,2012-02-29
FYLDE,22,14,15,421,163,3,10,0,96,897,121,1762,2012-02-29
GATESHEAD,35,33,54,939,411,19,38,0,133,1615,261,3538,2012-02-29
GEDLING,24,26,29,546,236,2,17,0,58,785,136,1859,2012-02-29
GLOUCESTER,12,50,41,552,244,4,51,0,117,955,164,2190,2012-02-29
GOSPORT,19,38,6,357,183,9,33,2,47,584,126,1404,2012-02-29
GRAVESHAM,1,25,24,457,180,5,23,0,59,800,129,1703,2012-02-29
GREAT YARMOUTH,46,19,20,429,200,8,24,0,88,679,107,1620,2012-02-29
GREENWICH,8,92,16,1068,440,12,99,1,119,2494,450,4799,2012-02-29
GUILDFORD,11,43,38,825,340,1,51,1,141,1554,275,3280,2012-02-29
GWYNEDD,90,13,36,619,241,7,28,0,241,1007,142,2424,2012-02-29
HACKNEY,3,182,7,1036,511,13,153,0,149,2638,500,5192,2012-02-29
HALTON,13,15,11,511,206,1,22,0,95,984,135,1993,2012-02-29
HAMBLETON,37,13,28,485,267,3,29,0,103,627,94,1686,2012-02-29
HAMMERSMITH AND FULHAM,4,156,9,1247,498,5,101,0,126,2897,595,5638,2012-02-29
HARBOROUGH,24,30,34,433,192,4,42,0,121,705,133,1718,2012-02-29
HARINGEY,7,152,17,1147,512,4,68,1,116,2987,457,5468,2012-02-29
HARLOW,1,15,5,334,128,3,27,0,59,743,123,1438,2012-02-29
HARROGATE,133,17,28,834,353,3,30,0,217,1390,216,3221,2012-02-29
HARROW,0,70,16,1035,395,5,37,0,93,1890,282,3823,2012-02-29
HART,23,11,12,456,223,1,19,0,98,787,178,1808,2012-02-29
HARTLEPOOL,13,6,18,454,152,8,25,0,50,689,89,1504,2012-02-29
HASTINGS,1,60,14,514,296,3,24,0,67,908,178,2065,2012-02-29
HAVANT,29,38,20,546,218,3,93,0,64,962,170,2143,2012-02-29
HAVERING,26,52,46,1144,504,3,57,0,135,2004,327,4298,2012-02-29
HEREFORDSHIRE,91,30,45,917,394,9,57,0,251,1279,283,3356,2012-02-29
HERTSMERE,9,56,15,514,223,3,31,0,92,1169,205,2317,2012-02-29
HIGH PEAK,52,7,14,477,202,16,25,0,126,762,132,1813,2012-02-29
HILLINGDON,7,126,39,1311,558,7,133,0,175,2333,418,5107,2012-02-29
HINCKLEY AND BOSWORTH,22,21,25,528,201,6,40,0,93,767,143,1846,2012-02-29
HORSHAM,32,17,30,668,308,3,30,1,197,1415,315,3016,2012-02-29
HOUNSLOW,5,88,34,1233,469,9,69,0,148,2584,425,5064,2012-02-29
HUNTINGDONSHIRE,44,36,90,923,443,6,102,1,138,1452,272,3507,2012-02-29
HYNDBURN,32,13,8,354,140,6,15,0,114,736,93,1511,2012-02-29
IPSWICH,14,34,12,649,291,9,29,0,75,959,174,2246,2012-02-29
ISLE OF ANGLESEY,40,8,11,344,141,3,20,0,134,583,89,1373,2012-02-29
ISLE OF WIGHT,83,82,41,783,350,5,69,0,226,1505,232,3376,2012-02-29
ISLES OF SCILLY,1,1,2,22,7,0,0,0,1,10,3,47,2012-02-29
ISLINGTON,5,172,8,1063,620,6,181,0,152,3319,507,6033,2012-02-29
KENSINGTON AND CHELSEA,24,127,8,1425,648,9,91,1,243,4937,839,8352,2012-02-29
KETTERING,19,24,20,460,187,5,39,0,77,792,161,1784,2012-02-29
KING'S LYNN AND WEST NORFOLK,67,33,49,703,306,7,67,1,286,1099,168,2786,2012-02-29
KINGSTON UPON THAMES,6,72,15,967,408,3,41,2,93,1545,284,3436,2012-02-29
KIRKLEES,88,98,130,1882,771,32,108,2,392,3271,454,7228,2012-02-29
KNOWSLEY,22,42,19,472,197,7,36,0,84,1017,200,2096,2012-02-29
LAMBETH,6,201,18,1777,846,13,132,6,175,4028,846,8048,2012-02-29
LANCASTER,73,19,17,637,272,7,41,0,158,969,166,2359,2012-02-29
LEEDS,98,190,100,3302,1366,47,189,2,558,5848,975,12675,2012-02-29
LEICESTER,16,54,52,1041,430,19,63,2,148,2154,344,4323,2012-02-29
LEWES,15,47,38,584,271,2,40,2,85,956,138,2178,2012-02-29
LEWISHAM,1,132,15,1257,554,8,90,0,111,2542,562,5272,2012-02-29
LICHFIELD,20,14,29,467,204,5,33,0,97,817,156,1842,2012-02-29
LINCOLN,21,30,17,478,198,3,21,0,74,676,125,1643,2012-02-29
LIVERPOOL,72,111,55,1883,774,27,146,0,352,3865,626,7911,2012-02-29
LUTON,20,41,24,797,329,16,52,0,83,1533,263,3158,2012-02-29
MACCLESFIELD,0,0,0,1,0,0,0,0,0,0,0,1,2012-02-29
MAIDSTONE,8,46,62,838,330,6,95,6,158,1428,270,3247,2012-02-29
MALDON,40,4,15,287,151,1,18,0,107,562,88,1273,2012-02-29
MALVERN HILLS,32,22,23,339,117,6,21,0,116,627,85,1388,2012-02-29
MANCHESTER,19,193,42,1923,980,35,199,0,442,5107,857,9797,2012-02-29
MANSFIELD,57,35,24,432,194,8,31,0,61,754,182,1778,2012-02-29
MEDWAY,12,65,50,1259,539,11,82,1,140,1949,389,4497,2012-02-29
MELTON,22,12,13,208,104,1,17,0,80,354,73,884,2012-02-29
MENDIP,66,47,66,603,494,1,54,0,174,925,139,2569,2012-02-29
MERTHYR TYDFIL,25,12,12,270,100,3,16,0,59,376,47,920,2012-02-29
MERTON,8,93,15,1123,454,4,65,0,121,2072,383,4338,2012-02-29
MID DEVON,30,23,38,402,147,1,36,0,122,798,128,1725,2012-02-29
MID SUFFOLK,69,16,28,500,221,17,48,0,131,722,159,1911,2012-02-29
MID SUSSEX,21,52,47,775,348,17,78,2,171,1356,281,3148,2012-02-29
MIDDLESBROUGH,8,13,27,543,199,6,21,1,61,805,119,1803,2012-02-29
MILTON KEYNES,36,81,70,1166,473,13,233,0,177,2021,516,4786,2012-02-29
MOLE VALLEY,7,18,21,522,212,3,34,0,117,808,167,1909,2012-02-29
MONMOUTHSHIRE,43,20,28,463,172,3,30,1,158,818,122,1858,2012-02-29
NEATH PORT TALBOT,36,45,30,580,254,8,49,0,178,1124,176,2480,2012-02-29
NEW FOREST,60,61,39,974,460,9,55,0,159,1616,323,3756,2012-02-29
NEWARK AND SHERWOOD,56,51,28,574,257,2,55,3,133,982,184,2325,2012-02-29
NEWCASTLE UPON TYNE,34,59,63,1392,520,13,44,1,173,2230,374,4903,2012-02-29
NEWCASTLE-UNDER-LYME,27,18,14,884,217,8,25,0,96,966,128,2383,2012-02-29
NEWHAM,6,134,3,912,359,7,106,0,221,2758,545,5051,2012-02-29
NEWPORT,16,52,25,669,315,8,26,0,222,1218,179,2730,2012-02-29
NORTH CORNWALL,0,0,0,0,1,0,0,0,0,0,0,1,2012-02-29
NORTH DEVON,48,20,24,523,237,5,24,0,148,840,151,2020,2012-02-29
NORTH DORSET,47,14,30,350,155,4,24,0,106,524,123,1377,2012-02-29
NORTH EAST DERBYSHIRE,25,15,35,361,160,4,23,0,102,696,108,1529,2012-02-29
NORTH EAST LINCOLNSHIRE,57,26,40,829,277,14,36,0,90,1113,140,2622,2012-02-29
NORTH HERTFORDSHIRE,32,47,26,666,268,17,43,2,96,1009,191,2397,2012-02-29
NORTH KESTEVEN,52,23,43,550,237,4,48,0,130,887,156,2130,2012-02-29
NORTH LINCOLNSHIRE,81,66,30,808,308,5,47,0,190,1295,201,3031,2012-02-29
NORTH NORFOLK,65,33,60,555,242,2,36,0,127,867,167,2154,2012-02-29
NORTH SOMERSET,54,138,62,1207,514,5,70,0,218,1640,336,4244,2012-02-29
NORTH TYNESIDE,26,107,41,974,429,9,49,0,84,1593,258,3570,2012-02-29
NORTH WARWICKSHIRE,17,8,26,417,105,3,22,0,73,503,70,1244,2012-02-29
NORTH WEST LEICESTERSHIRE,18,20,22,509,191,2,31,0,106,964,123,1986,2012-02-29
NORTHAMPTON,22,51,104,1034,425,12,59,0,111,1811,302,3931,2012-02-29
NORTHUMBERLAND,101,70,82,1435,602,14,91,3,300,2598,486,5782,2012-02-29
NORWICH,14,39,13,634,254,3,21,1,111,993,148,2231,2012-02-29
NUNEATON AND BEDWORTH,12,26,25,503,209,6,49,0,61,820,164,1875,2012-02-29
OADBY AND WIGSTON,9,8,5,231,96,1,5,0,17,295,64,731,2012-02-29
OLDHAM,52,36,62,870,412,18,53,0,244,2069,338,4154,2012-02-29
OXFORD,12,37,15,551,240,1,29,0,99,1194,185,2363,2012-02-29
PEMBROKESHIRE,71,25,42,609,212,4,40,0,208,989,122,2322,2012-02-29
PENDLE,31,94,10,365,190,2,17,0,127,709,125,1670,2012-02-29
POOLE,13,75,18,840,445,7,49,0,103,1500,277,3327,2012-02-29
PORTSMOUTH,55,56,8,1046,451,12,51,0,205,1803,267,3954,2012-02-29
POWYS,179,9,51,705,273,9,28,0,244,1066,187,2751,2012-02-29
PRESTON,14,22,14,615,244,0,21,0,143,1036,143,2252,2012-02-29
PURBECK,25,28,14,247,120,0,11,1,86,376,75,983,2012-02-29
READING,16,71,19,804,363,6,42,0,105,1553,217,3196,2012-02-29
REDBRIDGE,28,80,8,1187,513,15,39,1,120,2479,459,4929,2012-02-29
REDCAR AND CLEVELAND,26,10,17,606,264,10,25,0,75,895,135,2063,2012-02-29
REDDITCH,8,18,6,422,151,0,15,0,70,597,135,1422,2012-02-29
REIGATE AND BANSTEAD,4,49,17,828,367,4,40,0,98,1407,313,3127,2012-02-29
RHONDDA CYNON TAFF,155,30,64,999,397,20,43,0,214,1938,229,4089,2012-02-29
RIBBLE VALLEY,27,12,22,282,147,2,14,0,111,518,64,1199,2012-02-29
RICHMOND UPON THAMES,6,80,9,1241,510,4,46,0,134,2247,347,4624,2012-02-29
RICHMONDSHIRE,29,5,18,226,168,4,31,0,67,350,56,954,2012-02-29
ROCHDALE,15,30,49,958,365,10,43,0,196,1704,278,3648,2012-02-29
ROCHFORD,26,11,8,403,197,1,39,0,78,608,108,1479,2012-02-29
ROSSENDALE,45,16,17,357,137,7,18,0,112,629,86,1424,2012-02-29
ROTHER,11,27,25,545,280,0,41,0,134,1115,239,2417,2012-02-29
ROTHERHAM,42,150,68,1084,483,9,81,0,143,1834,301,4195,2012-02-29
RUGBY,14,31,17,502,180,6,27,0,72,824,156,1829,2012-02-29
RUNNYMEDE,5,18,7,425,171,3,34,0,49,798,157,1667,2012-02-29
RUSHCLIFFE,46,33,34,572,242,1,35,1,97,849,132,2042,2012-02-29
RUSHMOOR,21,29,13,466,235,5,17,0,73,686,156,1701,2012-02-29
RUTLAND,6,2,12,208,97,2,11,0,78,348,75,839,2012-02-29
RYEDALE,33,9,22,250,108,2,22,0,70,414,65,995,2012-02-29
SALFORD,28,61,14,1022,510,24,76,0,203,2539,432,4909,2012-02-29
SANDWELL,24,86,86,1175,509,9,89,0,198,2267,450,4893,2012-02-29
SCARBOROUGH,54,18,20,555,322,6,32,0,217,955,184,2363,2012-02-29
SEDGEMOOR,51,48,49,608,298,5,70,0,161,961,186,2437,2012-02-29
SEFTON,53,40,49,1155,478,9,80,0,168,2012,307,4351,2012-02-29
SELBY,23,23,43,442,200,4,42,0,125,760,148,1810,2012-02-29
SEVENOAKS,11,24,29,608,271,1,51,0,108,1142,197,2442,2012-02-29
SHEFFIELD,97,154,117,2551,1110,20,111,0,432,4244,652,9488,2012-02-29
SHEPWAY,9,37,42,603,250,5,40,0,102,1055,162,2305,2012-02-29
SHROPSHIRE,131,43,98,1622,550,11,125,1,465,2360,425,5831,2012-02-29
SLOUGH,15,41,7,492,181,3,46,0,85,1179,239,2288,2012-02-29
SOLIHULL,24,33,51,1004,486,9,55,0,135,1698,270,3765,2012-02-29
SOUTH BUCKS,22,15,96,325,170,3,17,0,80,804,137,1669,2012-02-29
SOUTH CAMBRIDGESHIRE,43,45,76,748,347,4,80,6,162,1164,226,2901,2012-02-29
SOUTH DERBYSHIRE,15,21,33,478,184,5,51,0,76,682,158,1703,2012-02-29
SOUTH GLOUCESTERSHIRE,93,176,117,1417,658,11,96,0,231,2103,418,5320,2012-02-29
SOUTH HAMS,27,17,29,622,230,3,44,0,171,1092,171,2406,2012-02-29
SOUTH HOLLAND,44,14,18,425,165,2,18,1,124,738,113,1662,2012-02-29
SOUTH KESTEVEN,38,39,58,638,300,4,52,0,175,1026,203,2533,2012-02-29
SOUTH LAKELAND,78,22,34,622,515,6,48,0,208,972,135,2640,2012-02-29
SOUTH NORFOLK,54,20,53,633,251,4,73,0,183,932,183,2386,2012-02-29
SOUTH NORTHAMPTONSHIRE,36,37,45,424,174,13,30,1,112,702,125,1699,2012-02-29
SOUTH OXFORDSHIRE,31,33,64,754,336,7,61,2,198,1494,211,3191,2012-02-29
SOUTH RIBBLE,56,25,15,496,172,3,17,0,100,825,174,1883,2012-02-29
SOUTH SOMERSET,73,80,58,778,346,2,64,0,250,1326,233,3210,2012-02-29
SOUTH STAFFORDSHIRE,41,10,29,443,178,0,31,0,103,661,136,1632,2012-02-29
SOUTH TYNESIDE,12,27,18,610,256,7,22,3,57,990,203,2205,2012-02-29
SOUTHAMPTON,58,83,26,1002,455,7,102,0,128,2005,375,4241,2012-02-29
SOUTHEND-ON-SEA,26,50,18,985,445,9,40,0,82,1571,284,3510,2012-02-29
SOUTHWARK,4,221,23,1490,553,20,158,0,183,4007,658,7317,2012-02-29
SPELTHORNE,6,44,15,537,224,1,37,0,64,880,167,1975,2012-02-29
ST ALBANS,20,90,18,786,360,1,59,0,121,1375,216,3046,2012-02-29
ST EDMUNDSBURY,25,19,27,546,242,1,28,0,116,796,192,1992,2012-02-29
ST HELENS,32,22,20,784,315,5,32,0,162,1293,204,2869,2012-02-29
STAFFORD,56,19,32,723,301,3,50,0,127,863,186,2360,2012-02-29
STAFFORDSHIRE MOORLANDS,71,5,13,564,195,2,8,0,111,665,117,1751,2012-02-29
STEVENAGE,8,10,5,357,137,4,23,1,21,495,117,1178,2012-02-29
STOCKPORT,55,49,25,1317,595,15,42,0,257,2168,399,4922,2012-02-29
STOCKTON-ON-TEES,15,23,49,819,391,9,68,0,99,1259,238,2970,2012-02-29
STOKE-ON-TRENT,71,40,30,1709,536,23,56,0,128,1820,285,4698,2012-02-29
STRATFORD-ON-AVON,41,30,55,638,282,1,34,0,173,1071,181,2506,2012-02-29
STROUD,59,27,64,562,203,5,43,0,173,942,186,2264,2012-02-29
SUFFOLK COASTAL,125,27,40,657,272,8,57,2,158,962,160,2468,2012-02-29
SUNDERLAND,33,29,64,1120,397,18,36,1,141,1769,354,3962,2012-02-29
SURREY HEATH,3,26,21,516,309,3,28,0,65,841,183,1995,2012-02-29
SUTTON,6,73,37,1047,411,4,56,0,75,1521,344,3574,2012-02-29
SWALE,10,42,30,742,272,6,66,0,107,1401,239,2915,2012-02-29
SWANSEA,63,56,58,1029,420,11,90,0,245,1913,211,4096,2012-02-29
SWINDON,80,122,59,1053,436,6,68,2,139,1618,316,3899,2012-02-29
TAMESIDE,36,41,33,901,383,19,38,0,164,1809,284,3708,2012-02-29
TAMWORTH,9,8,10,360,167,2,25,0,52,620,93,1346,2012-02-29
TANDRIDGE,5,22,137,516,207,2,26,2,74,799,139,1929,2012-02-29
TAUNTON DEANE,28,34,42,572,224,2,44,0,159,883,189,2177,2012-02-29
TEIGNBRIDGE,25,38,40,772,312,8,62,0,159,1245,192,2853,2012-02-29
TENDRING,43,21,15,713,292,4,34,0,185,1020,153,2480,2012-02-29
TEST VALLEY,57,29,56,545,549,5,47,0,125,997,202,2612,2012-02-29
TEWKESBURY,41,30,46,426,169,3,28,0,92,691,112,1638,2012-02-29
THANET,12,42,21,730,334,8,15,0,74,1226,199,2661,2012-02-29
THE VALE OF GLAMORGAN,16,29,25,644,276,3,12,0,119,995,132,2251,2012-02-29
THREE RIVERS,9,8,13,474,206,3,20,0,62,801,149,1745,2012-02-29
THURROCK,16,27,11,818,304,10,55,0,132,1582,324,3279,2012-02-29
TONBRIDGE AND MALLING,11,19,33,599,295,7,41,0,126,1040,187,2358,2012-02-29
TORBAY,21,40,22,759,331,4,55,0,73,1141,191,2637,2012-02-29
TORFAEN,30,9,10,334,164,6,19,0,82,599,131,1384,2012-02-29
TORRIDGE,42,18,25,369,156,2,57,0,104,701,98,1572,2012-02-29
TOWER HAMLETS,11,175,8,1203,576,21,202,3,235,4310,707,7451,2012-02-29
TRAFFORD,45,55,36,1308,522,12,56,0,177,2265,405,4881,2012-02-29
TUNBRIDGE WELLS,7,33,20,669,285,2,36,0,141,1281,218,2692,2012-02-29
UTTLESFORD,21,17,44,475,200,2,57,0,151,840,124,1931,2012-02-29
VALE OF WHITE HORSE,26,48,35,618,260,9,50,0,128,1315,269,2758,2012-02-29
VALE ROYAL,0,0,0,0,0,0,0,0,2,0,0,2,2012-02-29
WAKEFIELD,57,109,58,1367,575,10,69,0,263,2355,386,5249,2012-02-29
WALSALL,33,34,55,1040,433,12,61,0,148,1775,308,3899,2012-02-29
WALTHAM FOREST,33,82,7,1046,453,4,26,0,89,2363,388,4491,2012-02-29
WANDSWORTH,0,238,16,2192,1044,11,126,2,177,4415,860,9081,2012-02-29
WARRINGTON,38,55,30,1074,465,16,69,0,164,1729,294,3934,2012-02-29
WARWICK,22,43,31,741,293,3,22,0,148,1168,195,2666,2012-02-29
WATFORD,15,88,12,595,217,4,46,0,53,1026,143,2199,2012-02-29
WAVENEY,73,25,17,567,275,4,18,0,99,779,149,2006,2012-02-29
WAVERLEY,24,25,18,727,320,3,62,0,144,1345,238,2906,2012-02-29
WEALDEN,45,37,111,962,385,4,104,0,248,1592,293,3781,2012-02-29
WELLINGBOROUGH,18,20,13,339,140,6,10,0,62,496,96,1200,2012-02-29
WELWYN HATFIELD,15,21,16,466,220,0,24,0,92,847,178,1879,2012-02-29
WEST BERKSHIRE,21,51,30,961,408,4,42,0,128,1541,339,3525,2012-02-29
WEST DEVON,27,13,20,291,120,0,24,0,123,556,88,1262,2012-02-29
WEST DORSET,77,28,47,559,226,5,44,0,136,884,198,2204,2012-02-29
WEST LANCASHIRE,22,8,30,502,237,7,17,0,109,839,141,1912,2012-02-29
WEST LINDSEY,68,38,33,442,184,8,42,0,117,648,116,1696,2012-02-29
WEST OXFORDSHIRE,53,41,52,642,258,10,46,0,130,908,184,2324,2012-02-29
WEST SOMERSET,16,9,17,175,84,2,21,0,77,342,44,787,2012-02-29
WEYMOUTH AND PORTLAND,13,22,27,370,162,3,22,0,50,498,96,1263,2012-02-29
WIGAN,84,53,48,1452,568,17,69,0,330,2370,380,5371,2012-02-29
WILTSHIRE,209,153,195,2168,1797,15,184,1,560,3707,705,9694,2012-02-29
WINCHESTER,48,32,31,619,281,6,63,5,159,1163,191,2598,2012-02-29
WINDSOR AND MAIDENHEAD,20,53,12,793,326,3,36,0,145,1509,264,3161,2012-02-29
WIRRAL,52,45,23,1395,542,24,42,0,180,2182,322,4807,2012-02-29
WOKING,6,25,11,579,222,1,19,0,79,981,195,2118,2012-02-29
WOKINGHAM,39,55,51,1004,380,4,65,0,142,1368,241,3349,2012-02-29
WOLVERHAMPTON,37,30,42,816,317,6,38,0,169,1617,235,3307,2012-02-29
WORCESTER,27,26,15,484,205,2,30,0,81,712,140,1722,2012-02-29
WREKIN,24,49,43,926,281,4,53,0,128,1426,285,3219,2012-02-29
WORTHING,12,54,5,627,266,0,30,0,64,992,161,2211,2012-02-29
WREXHAM,30,19,34,485,212,5,39,0,119,1035,107,2085,2012-02-29
WYCHAVON,47,18,32,567,247,2,45,0,189,1031,202,2380,2012-02-29
WYCOMBE,62,87,97,1058,361,6,82,0,187,1551,315,3806,2012-02-29
WYRE,47,11,20,438,184,2,27,0,119,905,104,1857,2012-02-29
WYRE FOREST,57,6,8,408,164,6,33,0,126,577,145,1530,2012-02-29
YORK,77,39,31,1001,424,8,38,0,164,1219,203,3204,2012-02-29
ALL COUNTIES,0,0,0,0,0,0,0,0,0,0,25,25,2012-01-31
ADUR,6,30,6,363,130,2,19,0,45,446,78,1125,2012-01-31
ALLERDALE,59,8,31,458,170,3,11,0,173,734,74,1721,2012-01-31
AMBER VALLEY,59,18,46,597,295,6,37,0,138,859,125,2180,2012-01-31
ARUN,30,74,31,899,368,4,74,1,153,1537,245,3416,2012-01-31
ASHFIELD,20,30,54,546,250,9,25,0,76,760,156,1926,2012-01-31
ASHFORD,12,31,47,642,259,6,81,0,134,1090,234,2536,2012-01-31
AYLESBURY VALE,47,31,86,1022,389,7,102,2,202,1344,282,3514,2012-01-31
BABERGH,55,8,27,453,163,4,25,0,84,657,118,1594,2012-01-31
BARKING AND DAGENHAM,14,46,18,626,203,8,60,0,74,1686,225,2960,2012-01-31
BARNET,11,245,25,1980,817,3,152,0,157,3533,606,7529,2012-01-31
BARNSLEY,69,68,107,1088,439,15,70,1,168,1562,273,3860,2012-01-31
BARROW-IN-FURNESS,30,15,7,374,182,0,10,0,68,407,47,1140,2012-01-31
BASILDON,15,44,40,825,368,7,75,0,113,1246,236,2969,2012-01-31
BASINGSTOKE AND DEANE,53,71,58,993,338,4,67,0,108,1207,259,3158,2012-01-31
BASSETLAW,44,33,40,575,247,2,32,0,201,1135,153,2462,2012-01-31
BATH AND NORTH EAST SOMERSET,49,71,31,952,448,8,72,0,232,1487,250,3600,2012-01-31
BEDFORD,27,41,60,865,322,3,78,1,130,1445,191,3163,2012-01-31
BEXLEY,10,32,6,1200,518,9,27,0,84,1729,265,3880,2012-01-31
BIRMINGHAM,106,243,118,4921,2265,43,299,0,610,7968,1052,17625,2012-01-31
BLABY,21,25,33,480,167,2,27,0,60,553,90,1458,2012-01-31
BLACKBURN WITH DARWEN,16,249,15,616,260,7,28,0,134,1072,174,2571,2012-01-31
BLACKPOOL,39,19,8,749,284,11,14,0,148,1113,178,2563,2012-01-31
BLAENAU GWENT,27,14,9,292,117,4,8,0,53,458,62,1044,2012-01-31
BLYTH VALLEY,0,0,0,0,1,0,0,0,0,0,0,1,2012-01-31
BOLSOVER,12,17,17,351,140,2,12,0,59,544,82,1236,2012-01-31
BOLTON,46,47,62,1288,500,13,96,0,216,2354,350,4972,2012-01-31
BOSTON,21,14,25,313,126,1,23,0,60,468,57,1108,2012-01-31
BOURNEMOUTH,43,150,17,1119,467,5,68,0,65,1526,281,3741,2012-01-31
BRACKNELL FOREST,5,15,31,740,250,2,32,0,63,938,200,2276,2012-01-31
BRADFORD,96,87,64,2179,878,36,77,0,371,3576,506,7870,2012-01-31
BRAINTREE,33,14,38,751,320,4,50,4,178,1222,274,2888,2012-01-31
BRECKLAND,63,26,73,721,274,2,49,0,183,909,156,2456,2012-01-31
BRENT,0,151,12,1259,561,8,105,0,163,3060,417,5736,2012-01-31
BRENTWOOD,16,41,10,429,184,3,45,0,92,668,99,1587,2012-01-31
BRIDGEND,33,34,58,776,339,5,40,1,135,1001,141,2563,2012-01-31
BRIGHTON AND HOVE,24,192,13,1815,760,8,116,0,155,2910,556,6549,2012-01-31
BROADLAND,73,32,19,617,262,1,32,0,143,836,140,2155,2012-01-31
BROMLEY,14,87,39,1742,736,14,95,0,139,2704,593,6163,2012-01-31
BROMSGROVE,28,21,49,566,183,2,23,0,104,742,104,1822,2012-01-31
BROXBOURNE,15,21,30,457,203,4,32,0,91,651,152,1656,2012-01-31
BROXTOWE,18,15,30,552,220,2,22,0,63,644,106,1672,2012-01-31
BRYHER,0,0,0,1,0,0,0,0,0,0,0,1,2012-01-31
BURNLEY,21,97,13,527,246,8,17,0,93,1360,101,2483,2012-01-31
BURY,19,17,32,1043,419,6,19,0,177,1494,245,3471,2012-01-31
CAERPHILLY,59,27,36,817,297,8,23,0,171,1104,148,2690,2012-01-31
CALDERDALE,37,24,33,894,401,6,48,2,222,1603,187,3457,2012-01-31
CAMBRIDGE,32,41,22,640,218,0,55,0,162,849,144,2163,2012-01-31
CAMDEN,8,185,10,1397,611,13,119,3,159,3979,667,7151,2012-01-31
CANNOCK CHASE,19,14,33,539,276,5,36,0,70,726,114,1832,2012-01-31
CANTERBURY,12,47,42,827,358,9,50,0,163,1280,240,3028,2012-01-31
CARDIFF,39,116,43,1786,745,16,90,1,200,2517,376,5929,2012-01-31
CARLISLE,48,19,24,551,225,4,22,0,144,796,132,1965,2012-01-31
CARMARTHENSHIRE,127,37,98,1068,373,6,97,1,357,1402,199,3765,2012-01-31
CASTLE POINT,33,6,10,356,150,2,9,0,92,557,70,1285,2012-01-31
CENTRAL BEDFORDSHIRE,39,89,111,1289,565,21,148,0,206,1926,398,4792,2012-01-31
CEREDIGION,58,11,19,315,142,2,15,0,131,548,54,1295,2012-01-31
CHARNWOOD,37,27,65,835,316,12,61,0,136,1109,206,2804,2012-01-31
CHELMSFORD,30,26,24,830,344,4,19,0,206,1417,254,3154,2012-01-31
CHELTENHAM,21,22,8,621,287,5,32,0,109,883,158,2146,2012-01-31
CHERWELL,35,28,28,783,337,15,46,0,147,1180,232,2831,2012-01-31
CHESHIRE EAST,127,51,94,2568,897,30,90,0,364,2827,512,7560,2012-01-31
CHESHIRE WEST AND CHESTER,100,106,72,1962,685,8,84,0,350,2553,420,6340,2012-01-31
CHESTER,0,0,0,2,0,0,0,0,0,0,0,2,2012-01-31
CHESTERFIELD,21,25,20,436,201,0,18,0,113,686,101,1621,2012-01-31
CHICHESTER,48,65,38,719,263,2,37,5,218,1143,231,2769,2012-01-31
CHILTERN,35,27,31,582,208,1,36,0,102,817,133,1972,2012-01-31
CHORLEY,40,57,47,568,220,5,45,0,122,743,128,1975,2012-01-31
CHRISTCHURCH,15,31,5,293,133,6,23,0,44,411,58,1019,2012-01-31
CITY OF BRISTOL,66,271,43,2318,980,12,176,0,305,3279,579,8029,2012-01-31
CITY OF DERBY,33,53,49,1224,459,11,47,0,134,1455,257,3722,2012-01-31
CITY OF KINGSTON UPON HULL,50,50,56,1049,437,14,65,0,96,1504,212,3533,2012-01-31
CITY OF LONDON,10,57,4,322,139,6,65,0,143,1953,346,3045,2012-01-31
CITY OF NOTTINGHAM,33,71,21,1188,596,27,48,0,205,2311,414,4914,2012-01-31
CITY OF PETERBOROUGH,27,45,69,889,339,7,87,0,116,1425,278,3282,2012-01-31
CITY OF PLYMOUTH,32,79,34,1203,498,7,56,0,125,1750,342,4126,2012-01-31
CITY OF WESTMINSTER,12,370,84,2501,1166,23,329,1,497,9931,1618,16532,2012-01-31
COLCHESTER,46,99,77,861,408,5,93,1,174,1380,275,3419,2012-01-31
CONWY,78,32,21,570,238,3,24,0,189,914,154,2223,2012-01-31
COPELAND,30,5,20,339,151,1,16,0,117,425,58,1162,2012-01-31
CORBY,8,14,54,286,106,8,57,0,43,552,83,1211,2012-01-31
CORNWALL,298,337,299,3252,1285,23,333,1,882,4877,708,12295,2012-01-31
COTSWOLD,38,24,36,530,214,1,42,0,143,941,136,2105,2012-01-31
"COUNTY DURHAM,456",118,58,195,2445,952,28,102,0,394,3597,622,8511,2012-01-31
COVENTRY,48,44,79,1274,501,21,60,0,176,2072,259,4534,2012-01-31
CRAVEN,35,2,19,294,103,2,26,0,80,518,82,1161,2012-01-31
CRAWLEY,6,37,5,525,222,6,43,0,58,821,190,1913,2012-01-31
CROYDON,8,107,27,1766,709,12,82,0,171,3117,536,6535,2012-01-31
DACORUM,29,42,16,781,316,4,63,0,107,1083,206,2647,2012-01-31
DARLINGTON,12,23,11,567,195,2,16,0,72,677,98,1673,2012-01-31
DARTFORD,0,51,24,442,196,4,53,0,61,950,160,1941,2012-01-31
DAVENTRY,22,16,21,451,169,1,22,0,71,604,108,1485,2012-01-31
DENBIGHSHIRE,69,12,19,493,190,0,45,0,116,650,116,1710,2012-01-31
DERBYSHIRE DALES,58,14,10,345,173,4,24,0,183,636,79,1526,2012-01-31
DONCASTER,45,105,41,1447,649,27,77,0,223,2202,330,5146,2012-01-31
DOVER,9,15,22,541,252,1,37,0,109,968,151,2105,2012-01-31
DUDLEY,51,69,62,1603,524,22,79,0,203,2035,286,4934,2012-01-31
EALING,32,150,16,1681,662,38,100,0,190,3014,513,6396,2012-01-31
EAST CAMBRIDGESHIRE,41,12,58,456,202,1,47,0,94,611,93,1615,2012-01-31
EAST DEVON,39,70,50,768,329,6,73,0,222,1155,146,2858,2012-01-31
EAST DORSET,26,37,14,467,226,4,27,0,106,654,121,1682,2012-01-31
EAST HAMPSHIRE,53,36,36,716,253,0,32,0,166,895,191,2378,2012-01-31
EAST HERTFORDSHIRE,21,39,29,873,366,10,59,0,131,1177,244,2949,2012-01-31
EAST LINDSEY,90,41,39,623,260,6,31,1,194,959,139,2383,2012-01-31
EAST NORTHAMPTONSHIRE,21,17,25,464,147,2,37,0,69,536,121,1439,2012-01-31
EAST RIDING OF YORKSHIRE,113,47,95,1844,793,7,92,1,381,2732,313,6418,2012-01-31
EAST STAFFORDSHIRE,52,22,36,508,196,2,44,0,120,795,129,1904,2012-01-31
EASTBOURNE,2,83,17,692,244,12,34,1,36,944,159,2224,2012-01-31
EASTLEIGH,37,42,40,674,299,2,56,1,96,842,185,2274,2012-01-31
EDEN,42,6,20,345,149,0,15,0,136,475,53,1241,2012-01-31
ELMBRIDGE,9,52,28,1006,391,0,69,0,153,1530,312,3550,2012-01-31
ENFIELD,3,101,11,1433,616,5,82,0,117,2790,370,5528,2012-01-31
EPPING FOREST,16,27,33,689,289,6,52,0,138,1254,192,2696,2012-01-31
EPSOM AND EWELL,2,12,17,519,200,1,37,0,37,658,90,1573,2012-01-31
EREWASH,18,18,35,613,247,12,18,0,64,836,156,2017,2012-01-31
EXETER,12,47,22,623,300,2,53,0,78,966,129,2232,2012-01-31
FAREHAM,18,43,31,626,256,10,34,4,91,823,140,2076,2012-01-31
FENLAND,35,14,20,483,234,1,48,0,103,748,137,1823,2012-01-31
FLINTSHIRE,58,12,48,661,261,4,32,0,207,1043,205,2531,2012-01-31
FOREST HEATH,25,19,35,299,120,2,34,0,61,415,87,1097,2012-01-31
FOREST OF DEAN,46,9,28,447,183,10,33,0,123,600,86,1565,2012-01-31
FYLDE,23,13,21,418,158,2,16,0,173,845,107,1776,2012-01-31
GATESHEAD,39,28,34,968,411,6,30,1,137,1387,242,3283,2012-01-31
GEDLING,18,13,34,580,301,2,32,0,67,740,134,1921,2012-01-31
GLOUCESTER,17,47,59,613,235,2,86,0,207,828,150,2244,2012-01-31
GOSPORT,11,33,11,418,176,4,23,0,53,610,117,1456,2012-01-31
GRAVESHAM,4,21,13,440,189,1,22,0,57,820,139,1706,2012-01-31
GREAT YARMOUTH,46,25,19,471,216,3,19,0,96,623,93,1611,2012-01-31
GREENWICH,4,101,17,1119,506,9,92,1,104,2532,419,4904,2012-01-31
GUILDFORD,8,47,16,957,328,1,56,0,125,1368,273,3179,2012-01-31
GWYNEDD,128,11,45,592,253,3,22,0,233,1041,126,2454,2012-01-31
HACKNEY,6,173,11,990,499,10,126,0,132,2341,458,4746,2012-01-31
HALTON,68,27,16,576,199,6,24,0,100,930,131,2077,2012-01-31
HAMBLETON,43,13,28,469,209,2,32,0,103,570,67,1536,2012-01-31
HAMMERSMITH AND FULHAM,1,198,10,1254,537,7,97,0,115,2426,446,5091,2012-01-31
HARBOROUGH,26,27,74,488,196,2,38,0,100,622,141,1714,2012-01-31
HARINGEY,5,132,10,1181,519,8,76,0,106,2614,362,5013,2012-01-31
HARLOW,3,13,10,348,131,0,7,0,33,493,120,1158,2012-01-31
HARROGATE,137,27,33,889,362,3,37,0,171,1057,167,2883,2012-01-31
HARROW,1,74,26,1062,456,3,63,0,82,1890,274,3931,2012-01-31
HART,31,33,23,603,229,4,18,0,129,746,164,1980,2012-01-31
HARTLEPOOL,9,6,21,911,149,5,15,1,45,710,62,1934,2012-01-31
HASTINGS,1,62,24,550,216,5,36,0,65,901,143,2003,2012-01-31
HAVANT,28,35,17,614,233,3,38,0,65,770,140,1943,2012-01-31
HAVERING,40,45,61,1205,472,10,45,0,237,2001,264,4380,2012-01-31
HEREFORDSHIRE,87,28,60,1086,342,9,33,0,264,1332,223,3464,2012-01-31
HERTSMERE,9,30,7,535,207,3,40,0,69,905,205,2010,2012-01-31
HIGH PEAK,35,9,10,487,220,8,21,0,117,795,135,1837,2012-01-31
HILLINGDON,9,172,49,1336,576,7,121,0,167,2561,378,5376,2012-01-31
HINCKLEY AND BOSWORTH,28,13,28,612,219,4,38,0,85,795,120,1942,2012-01-31
HORSHAM,21,15,29,671,286,2,57,1,179,1188,252,2701,2012-01-31
HOUNSLOW,8,103,11,1172,550,2,66,0,120,2192,333,4557,2012-01-31
HUNTINGDONSHIRE,54,50,94,926,418,6,81,2,145,1229,234,3239,2012-01-31
HYNDBURN,32,17,7,371,160,9,21,0,123,733,113,1586,2012-01-31
IPSWICH,31,30,16,695,284,3,23,0,74,957,155,2268,2012-01-31
ISLE OF ANGLESEY,62,8,13,316,162,7,8,0,167,498,87,1328,2012-01-31
ISLE OF WIGHT,61,128,50,951,873,8,63,0,238,1635,274,4281,2012-01-31
ISLES OF SCILLY,0,2,1,4,6,0,3,0,5,25,0,46,2012-01-31
ISLINGTON,2,189,12,1140,506,10,149,1,177,3153,481,5820,2012-01-31
KENSINGTON AND CHELSEA,23,175,5,1616,759,7,94,0,199,4601,779,8258,2012-01-31
KETTERING,19,26,28,504,186,5,30,0,70,679,120,1667,2012-01-31
KING'S LYNN AND WEST NORFOLK,79,26,55,751,287,4,66,0,219,1087,157,2731,2012-01-31
KINGSTON UPON THAMES,25,36,9,989,392,5,40,1,61,1438,226,3222,2012-01-31
KIRKLEES,49,60,128,2005,842,45,88,0,343,3273,478,7311,2012-01-31
KNOWSLEY,14,38,26,544,192,15,33,0,103,868,127,1960,2012-01-31
LAMBETH,5,222,15,1720,732,35,119,0,208,3725,738,7519,2012-01-31
LANCASTER,81,25,18,713,278,7,29,0,169,991,145,2456,2012-01-31
LEEDS,98,178,81,3237,1484,47,188,1,551,5254,744,11863,2012-01-31
LEICESTER,19,56,71,1187,516,4,65,1,159,1898,270,4246,2012-01-31
LEWES,17,42,20,597,254,4,47,0,114,893,165,2153,2012-01-31
LEWISHAM,2,150,7,1247,584,2,113,0,100,2528,558,5291,2012-01-31
LICHFIELD,21,19,41,6571,206,2,24,0,98,815,115,7912,2012-01-31
LINCOLN,35,24,23,534,217,2,28,1,76,748,98,1786,2012-01-31
LIVERPOOL,71,183,71,1961,786,23,142,0,413,3804,580,8034,2012-01-31
LUTON,16,34,11,865,357,12,44,0,90,1430,208,3067,2012-01-31
MACCLESFIELD,0,0,0,0,1,0,0,0,0,0,0,1,2012-01-31
MAIDSTONE,8,58,44,879,348,9,81,0,126,1303,323,3179,2012-01-31
MALDON,21,9,18,361,153,2,14,0,112,501,84,1275,2012-01-31
MALVERN HILLS,51,16,33,369,149,2,36,0,101,446,83,1286,2012-01-31
MANCHESTER,28,176,67,1978,899,24,147,0,365,4614,972,9270,2012-01-31
MANSFIELD,54,35,38,480,215,3,24,0,64,704,112,1729,2012-01-31
MEDWAY,20,64,58,1289,628,10,107,1,148,1984,417,4726,2012-01-31
MELTON,15,3,12,259,100,0,11,0,60,314,75,849,2012-01-31
MENDIP,53,56,66,581,293,16,75,0,155,873,149,2317,2012-01-31
MERTHYR TYDFIL,15,7,13,252,105,4,19,0,61,438,49,963,2012-01-31
MERTON,7,126,11,1269,479,5,69,1,144,1975,344,4430,2012-01-31
MID DEVON,18,27,26,442,189,1,31,0,109,638,101,1582,2012-01-31
MID SUFFOLK,73,13,47,457,222,16,53,0,200,775,155,2011,2012-01-31
MID SUSSEX,15,38,42,837,350,7,58,0,110,1262,281,3000,2012-01-31
MIDDLESBROUGH,9,18,26,569,222,2,27,0,70,815,106,1864,2012-01-31
MILTON KEYNES,27,140,135,1305,507,10,167,0,158,1949,441,4839,2012-01-31
MOLE VALLEY,4,24,23,589,244,4,27,0,69,714,137,1835,2012-01-31
MONMOUTHSHIRE,47,17,33,477,188,3,21,0,150,689,93,1718,2012-01-31
NEATH PORT TALBOT,32,50,35,647,245,6,37,0,152,1129,138,2471,2012-01-31
NEW FOREST,53,47,33,1060,458,15,51,0,204,1532,247,3700,2012-01-31
NEWARK AND SHERWOOD,57,27,42,548,253,2,26,1,126,919,186,2187,2012-01-31
NEWCASTLE UPON TYNE,32,80,56,1196,534,16,46,0,162,1978,401,4501,2012-01-31
NEWCASTLE-UNDER-LYME,27,19,29,556,221,3,22,0,111,757,105,1850,2012-01-31
NEWHAM,11,118,5,864,412,9,159,0,185,3203,556,5522,2012-01-31
NEWPORT,36,73,32,673,297,8,37,0,167,1031,141,2495,2012-01-31
NORTH DEVON,49,33,32,576,252,9,26,0,160,851,141,2129,2012-01-31
NORTH DORSET,40,38,34,389,155,4,28,0,102,521,109,1420,2012-01-31
NORTH EAST DERBYSHIRE,43,15,19,466,199,2,24,0,104,540,94,1506,2012-01-31
NORTH EAST LINCOLNSHIRE,59,32,37,872,287,7,31,0,100,1064,153,2642,2012-01-31
NORTH HERTFORDSHIRE,25,49,19,710,319,8,76,0,118,869,184,2377,2012-01-31
NORTH KESTEVEN,52,32,41,542,231,2,46,0,121,693,118,1878,2012-01-31
NORTH LINCOLNSHIRE,78,56,61,845,365,8,28,1,169,1120,179,2910,2012-01-31
NORTH NORFOLK,70,23,34,529,212,3,40,0,187,885,152,2135,2012-01-31
NORTH SOMERSET,50,153,66,1245,631,4,79,0,193,1591,318,4330,2012-01-31
NORTH TYNESIDE,28,59,34,983,386,7,63,0,109,1471,265,3405,2012-01-31
NORTH WARWICKSHIRE,22,6,12,292,150,2,17,1,82,455,74,1113,2012-01-31
NORTH WEST LEICESTERSHIRE,25,21,41,544,214,3,29,0,106,750,132,1865,2012-01-31
NORTHAMPTON,27,35,21,1039,405,10,40,4,129,1743,291,3744,2012-01-31
NORTHUMBERLAND,96,43,91,1504,639,33,70,2,320,2382,402,5582,2012-01-31
NORWICH,11,32,18,689,292,7,39,0,90,949,159,2286,2012-01-31
NUNEATON AND BEDWORTH,14,39,15,513,247,1,37,0,50,724,113,1753,2012-01-31
OADBY AND WIGSTON,10,11,6,222,105,1,13,0,31,313,62,774,2012-01-31
OLDHAM,49,31,52,1089,402,7,31,0,218,1734,303,3916,2012-01-31
OXFORD,30,25,9,623,261,20,24,0,131,1135,162,2420,2012-01-31
PEMBROKESHIRE,65,26,46,547,247,4,29,0,241,914,131,2250,2012-01-31
PENDLE,34,45,17,430,171,9,18,0,137,751,116,1728,2012-01-31
POOLE,18,68,17,876,426,3,63,1,99,1287,198,3056,2012-01-31
PORTSMOUTH,60,65,8,970,400,9,51,2,119,1528,203,3415,2012-01-31
POWYS,127,10,62,826,290,5,53,1,269,1019,134,2796,2012-01-31
PRESTON,23,41,12,698,271,4,24,0,146,939,184,2342,2012-01-31
PURBECK,19,31,13,255,103,2,28,0,61,378,81,971,2012-01-31
READING,8,53,12,897,390,7,31,0,84,1352,262,3096,2012-01-31
REDBRIDGE,19,56,6,1171,520,57,30,0,131,2366,318,4674,2012-01-31
REDCAR AND CLEVELAND,28,8,28,599,219,6,36,0,80,913,144,2061,2012-01-31
REDDITCH,22,21,8,417,228,3,12,0,60,603,136,1510,2012-01-31
REIGATE AND BANSTEAD,9,71,42,1111,395,3,47,0,99,1430,268,3475,2012-01-31
RHONDDA CYNON TAFF,104,37,70,1317,433,10,49,1,286,2043,246,4596,2012-01-31
RIBBLE VALLEY,35,10,23,261,123,3,29,0,102,478,62,1126,2012-01-31
RICHMOND UPON THAMES,8,91,6,1345,622,11,45,3,103,1870,344,4448,2012-01-31
RICHMONDSHIRE,24,5,12,229,82,1,14,0,55,293,51,766,2012-01-31
ROCHDALE,36,42,54,1017,400,9,62,1,158,1592,234,3605,2012-01-31
ROCHFORD,31,24,9,383,207,1,22,0,94,542,89,1402,2012-01-31
ROSSENDALE,24,3,22,376,143,2,9,0,117,538,93,1327,2012-01-31
ROTHER,18,32,21,560,264,6,53,0,125,1016,220,2315,2012-01-31
ROTHERHAM,45,130,49,1225,512,10,73,1,170,1679,262,4156,2012-01-31
RUGBY,13,18,23,542,231,2,31,0,61,755,110,1786,2012-01-31
RUNNYMEDE,25,11,17,606,201,0,15,0,51,692,131,1749,2012-01-31
RUSHCLIFFE,15,22,26,627,240,1,30,1,70,791,119,1942,2012-01-31
RUSHMOOR,23,34,10,641,205,13,35,0,87,688,135,1871,2012-01-31
RUTLAND,7,4,13,224,102,0,9,0,65,326,65,815,2012-01-31
RYEDALE,30,10,28,215,117,5,27,0,68,347,37,884,2012-01-31
SALFORD,28,93,22,1179,491,20,51,0,180,1940,412,4416,2012-01-31
SANDWELL,18,51,86,1347,584,22,72,1,189,2216,332,4918,2012-01-31
SCARBOROUGH,58,21,15,520,232,12,24,0,214,874,148,2118,2012-01-31
SEDGEFIELD,0,0,0,1,0,0,0,0,0,0,0,1,2012-01-31
SEDGEMOOR,55,55,59,660,295,3,63,0,158,1029,199,2576,2012-01-31
SEFTON,71,35,48,1353,538,8,81,0,138,1919,287,4478,2012-01-31
SELBY,43,22,45,431,186,7,52,0,130,633,126,1675,2012-01-31
SEVENOAKS,23,23,26,633,249,2,36,0,116,1025,219,2352,2012-01-31
SHEFFIELD,67,150,90,2725,1056,19,115,0,388,4199,592,9401,2012-01-31
SHEPWAY,6,27,10,588,253,8,33,0,120,982,187,2214,2012-01-31
SHROPSHIRE,202,59,142,1732,618,1,105,0,396,2177,386,5818,2012-01-31
SLOUGH,16,38,12,566,207,2,27,0,100,1282,168,2418,2012-01-31
SOLIHULL,27,43,38,1184,472,15,80,0,119,1506,190,3674,2012-01-31
SOUTH BUCKS,22,14,21,418,167,3,27,0,117,808,142,1739,2012-01-31
SOUTH CAMBRIDGESHIRE,54,34,74,974,345,6,76,0,211,1023,191,2988,2012-01-31
SOUTH DERBYSHIRE,22,22,50,491,215,19,26,0,108,728,153,1834,2012-01-31
SOUTH GLOUCESTERSHIRE,84,137,95,1517,717,3,83,0,215,1915,345,5111,2012-01-31
SOUTH HAMS,19,44,44,616,241,2,27,0,157,988,149,2287,2012-01-31
SOUTH HOLLAND,45,17,18,465,180,7,16,0,119,572,96,1535,2012-01-31
SOUTH KESTEVEN,50,44,73,633,272,12,43,0,139,940,166,2372,2012-01-31
SOUTH LAKELAND,70,17,41,606,252,5,42,0,183,932,155,2303,2012-01-31
SOUTH NORFOLK,60,19,79,697,281,2,55,0,158,801,139,2291,2012-01-31
SOUTH NORTHAMPTONSHIRE,29,18,33,426,171,2,43,1,74,619,119,1535,2012-01-31
SOUTH OXFORDSHIRE,28,22,40,750,356,8,67,0,187,1443,214,3115,2012-01-31
SOUTH RIBBLE,46,30,13,516,225,4,21,0,95,736,105,1791,2012-01-31
SOUTH SOMERSET,89,56,50,882,358,4,86,0,216,1144,266,3151,2012-01-31
SOUTH STAFFORDSHIRE,39,9,23,476,163,0,18,0,115,606,95,1544,2012-01-31
SOUTH TYNESIDE,11,17,26,577,262,8,41,2,51,911,133,2039,2012-01-31
SOUTHAMPTON,52,93,28,1183,483,7,68,0,113,1497,371,3895,2012-01-31
SOUTHEND-ON-SEA,28,61,25,1007,483,8,46,1,85,1553,211,3508,2012-01-31
SOUTHWARK,11,178,17,1442,618,11,188,0,165,3506,604,6740,2012-01-31
SPELTHORNE,4,29,23,574,282,6,29,0,54,733,135,1869,2012-01-31
ST ALBANS,27,54,31,844,341,2,82,0,131,1267,242,3021,2012-01-31
ST EDMUNDSBURY,25,19,31,539,244,2,30,0,113,693,135,1831,2012-01-31
ST HELENS,24,44,76,867,329,7,44,1,147,1270,183,2992,2012-01-31
ST MARY'S,0,0,0,0,0,0,0,0,0,1,0,1,2012-01-31
STAFFORD,52,25,24,675,245,1,30,0,174,802,144,2172,2012-01-31
STAFFORDSHIRE MOORLANDS,53,14,16,508,177,6,15,0,124,587,94,1594,2012-01-31
STEVENAGE,6,14,15,350,135,6,22,0,40,441,100,1129,2012-01-31
STOCKPORT,55,42,19,1449,561,8,40,2,249,2257,343,5025,2012-01-31
STOCKTON-ON-TEES,11,32,76,1001,351,14,47,0,117,1256,201,3106,2012-01-31
STOKE-ON-TRENT,43,62,27,1367,446,14,55,0,168,1584,239,4005,2012-01-31
STRATFORD-ON-AVON,35,17,61,694,292,8,32,0,147,999,159,2444,2012-01-31
STROUD,48,25,43,630,244,1,48,0,113,823,131,2106,2012-01-31
SUFFOLK COASTAL,87,14,43,671,328,3,28,0,261,1085,235,2755,2012-01-31
SUNDERLAND,33,29,52,1087,436,19,30,0,134,1700,310,3830,2012-01-31
SURREY HEATH,1,25,17,565,312,3,30,0,107,864,156,2080,2012-01-31
SUTTON,1,73,14,1108,410,4,64,0,78,1443,252,3447,2012-01-31
SWALE,4,55,52,682,315,9,82,0,78,1208,211,2696,2012-01-31
SWANSEA,62,59,74,1196,424,12,69,0,290,1705,211,4102,2012-01-31
SWINDON,138,85,91,1117,554,14,96,0,154,1596,249,4094,2012-01-31
TAMESIDE,36,33,28,1056,386,10,45,0,171,1660,266,3691,2012-01-31
TAMWORTH,9,13,15,378,154,6,25,0,43,520,79,1242,2012-01-31
TANDRIDGE,5,22,145,511,238,1,46,1,86,786,124,1965,2012-01-31
TAUNTON DEANE,18,30,70,655,258,1,57,0,147,753,173,2162,2012-01-31
TEIGNBRIDGE,40,60,31,769,337,5,46,0,142,1044,159,2633,2012-01-31
TENDRING,64,25,12,668,332,5,31,0,192,1037,174,2540,2012-01-31
TEST VALLEY,51,30,51,671,228,8,47,0,147,825,153,2211,2012-01-31
TEWKESBURY,18,19,26,445,206,5,43,0,98,610,119,1589,2012-01-31
THANET,4,56,12,738,313,12,38,0,68,1111,196,2548,2012-01-31
THE VALE OF GLAMORGAN,23,31,24,724,281,5,27,0,104,1023,151,2393,2012-01-31
THREE RIVERS,10,19,18,486,193,3,14,0,53,721,96,1613,2012-01-31
THURROCK,18,45,8,730,314,12,35,0,112,1472,413,3159,2012-01-31
TONBRIDGE AND MALLING,11,33,27,643,272,5,36,0,140,1136,214,2517,2012-01-31
TORBAY,15,56,26,795,302,5,25,0,75,1040,194,2533,2012-01-31
TORFAEN,17,24,19,387,142,6,14,0,97,607,137,1450,2012-01-31
TORRIDGE,43,30,52,420,163,4,39,0,120,580,90,1541,2012-01-31
TOWER HAMLETS,1,246,13,1556,587,13,215,0,288,4421,683,8023,2012-01-31
TRAFFORD,43,39,54,1278,498,13,39,0,163,1904,345,4376,2012-01-31
TUNBRIDGE WELLS,5,28,22,639,275,7,36,1,149,1273,189,2624,2012-01-31
UTTLESFORD,20,18,60,479,203,5,44,2,141,628,118,1718,2012-01-31
VALE OF GLAMORGAN,0,0,0,0,0,0,0,0,0,1,0,1,2012-01-31
VALE OF WHITE HORSE,27,30,25,3448,258,5,48,0,115,918,171,5045,2012-01-31
WAKEFIELD,83,84,65,1332,549,17,74,1,266,2158,318,4947,2012-01-31
WALSALL,36,57,67,1060,467,14,59,0,175,1719,225,3879,2012-01-31
WALTHAM FOREST,27,84,10,1054,460,10,44,0,140,2218,319,4366,2012-01-31
WANDSWORTH,5,274,19,2233,1000,5,145,2,218,4354,688,8943,2012-01-31
WARRINGTON,73,50,32,1081,409,6,54,0,170,1767,247,3889,2012-01-31
WARWICK,17,29,20,789,374,1,22,0,142,1185,199,2778,2012-01-31
WATFORD,11,106,20,528,222,2,50,0,57,995,147,2138,2012-01-31
WAVENEY,47,21,30,598,242,3,19,0,95,742,103,1900,2012-01-31
WAVERLEY,17,32,23,926,306,6,41,0,177,1377,210,3115,2012-01-31
WEALDEN,57,47,66,1008,443,3,97,0,244,1561,258,3784,2012-01-31
WELLINGBOROUGH,16,12,7,321,123,2,19,0,53,444,104,1101,2012-01-31
WELWYN HATFIELD,20,9,25,528,177,6,35,0,76,803,190,1869,2012-01-31
WEST BERKSHIRE,16,31,40,934,385,4,44,0,184,1453,300,3391,2012-01-31
WEST DEVON,30,19,33,334,138,0,15,0,82,482,81,1214,2012-01-31
WEST DORSET,63,38,38,530,263,3,51,0,129,735,148,1998,2012-01-31
WEST LANCASHIRE,39,11,25,580,252,12,22,0,126,757,122,1946,2012-01-31
WEST LINDSEY,71,30,50,550,201,4,36,1,119,607,104,1773,2012-01-31
WEST OXFORDSHIRE,45,16,34,657,307,5,49,2,149,914,165,2343,2012-01-31
WEST SOMERSET,12,6,17,238,84,2,11,0,61,281,48,760,2012-01-31
WEYMOUTH AND PORTLAND,20,26,15,355,162,1,17,0,61,474,68,1199,2012-01-31
WIGAN,74,30,37,1495,615,20,54,0,307,2248,414,5294,2012-01-31
WILTSHIRE,240,187,238,2439,1038,9,158,1,539,3235,628,8712,2012-01-31
WINCHESTER,56,39,43,787,267,4,42,3,194,1047,213,2695,2012-01-31
WINDSOR AND MAIDENHEAD,16,50,18,891,383,4,30,0,115,1505,232,3244,2012-01-31
WIRRAL,68,29,36,1592,578,8,48,0,236,2207,289,5091,2012-01-31
WOKING,13,21,10,768,251,2,35,0,77,841,160,2178,2012-01-31
WOKINGHAM,13,37,29,976,355,0,51,0,109,1244,257,3071,2012-01-31
WOLVERHAMPTON,41,27,36,977,376,9,38,0,160,1266,191,3121,2012-01-31
WORCESTER,32,18,8,542,267,7,38,0,92,710,158,1872,2012-01-31
WREKIN,27,25,64,745,306,4,58,0,138,1113,309,2789,2012-01-31
WORTHING,13,51,10,672,312,3,24,0,67,863,151,2166,2012-01-31
WREXHAM,54,29,47,547,209,6,52,0,92,904,111,2051,2012-01-31
WYCHAVON,68,22,44,641,254,3,45,0,196,994,183,2450,2012-01-31
WYCOMBE,47,42,36,818,357,7,61,0,155,1292,259,3074,2012-01-31
WYRE,54,13,17,537,171,2,28,0,133,800,102,1857,2012-01-31
WYRE FOREST,70,33,11,435,219,2,40,0,92,581,95,1578,2012-01-31
YORK,72,44,24,983,430,9,33,1,222,1198,188,3204,2012-01-31
09/02/2012 12:28,,,,,,,,,,,,,2012-01-31
ALL COUNTIES,1,0,0,0,0,0,0,0,0,0,25,26,2011-12-31
ADUR,9,12,5,362,145,2,9,0,40,320,48,952,2011-12-31
ALLERDALE,34,11,22,425,230,1,37,0,116,538,60,1474,2011-12-31
AMBER VALLEY,32,18,28,621,268,4,39,0,121,543,101,1775,2011-12-31
ARUN,16,54,17,1040,460,1,83,1,94,1124,234,3124,2011-12-31
ASHFIELD,12,18,28,561,250,10,43,0,68,541,110,1641,2011-12-31
ASHFORD,14,34,33,647,268,5,107,0,112,814,158,2192,2011-12-31
AYLESBURY VALE,49,24,53,999,459,9,190,1,147,1038,322,3291,2011-12-31
BABERGH,32,7,20,439,167,2,33,0,79,445,87,1311,2011-12-31
BARKING AND DAGENHAM,6,21,15,529,238,13,56,0,61,1204,167,2310,2011-12-31
BARNET,5,178,34,1839,776,10,166,1,164,2530,475,6178,2011-12-31
BARNSLEY,105,79,37,1439,404,12,128,0,120,1248,175,3747,2011-12-31
BARROW-IN-FURNESS,14,2,1,357,179,3,7,0,38,305,34,940,2011-12-31
BASILDON,13,28,27,814,326,3,62,0,118,955,165,2511,2011-12-31
BASINGSTOKE AND DEANE,46,54,35,1859,395,10,140,0,84,859,214,3696,2011-12-31
BASSETLAW,40,37,15,617,234,10,40,1,101,582,111,1788,2011-12-31
BATH AND NORTH EAST SOMERSET,36,57,18,926,411,1,71,0,147,1075,182,2924,2011-12-31
BEDFORD,20,24,39,805,351,5,151,0,94,954,164,2607,2011-12-31
BEXLEY,27,41,6,1191,506,10,31,0,60,1193,278,3343,2011-12-31
BIRMINGHAM,86,150,120,4520,1857,44,296,0,486,6019,868,14446,2011-12-31
BLABY,16,15,26,431,179,6,40,0,51,419,98,1281,2011-12-31
BLACKBURN WITH DARWEN,21,130,22,613,285,11,36,0,108,743,132,2101,2011-12-31
BLACKPOOL,24,14,1,699,306,9,15,0,123,846,117,2154,2011-12-31
BLAENAU GWENT,19,9,17,294,109,3,21,0,51,323,50,896,2011-12-31
BOLSOVER,17,12,10,447,172,3,17,0,44,336,51,1109,2011-12-31
BOLTON,27,38,34,1283,550,12,183,0,141,1563,242,4073,2011-12-31
BOSTON,36,8,11,326,168,5,26,0,41,307,43,971,2011-12-31
BOURNEMOUTH,41,95,16,1049,478,12,59,0,75,1153,196,3174,2011-12-31
BRACKNELL FOREST,8,21,25,662,295,5,93,0,58,633,139,1939,2011-12-31
BRADFORD,153,36,45,2313,876,26,85,3,290,2603,390,6820,2011-12-31
BRAINTREE,27,17,25,800,291,2,53,0,162,862,148,2387,2011-12-31
BRECKLAND,58,22,39,619,312,7,59,0,137,725,137,2115,2011-12-31
BRENT,2,104,14,1191,475,5,76,0,113,2223,349,4552,2011-12-31
BRENTWOOD,8,21,2,415,170,1,29,0,65,445,86,1242,2011-12-31
BRIDGEND,25,16,26,741,328,5,69,0,93,748,118,2169,2011-12-31
BRIGHTON AND HOVE,20,121,15,1590,801,7,96,0,115,1970,406,5141,2011-12-31
BROADLAND,53,10,16,666,248,1,23,0,152,611,87,1867,2011-12-31
BROMLEY,39,59,32,1862,749,7,163,1,122,1872,388,5294,2011-12-31
BROMSGROVE,17,16,28,547,227,5,34,0,72,448,60,1454,2011-12-31
BROXBOURNE,5,11,16,499,181,9,21,0,55,570,132,1499,2011-12-31
BROXTOWE,16,19,11,553,245,1,31,1,39,536,118,1570,2011-12-31
BURNLEY,11,16,7,487,239,6,58,0,94,1166,119,2203,2011-12-31
BURY,13,20,27,878,418,10,38,0,99,1022,202,2727,2011-12-31
CAERPHILLY,53,21,39,938,353,4,39,0,151,820,117,2535,2011-12-31
CALDERDALE,29,27,15,1097,396,6,49,1,192,1153,149,3114,2011-12-31
CAMBRIDGE,20,28,23,530,216,4,61,0,150,652,140,1824,2011-12-31
CAMDEN,6,154,14,1290,541,24,121,6,159,3134,535,5984,2011-12-31
CANNOCK CHASE,19,12,15,549,369,4,31,0,43,486,77,1605,2011-12-31
CANTERBURY,6,43,22,803,384,9,60,0,118,931,168,2544,2011-12-31
CARDIFF,48,88,32,1698,709,23,78,0,176,1786,288,4926,2011-12-31
CARLISLE,65,6,20,526,256,2,52,0,99,497,77,1600,2011-12-31
CARMARTHENSHIRE,120,24,60,888,387,8,126,0,252,983,168,3016,2011-12-31
CASTLE POINT,36,14,3,438,168,2,7,0,86,397,38,1189,2011-12-31
CENTRAL BEDFORDSHIRE,53,72,105,1404,582,18,227,4,195,1434,285,4379,2011-12-31
CEREDIGION,40,16,27,308,146,0,25,1,95,363,44,1065,2011-12-31
CHARNWOOD,51,24,43,806,357,12,79,0,87,716,141,2316,2011-12-31
CHELMSFORD,36,35,25,1031,369,9,47,0,144,960,193,2849,2011-12-31
CHELTENHAM,25,25,16,687,274,4,29,0,95,714,132,2001,2011-12-31
CHERWELL,26,21,15,861,303,12,77,0,168,1033,172,2688,2011-12-31
CHESHIRE EAST,89,40,60,2087,897,32,118,1,306,2192,412,6234,2011-12-31
CHESHIRE WEST AND CHESTER,44,94,56,1710,679,14,127,0,245,1836,283,5088,2011-12-31
CHESTERFIELD,15,12,7,592,188,3,32,0,68,478,78,1473,2011-12-31
CHICHESTER,39,55,22,760,310,5,169,0,171,879,184,2594,2011-12-31
CHILTERN,45,11,16,473,225,0,52,1,104,523,103,1553,2011-12-31
CHORLEY,29,28,45,542,236,6,105,0,104,685,92,1872,2011-12-31
CHRISTCHURCH,5,17,6,400,123,3,19,0,31,284,52,940,2011-12-31
CITY OF BRISTOL,62,102,30,2199,964,14,345,0,251,2589,464,7020,2011-12-31
CITY OF DERBY,31,32,22,1444,736,10,66,0,99,1162,230,3832,2011-12-31
CITY OF KINGSTON UPON HULL,28,33,37,952,449,16,89,0,76,1098,192,2970,2011-12-31
CITY OF LONDON,0,39,1,255,136,20,67,0,143,1535,274,2470,2011-12-31
CITY OF NOTTINGHAM,24,38,6,1004,513,12,67,1,187,1632,295,3779,2011-12-31
CITY OF PETERBOROUGH,19,42,41,776,382,5,174,0,86,1124,188,2837,2011-12-31
CITY OF PLYMOUTH,42,83,31,1228,501,8,61,0,98,1249,255,3556,2011-12-31
CITY OF WESTMINSTER,12,309,26,2566,1190,40,312,2,425,7076,1322,13280,2011-12-31
COLCHESTER,43,57,46,965,531,7,127,0,161,999,169,3105,2011-12-31
CONWY,73,23,24,503,217,9,44,0,138,671,109,1811,2011-12-31
COPELAND,42,7,13,454,145,3,15,0,102,363,75,1219,2011-12-31
CORBY,6,11,60,268,124,5,95,0,52,383,55,1059,2011-12-31
CORNWALL,279,141,232,2910,1353,24,394,1,716,3410,548,10008,2011-12-31
COTSWOLD,40,22,35,531,216,5,65,0,113,617,124,1768,2011-12-31
"COUNTY DURHAM,456",91,55,86,2435,939,27,259,2,324,2606,449,7273,2011-12-31
COVENTRY,48,54,54,1166,452,11,172,0,150,1600,225,3932,2011-12-31
CRAVEN,19,1,17,275,110,2,21,0,68,282,46,841,2011-12-31
CRAWLEY,5,31,4,536,207,2,40,0,45,628,122,1620,2011-12-31
CROYDON,4,104,19,1755,726,14,116,1,128,2257,417,5541,2011-12-31
DACORUM,25,29,24,777,333,2,61,1,83,796,137,2268,2011-12-31
DARLINGTON,12,13,10,532,210,6,20,0,29,524,84,1440,2011-12-31
DARTFORD,8,34,19,520,227,4,62,2,47,630,115,1668,2011-12-31
DAVENTRY,23,18,18,440,171,3,29,0,58,517,78,1355,2011-12-31
DENBIGHSHIRE,45,14,18,461,233,5,33,0,117,476,75,1477,2011-12-31
DERBYSHIRE DALES,37,9,10,355,161,3,24,0,129,392,76,1196,2011-12-31
DONCASTER,37,145,19,1743,576,16,73,0,146,1443,246,4444,2011-12-31
DOVER,7,14,15,649,274,2,34,0,64,622,111,1792,2011-12-31
DUDLEY,39,52,47,1371,510,6,95,0,126,1484,202,3932,2011-12-31
DURHAM,0,0,0,0,1,0,0,0,2,0,0,3,2011-12-31
EALING,7,91,10,1602,660,30,74,0,177,2276,386,5313,2011-12-31
EAST CAMBRIDGESHIRE,34,22,50,480,276,3,71,0,105,441,68,1550,2011-12-31
EAST DEVON,31,30,53,786,351,7,74,0,192,822,124,2470,2011-12-31
EAST DORSET,19,27,17,1203,247,1,20,0,55,552,84,2225,2011-12-31
EAST HAMPSHIRE,44,34,26,816,262,4,55,0,103,573,136,2053,2011-12-31
EAST HERTFORDSHIRE,21,29,23,774,323,5,51,0,121,859,220,2426,2011-12-31
EAST LINDSEY,50,29,30,642,283,5,57,0,134,723,121,2074,2011-12-31
EAST NORTHAMPTONSHIRE,21,11,19,448,178,2,48,0,63,483,101,1374,2011-12-31
EAST RIDING OF YORKSHIRE,94,50,82,1746,682,13,158,5,269,1875,251,5225,2011-12-31
EAST STAFFORDSHIRE,36,23,30,512,189,12,60,0,105,618,103,1688,2011-12-31
EASTBOURNE,4,50,10,629,273,15,33,0,38,816,157,2025,2011-12-31
EASTLEIGH,22,25,17,730,288,5,53,0,68,575,128,1911,2011-12-31
EDEN,34,7,13,296,110,1,11,0,73,330,51,926,2011-12-31
ELMBRIDGE,15,25,25,932,413,8,48,1,92,1026,245,2830,2011-12-31
ENFIELD,9,53,15,1458,578,4,101,0,107,2104,311,4740,2011-12-31
EPPING FOREST,17,34,13,752,275,5,52,0,105,928,139,2320,2011-12-31
EPSOM AND EWELL,2,10,11,398,179,2,52,0,44,451,82,1231,2011-12-31
EREWASH,10,10,17,612,237,4,49,0,61,592,99,1691,2011-12-31
EXETER,26,22,18,611,262,3,73,0,77,625,116,1833,2011-12-31
FAREHAM,20,46,25,788,270,9,65,1,58,504,137,1923,2011-12-31
FENLAND,29,27,18,467,215,1,14,0,116,606,103,1596,2011-12-31
FLINTSHIRE,55,22,28,694,272,9,57,0,144,654,103,2038,2011-12-31
FOREST HEATH,12,18,24,304,195,2,37,0,46,298,62,998,2011-12-31
FOREST OF DEAN,38,6,33,426,167,4,63,0,96,441,71,1345,2011-12-31
FYLDE,11,7,13,437,153,2,19,0,64,532,69,1307,2011-12-31
GATESHEAD,37,24,27,852,370,17,62,0,108,1011,198,2706,2011-12-31
GEDLING,11,10,13,575,240,5,46,3,63,620,106,1692,2011-12-31
GLOUCESTER,11,21,23,653,256,5,99,1,98,544,102,1813,2011-12-31
GOSPORT,22,19,10,418,163,2,25,0,39,508,66,1272,2011-12-31
GRAVESHAM,3,19,13,455,175,3,31,0,58,533,84,1374,2011-12-31
GREAT YARMOUTH,40,13,15,469,165,2,31,0,67,428,75,1305,2011-12-31
GREENWICH,6,127,16,1111,460,10,75,1,87,1680,439,4012,2011-12-31
GUILDFORD,19,49,14,856,402,5,41,0,111,1032,159,2688,2011-12-31
GWYNEDD,122,11,30,653,292,2,21,0,193,773,95,2192,2011-12-31
HACKNEY,2,106,13,927,533,14,107,0,112,2010,389,4213,2011-12-31
HALTON,10,8,11,486,225,9,30,0,63,637,113,1592,2011-12-31
HAMBLETON,39,10,23,453,204,1,35,0,84,577,96,1522,2011-12-31
HAMMERSMITH AND FULHAM,1,134,2,1282,568,6,149,0,123,2256,378,4899,2011-12-31
HARBOROUGH,16,5,30,487,202,5,75,0,50,454,110,1434,2011-12-31
HARINGEY,3,143,11,1104,519,4,98,0,88,2156,328,4454,2011-12-31
HARLOW,1,20,6,383,124,4,22,0,31,387,68,1046,2011-12-31
HARROGATE,253,17,28,940,361,4,28,0,181,949,156,2917,2011-12-31
HARROW,6,64,9,1022,443,5,61,1,100,1475,270,3456,2011-12-31
HART,21,18,18,577,217,5,42,0,56,483,145,1582,2011-12-31
HARTLEPOOL,9,20,18,367,158,8,17,0,28,350,60,1035,2011-12-31
HASTINGS,1,54,6,531,276,5,41,0,46,748,80,1788,2011-12-31
HAVANT,31,37,8,547,231,10,40,0,49,516,101,1570,2011-12-31
HAVERING,73,37,54,1146,435,4,45,0,75,1405,197,3471,2011-12-31
HEREFORDSHIRE,66,38,47,904,435,2,81,0,224,958,177,2932,2011-12-31
HERTSMERE,5,35,12,509,229,13,58,0,37,682,128,1708,2011-12-31
HIGH PEAK,45,6,15,504,220,2,22,0,96,509,87,1506,2011-12-31
HILLINGDON,13,113,21,1249,510,4,167,1,218,1960,340,4596,2011-12-31
HINCKLEY AND BOSWORTH,19,14,36,587,223,2,44,0,70,550,67,1612,2011-12-31
HORSHAM,27,25,18,793,305,10,55,0,146,789,173,2341,2011-12-31
HOUNSLOW,7,71,17,1116,497,2,93,0,106,1910,301,4120,2011-12-31
HUNTINGDONSHIRE,37,23,62,902,405,8,162,1,101,986,194,2881,2011-12-31
HYNDBURN,16,5,4,368,149,12,17,0,82,528,81,1262,2011-12-31
IPSWICH,19,18,7,571,281,20,33,2,59,693,142,1845,2011-12-31
ISLE OF ANGLESEY,37,9,17,288,112,7,12,0,85,372,58,997,2011-12-31
ISLE OF WIGHT,45,43,33,846,379,3,71,0,170,936,185,2711,2011-12-31
ISLES OF SCILLY,0,0,1,2,2,0,0,0,2,14,1,22,2011-12-31
ISLINGTON,2,154,6,1097,532,6,204,0,114,2300,389,4804,2011-12-31
KENSINGTON AND CHELSEA,8,171,7,1569,693,8,73,0,227,3260,680,6696,2011-12-31
KETTERING,14,8,17,568,228,5,44,0,52,514,76,1526,2011-12-31
KING'S LYNN AND WEST NORFOLK,69,18,50,798,341,8,93,0,179,782,113,2451,2011-12-31
KINGSTON UPON THAMES,2,28,5,952,449,3,49,0,49,1146,194,2877,2011-12-31
KIRKLEES,41,37,60,2050,772,30,149,1,375,2285,351,6151,2011-12-31
KNOWSLEY,27,25,27,572,201,9,41,0,70,737,136,1845,2011-12-31
LAMBETH,2,145,9,1657,652,10,161,0,115,2917,521,6189,2011-12-31
LANCASTER,52,15,6,607,285,10,29,2,131,1072,122,2331,2011-12-31
LEEDS,75,132,64,3351,1298,33,269,0,412,3893,652,10179,2011-12-31
LEICESTER,20,53,44,1041,475,13,118,0,122,1618,206,3710,2011-12-31
LEWES,13,26,28,573,255,2,60,0,76,631,121,1785,2011-12-31
LEWISHAM,1,155,10,1233,473,13,118,0,77,1947,364,4391,2011-12-31
LICHFIELD,19,21,23,600,3232,5,73,0,88,546,116,4723,2011-12-31
LINCOLN,30,20,14,435,216,4,35,0,71,610,74,1509,2011-12-31
LIVERPOOL,82,111,49,1696,880,17,142,1,285,2675,461,6399,2011-12-31
LUTON,8,43,3,849,439,6,22,0,44,1045,162,2621,2011-12-31
MAIDSTONE,10,33,42,875,386,7,115,0,122,999,208,2797,2011-12-31
MALDON,20,2,8,323,150,2,19,0,61,348,60,993,2011-12-31
MALVERN HILLS,36,18,42,381,175,1,30,0,76,321,70,1150,2011-12-31
MANCHESTER,11,195,47,1919,889,32,230,0,307,3373,729,7732,2011-12-31
MANSFIELD,19,17,14,482,180,6,52,0,49,566,94,1479,2011-12-31
MEDWAY,12,49,28,1401,518,15,117,1,117,1673,361,4292,2011-12-31
MELTON,19,8,10,243,101,2,16,0,42,221,37,699,2011-12-31
MENDIP,53,44,35,583,268,2,91,0,136,654,115,1981,2011-12-31
MERTHYR TYDFIL,16,6,14,233,106,5,20,0,46,234,27,707,2011-12-31
MERTON,1,50,16,1183,535,6,99,0,85,1518,258,3751,2011-12-31
MID DEVON,32,10,30,445,197,4,48,1,87,361,78,1293,2011-12-31
MID SUFFOLK,43,13,30,505,190,13,50,0,92,535,120,1591,2011-12-31
MID SUSSEX,7,35,35,855,363,2,98,0,127,984,229,2735,2011-12-31
MIDDLESBROUGH,5,13,16,564,213,7,37,0,49,663,110,1677,2011-12-31
MILTON KEYNES,24,102,56,1302,499,6,248,0,147,1597,346,4327,2011-12-31
MOLE VALLEY,20,12,10,539,251,9,34,0,85,641,128,1729,2011-12-31
MONMOUTHSHIRE,59,10,34,481,201,3,35,0,99,456,88,1466,2011-12-31
NEATH PORT TALBOT,25,18,31,613,210,4,74,1,176,707,115,1974,2011-12-31
NEW FOREST,51,58,23,1324,438,9,58,0,135,1025,222,3343,2011-12-31
NEWARK AND SHERWOOD,35,26,17,550,240,5,51,0,109,698,120,1851,2011-12-31
NEWCASTLE UPON TYNE,23,46,43,1100,595,20,118,0,148,1692,270,4055,2011-12-31
NEWCASTLE-UNDER-LYME,24,12,16,558,230,6,42,0,64,528,82,1562,2011-12-31
NEWHAM,2,44,23,820,375,15,152,0,112,2245,415,4203,2011-12-31
NEWPORT,22,64,19,714,320,11,124,0,142,994,162,2572,2011-12-31
NORTH DEVON,55,15,18,523,240,5,22,0,126,583,78,1665,2011-12-31
NORTH DORSET,26,13,23,398,152,10,52,0,99,400,65,1238,2011-12-31
NORTH EAST DERBYSHIRE,31,14,18,512,195,2,34,0,54,407,62,1329,2011-12-31
NORTH EAST LINCOLNSHIRE,18,44,28,946,334,14,54,0,112,891,110,2551,2011-12-31
NORTH HERTFORDSHIRE,23,42,8,685,263,2,61,1,81,629,129,1924,2011-12-31
NORTH KESTEVEN,45,21,19,543,222,3,60,0,86,507,93,1599,2011-12-31
NORTH LINCOLNSHIRE,52,45,40,753,310,17,69,0,101,924,126,2437,2011-12-31
NORTH NORFOLK,69,32,35,549,265,4,66,0,130,480,78,1708,2011-12-31
NORTH SOMERSET,54,103,30,1255,597,4,115,0,220,1137,218,3733,2011-12-31
NORTH TYNESIDE,22,34,38,1026,463,10,66,0,84,1039,195,2977,2011-12-31
NORTH WARWICKSHIRE,18,11,12,337,132,7,18,0,60,368,38,1001,2011-12-31
NORTH WEST LEICESTERSHIRE,20,15,18,509,242,8,66,0,75,622,87,1662,2011-12-31
NORTHAMPTON,16,28,21,974,431,9,68,2,113,1226,204,3092,2011-12-31
NORTHUMBERLAND,85,35,68,1530,606,9,108,1,232,1597,295,4566,2011-12-31
NORWICH,10,21,17,651,291,8,19,0,91,712,128,1948,2011-12-31
NUNEATON AND BEDWORTH,10,19,5,584,213,4,47,0,41,556,102,1581,2011-12-31
OADBY AND WIGSTON,10,6,5,222,97,4,8,0,26,267,51,696,2011-12-31
OLDHAM,24,18,102,953,443,11,40,0,148,1386,211,3336,2011-12-31
OXFORD,16,29,12,656,245,4,37,0,97,940,115,2151,2011-12-31
PEMBROKESHIRE,69,16,38,535,196,8,50,0,163,596,94,1765,2011-12-31
PENDLE,26,8,9,387,201,6,13,0,83,522,103,1358,2011-12-31
POOLE,14,74,8,1011,369,6,40,1,59,930,204,2716,2011-12-31
PORTSMOUTH,37,42,17,1177,416,14,40,0,81,1127,179,3130,2011-12-31
POWYS,102,10,52,603,277,6,34,0,177,744,110,2115,2011-12-31
PRESTON,15,15,9,642,266,4,65,0,120,813,128,2077,2011-12-31
PURBECK,18,19,4,579,146,3,29,0,52,294,40,1184,2011-12-31
READING,18,35,11,793,351,7,95,0,97,999,158,2564,2011-12-31
REDBRIDGE,29,61,5,1171,481,53,42,0,91,1949,233,4115,2011-12-31
REDCAR AND CLEVELAND,16,6,16,635,225,7,21,0,67,596,105,1694,2011-12-31
REDDITCH,12,12,8,433,156,4,10,0,34,375,65,1109,2011-12-31
REIGATE AND BANSTEAD,2,27,16,890,470,4,64,0,82,1000,224,2779,2011-12-31
RHONDDA CYNON TAFF,140,24,43,1193,428,19,76,0,200,1319,159,3601,2011-12-31
RIBBLE VALLEY,27,12,8,300,114,1,24,0,66,301,40,893,2011-12-31
RICHMOND UPON THAMES,6,60,11,1275,560,8,59,0,77,1453,260,3769,2011-12-31
RICHMONDSHIRE,29,2,15,228,105,0,22,0,69,314,47,831,2011-12-31
ROCHDALE,29,26,28,848,457,13,104,0,112,1058,182,2857,2011-12-31
ROCHFORD,15,9,10,440,177,1,28,0,57,390,67,1194,2011-12-31
ROSSENDALE,15,6,22,336,157,9,22,0,85,489,78,1219,2011-12-31
ROTHER,18,31,25,575,271,2,33,0,80,715,130,1880,2011-12-31
ROTHERHAM,31,110,24,1585,456,11,101,0,128,1151,185,3782,2011-12-31
RUGBY,11,14,23,517,196,13,26,0,51,539,118,1508,2011-12-31
RUNNYMEDE,11,9,6,506,262,4,30,0,51,507,101,1487,2011-12-31
RUSHCLIFFE,11,9,14,586,219,9,46,0,77,554,98,1623,2011-12-31
RUSHMOOR,14,35,8,492,181,5,21,0,41,480,97,1374,2011-12-31
RUTLAND,8,13,1,164,94,0,9,0,35,173,42,539,2011-12-31
RYEDALE,31,10,19,294,89,0,26,1,66,329,43,908,2011-12-31
SALFORD,25,186,10,1110,542,28,81,0,135,1506,336,3959,2011-12-31
SANDWELL,20,54,71,1184,467,19,109,0,147,1627,262,3960,2011-12-31
SCARBOROUGH,62,20,15,537,234,6,29,0,169,595,116,1783,2011-12-31
SEDGEMOOR,48,20,48,621,298,6,108,1,118,664,125,2057,2011-12-31
SEFTON,48,37,22,1339,518,15,132,0,138,1495,217,3961,2011-12-31
SELBY,42,18,23,474,201,3,61,0,68,429,80,1399,2011-12-31
SEVENOAKS,8,17,12,701,253,1,47,1,127,775,166,2108,2011-12-31
SHEFFIELD,53,89,79,2710,1146,25,137,0,331,2725,469,7764,2011-12-31
SHEPWAY,4,21,10,618,278,12,33,0,100,787,132,1995,2011-12-31
SHROPSHIRE,132,29,102,1388,626,1,143,0,338,1578,278,4615,2011-12-31
SLOUGH,17,28,8,538,206,2,43,1,74,842,179,1938,2011-12-31
SOLIHULL,20,37,38,1059,434,11,68,0,88,1057,174,2986,2011-12-31
SOUTH BUCKS,19,10,18,397,195,5,27,0,58,462,98,1289,2011-12-31
SOUTH CAMBRIDGESHIRE,32,32,83,815,411,2,145,0,120,783,138,2561,2011-12-31
SOUTH DERBYSHIRE,17,22,41,558,227,4,67,0,95,542,93,1666,2011-12-31
SOUTH GLOUCESTERSHIRE,71,76,47,1431,627,14,223,0,180,1286,271,4226,2011-12-31
SOUTH HAMS,33,21,31,628,263,3,42,0,101,600,120,1842,2011-12-31
SOUTH HOLLAND,30,17,24,421,195,8,34,0,90,437,73,1329,2011-12-31
SOUTH KESTEVEN,48,33,57,765,284,7,75,0,88,722,128,2207,2011-12-31
SOUTH LAKELAND,53,16,32,564,265,3,47,0,154,684,127,1945,2011-12-31
SOUTH NORFOLK,42,27,73,698,265,4,75,0,117,682,131,2114,2011-12-31
SOUTH NORTHAMPTONSHIRE,19,18,31,485,176,3,64,0,56,539,90,1481,2011-12-31
SOUTH OXFORDSHIRE,32,20,54,1071,330,8,45,0,156,886,161,2763,2011-12-31
SOUTH RIBBLE,26,11,5,544,231,5,27,0,87,448,70,1454,2011-12-31
SOUTH SOMERSET,78,27,57,829,366,7,88,0,170,787,177,2586,2011-12-31
SOUTH STAFFORDSHIRE,41,9,22,437,176,1,37,0,82,426,76,1307,2011-12-31
SOUTH TYNESIDE,6,18,19,626,216,5,25,3,34,639,100,1691,2011-12-31
SOUTHAMPTON,42,80,22,1111,460,7,63,0,96,1176,308,3365,2011-12-31
SOUTHEND-ON-SEA,22,50,7,1156,448,8,50,0,58,1153,169,3121,2011-12-31
SOUTHWARK,11,146,16,1442,561,9,165,0,184,2459,628,5621,2011-12-31
SPELTHORNE,3,16,4,557,269,2,48,0,65,607,112,1683,2011-12-31
ST ALBANS,18,35,27,855,352,4,99,0,108,975,173,2646,2011-12-31
ST EDMUNDSBURY,28,20,22,573,225,0,35,0,76,499,103,1581,2011-12-31
ST HELENS,27,23,163,803,375,11,57,0,121,1073,181,2834,2011-12-31
STAFFORD,27,6,32,587,269,8,46,0,116,581,93,1765,2011-12-31
STAFFORDSHIRE MOORLANDS,43,11,20,430,202,3,21,0,83,451,91,1355,2011-12-31
STEVENAGE,3,18,17,443,140,5,30,0,24,323,76,1079,2011-12-31
STOCKPORT,32,25,12,1406,597,7,45,0,196,1617,265,4202,2011-12-31
STOCKTON-ON-TEES,19,18,23,981,393,14,108,0,96,1054,179,2885,2011-12-31
STOKE-ON-TRENT,30,27,14,1127,459,9,46,0,123,1133,226,3194,2011-12-31
STRATFORD-ON-AVON,39,16,33,631,279,9,46,0,118,689,131,1991,2011-12-31
STROUD,37,16,37,702,252,2,40,0,115,645,129,1975,2011-12-31
SUFFOLK COASTAL,55,12,44,649,277,4,41,0,134,741,140,2097,2011-12-31
SUNDERLAND,15,18,19,1140,472,21,49,1,104,1302,205,3346,2011-12-31
SURREY HEATH,5,14,9,578,243,2,37,0,55,559,101,1603,2011-12-31
SUTTON,2,70,15,1071,418,3,90,0,51,1192,184,3096,2011-12-31
SWALE,5,19,17,677,306,9,85,0,82,971,170,2341,2011-12-31
SWANSEA,52,35,50,1104,431,10,104,0,169,1098,155,3208,2011-12-31
SWINDON,209,55,52,1083,437,10,129,0,101,948,189,3213,2011-12-31
TAMESIDE,26,16,19,998,378,11,52,0,151,1280,206,3137,2011-12-31
TAMWORTH,3,10,16,384,132,4,11,0,33,383,71,1047,2011-12-31
TANDRIDGE,5,19,95,535,223,4,34,0,63,694,135,1807,2011-12-31
TAUNTON DEANE,28,19,26,690,284,6,84,0,89,590,127,1943,2011-12-31
TEIGNBRIDGE,32,37,32,756,304,4,75,0,135,765,125,2265,2011-12-31
TENDRING,51,20,21,746,301,7,30,0,165,713,135,2189,2011-12-31
TEST VALLEY,52,33,30,687,232,12,68,0,142,654,144,2054,2011-12-31
TEWKESBURY,27,10,26,455,212,3,57,0,87,477,86,1440,2011-12-31
THANET,6,42,12,747,379,4,38,0,48,976,164,2416,2011-12-31
THE VALE OF GLAMORGAN,29,19,20,707,278,1,40,0,86,702,109,1991,2011-12-31
THREE RIVERS,11,13,9,448,191,15,33,0,50,521,90,1381,2011-12-31
THURROCK,27,24,6,870,313,6,69,0,60,977,177,2529,2011-12-31
TONBRIDGE AND MALLING,9,18,23,612,281,12,61,0,108,713,154,1991,2011-12-31
TORBAY,22,24,11,766,333,6,57,0,52,713,120,2104,2011-12-31
TORFAEN,15,16,18,390,170,5,30,0,61,362,80,1147,2011-12-31
TORRIDGE,31,14,42,424,183,2,55,0,95,364,71,1281,2011-12-31
TOWER HAMLETS,5,244,6,1277,642,15,215,2,150,2679,627,5862,2011-12-31
TRAFFORD,84,23,26,1230,526,7,97,0,132,1368,249,3742,2011-12-31
TUNBRIDGE WELLS,8,30,23,725,295,1,54,0,93,750,164,2143,2011-12-31
UTTLESFORD,20,12,68,472,231,3,77,0,113,559,82,1637,2011-12-31
VALE OF WHITE HORSE,10,26,18,4279,267,7,61,0,89,752,128,5637,2011-12-31
WAKEFIELD,41,84,56,1505,571,18,111,0,173,1501,244,4304,2011-12-31
WALSALL,20,32,51,1033,451,8,98,0,144,1151,208,3196,2011-12-31
WALTHAM FOREST,22,63,5,1107,447,6,47,0,70,1776,200,3743,2011-12-31
WANDSWORTH,3,201,17,2165,997,10,167,0,162,2979,556,7257,2011-12-31
WANSBECK,0,0,0,0,3,0,0,0,0,0,0,3,2011-12-31
WARRINGTON,28,35,41,1088,467,12,118,0,118,1160,207,3274,2011-12-31
WARWICK,18,35,14,799,340,6,38,1,79,807,162,2299,2011-12-31
WATFORD,13,39,5,525,200,4,65,0,35,550,105,1541,2011-12-31
WAVENEY,37,21,26,591,237,3,34,0,65,538,87,1639,2011-12-31
WAVERLEY,5,17,16,786,385,5,24,0,107,879,147,2371,2011-12-31
WEALDEN,28,50,67,965,390,5,131,0,185,1118,207,3146,2011-12-31
WELLINGBOROUGH,10,7,9,326,149,8,18,0,54,382,61,1024,2011-12-31
WELWYN HATFIELD,16,16,13,555,201,7,47,0,76,618,101,1650,2011-12-31
WEST BERKSHIRE,13,31,30,958,432,8,42,0,154,982,199,2849,2011-12-31
WEST DEVON,27,11,37,334,149,0,39,1,115,385,79,1177,2011-12-31
WEST DORSET,49,22,26,618,231,3,61,0,157,707,118,1992,2011-12-31
WEST LANCASHIRE,28,6,6,492,250,8,37,0,123,649,111,1710,2011-12-31
WEST LINDSEY,47,15,16,477,244,2,54,0,80,503,82,1520,2011-12-31
WEST OXFORDSHIRE,36,9,14,895,251,6,64,0,127,741,137,2280,2011-12-31
WEST SOMERSET,22,9,10,191,123,0,8,0,46,251,46,706,2011-12-31
WEYMOUTH AND PORTLAND,25,13,5,680,138,3,14,0,37,416,50,1381,2011-12-31
WIGAN,57,26,41,1374,589,21,102,0,221,1660,335,4426,2011-12-31
WILTSHIRE,246,135,131,2723,988,27,337,1,398,2332,516,7834,2011-12-31
WINCHESTER,49,27,25,829,275,7,55,1,114,749,153,2284,2011-12-31
WINDSOR AND MAIDENHEAD,23,30,25,921,359,4,44,0,152,1079,188,2825,2011-12-31
WIRRAL,64,42,22,1599,624,23,41,0,138,1543,203,4299,2011-12-31
WOKING,4,23,6,596,312,1,63,0,46,631,152,1834,2011-12-31
WOKINGHAM,10,39,17,978,399,4,66,0,106,942,135,2696,2011-12-31
WOLVERHAMPTON,36,18,32,858,354,8,61,0,144,1215,121,2847,2011-12-31
WORCESTER,14,44,9,530,220,3,40,0,84,463,83,1490,2011-12-31
WREKIN,25,31,39,730,322,10,85,0,120,869,188,2419,2011-12-31
WORTHING,5,40,5,702,255,4,26,0,50,684,141,1912,2011-12-31
WREXHAM,31,19,24,522,187,7,33,0,91,523,94,1531,2011-12-31
WYCHAVON,71,17,21,676,238,2,37,0,168,771,111,2112,2011-12-31
WYCOMBE,64,55,35,891,627,8,88,0,124,964,159,3015,2011-12-31
WYRE,42,9,6,484,227,1,19,0,107,687,71,1653,2011-12-31
WYRE FOREST,43,17,18,446,154,2,41,0,77,400,65,1263,2011-12-31
YORK,49,33,21,1012,408,6,63,0,139,874,136,2741,2011-12-31
25/01/2012 11:16:02,,,,,,,,,,,,,2011-12-31
